sale_date,store_id,sales_channel,total_transactions,total_units_sold,total_revenue,total_gross_profit,avg_order_value
2026-01-01,STR-100,In-Store,1,4,58608.62,22248.94,58608.62
2026-01-01,STR-102,Online,1,5,57379.57,13259.97,57379.57
2026-01-01,STR-104,Mobile App,1,3,21928.89,6661.83,21928.89
2026-01-01,STR-106,In-Store,1,1,1860.93,713.69,1860.93
2026-01-01,STR-107,In-Store,2,10,114515.72,37490.72,57257.86
2026-01-01,STR-108,Online,1,4,92496.98,30469.18,92496.98
2026-01-01,STR-109,Mobile App,1,5,98847.82,14686.37,98847.82
2026-01-01,STR-111,In-Store,1,4,82760.45,20732.65,82760.45
2026-01-01,STR-111,Online,1,1,9459.87,2222.03,9459.87
2026-01-01,STR-113,Mobile App,1,5,107782.56,32644.11,107782.56
2026-01-01,STR-113,Online,1,5,34682.15,10943.8,34682.15
2026-01-01,STR-114,In-Store,1,1,13656.37,3605.6,13656.37
2026-01-02,STR-102,Mobile App,1,2,3655.65,1259.15,3655.65
2026-01-02,STR-103,Mobile App,1,2,18354.49,7010.33,18354.49
2026-01-02,STR-103,Online,2,5,75382.0,14958.16,37691.0
2026-01-02,STR-104,Mobile App,1,4,10342.85,1939.33,10342.85
2026-01-02,STR-106,Mobile App,1,4,41098.84,12145.2,41098.84
2026-01-02,STR-107,Mobile App,1,5,29447.24,8106.84,29447.24
2026-01-02,STR-107,Online,1,1,14433.76,1600.26,14433.76
2026-01-02,STR-108,In-Store,1,2,23308.31,3664.31,23308.31
2026-01-02,STR-108,Online,1,2,28166.58,6046.74,28166.58
2026-01-02,STR-109,Mobile App,1,1,19260.73,4706.95,19260.73
2026-01-02,STR-110,Online,2,5,35809.16,7115.66,17904.58
2026-01-02,STR-113,Online,1,1,22174.12,3776.42,22174.12
2026-01-02,STR-114,Mobile App,1,3,5754.66,1427.49,5754.66
2026-01-03,STR-100,Online,1,5,92716.4,27291.9,92716.4
2026-01-03,STR-103,Online,1,3,26200.51,4485.28,26200.51
2026-01-03,STR-104,Mobile App,1,5,48896.55,13576.9,48896.55
2026-01-03,STR-105,Mobile App,1,1,6643.49,1394.01,6643.49
2026-01-03,STR-106,In-Store,1,1,5591.06,1350.77,5591.06
2026-01-03,STR-107,Mobile App,3,8,65566.01,9866.11,21855.34
2026-01-03,STR-107,Online,1,4,55272.74,3879.06,55272.74
2026-01-03,STR-108,Online,1,4,7741.37,2948.37,7741.37
2026-01-03,STR-110,Online,1,1,23951.68,8923.99,23951.68
2026-01-03,STR-113,Mobile App,1,4,93033.24,25704.08,93033.24
2026-01-03,STR-114,In-Store,1,4,32533.92,9638.2,32533.92
2026-01-04,STR-100,Online,1,2,12651.91,3632.53,12651.91
2026-01-04,STR-101,Mobile App,1,1,5895.97,1148.3,5895.97
2026-01-04,STR-102,In-Store,1,1,23951.68,8923.99,23951.68
2026-01-04,STR-103,In-Store,1,1,15545.46,2697.04,15545.46
2026-01-04,STR-107,Mobile App,1,2,9133.7,1543.34,9133.7
2026-01-04,STR-110,In-Store,1,5,33294.5,10746.05,33294.5
2026-01-04,STR-110,Mobile App,1,1,5549.14,801.47,5549.14
2026-01-04,STR-110,Online,1,3,9211.6,2908.96,9211.6
2026-01-04,STR-112,Mobile App,1,2,20102.23,5626.55,20102.23
2026-01-04,STR-112,Online,1,1,16896.59,2814.07,16896.59
2026-01-04,STR-113,In-Store,1,2,21859.63,7731.77,21859.63
2026-01-04,STR-114,Online,1,3,5858.15,1925.36,5858.15
2026-01-05,STR-101,In-Store,1,4,32879.07,3925.43,32879.07
2026-01-05,STR-101,Online,1,1,10702.04,1588.57,10702.04
2026-01-05,STR-103,Mobile App,1,1,5889.45,1621.37,5889.45
2026-01-05,STR-108,Online,1,5,81707.55,23780.9,81707.55
2026-01-05,STR-109,Mobile App,1,1,2908.93,808.05,2908.93
2026-01-05,STR-110,Online,1,5,77407.16,19480.51,77407.16
2026-01-05,STR-111,Mobile App,1,2,33793.18,5628.14,33793.18
2026-01-05,STR-112,In-Store,1,1,13710.77,3888.77,13710.77
2026-01-05,STR-112,Online,1,4,8058.62,1611.54,8058.62
2026-01-05,STR-113,Mobile App,1,3,40274.2,15588.19,40274.2
2026-01-05,STR-113,Online,1,2,3452.8,568.02,3452.8
2026-01-05,STR-114,Mobile App,1,1,9568.8,3844.87,9568.8
2026-01-06,STR-100,Mobile App,1,3,68262.29,23179.22,68262.29
2026-01-06,STR-101,Online,1,1,9568.8,3844.87,9568.8
2026-01-06,STR-103,In-Store,1,1,10477.07,2435.27,10477.07
2026-01-06,STR-104,Online,1,5,63488.24,5382.34,63488.24
2026-01-06,STR-105,Mobile App,1,2,16439.54,1962.72,16439.54
2026-01-06,STR-107,Online,1,3,59337.68,16098.65,59337.68
2026-01-06,STR-108,Mobile App,1,5,44499.28,7991.83,44499.28
2026-01-06,STR-109,Online,1,4,69004.22,17882.3,69004.22
2026-01-06,STR-113,Mobile App,1,4,54625.46,14422.38,54625.46
2026-01-07,STR-100,Online,1,2,19320.52,7976.36,19320.52
2026-01-07,STR-104,In-Store,2,3,43679.36,12446.32,21839.68
2026-01-07,STR-106,Mobile App,1,1,19260.73,4706.95,19260.73
2026-01-07,STR-108,Mobile App,1,3,33994.7,6654.29,33994.7
2026-01-07,STR-109,Online,1,5,39815.15,3307.7,39815.15
2026-01-07,STR-110,Online,1,5,62953.15,17385.8,62953.15
2026-01-07,STR-112,Online,1,3,49521.58,4013.68,49521.58
2026-01-07,STR-113,In-Store,1,4,7443.72,2854.76,7443.72
2026-01-07,STR-113,Mobile App,2,6,71183.89,20640.81,35591.94
2026-01-07,STR-113,Online,2,6,55974.68,6131.15,27987.34
2026-01-07,STR-114,In-Store,1,1,14652.15,5562.23,14652.15
2026-01-08,STR-101,Online,1,2,28166.58,6046.74,28166.58
2026-01-08,STR-107,Mobile App,1,3,8605.95,2195.16,8605.95
2026-01-08,STR-109,Mobile App,2,7,78786.6,16534.2,39393.3
2026-01-08,STR-112,Online,1,3,60823.35,17162.01,60823.35
2026-01-09,STR-100,In-Store,1,3,14849.24,6002.24,14849.24
2026-01-09,STR-102,Mobile App,1,4,70155.57,9478.37,70155.57
2026-01-09,STR-103,Mobile App,1,2,13278.78,4798.2,13278.78
2026-01-09,STR-103,Online,1,5,86166.41,13397.51,86166.41
2026-01-09,STR-104,Online,1,3,41132.31,11666.31,41132.31
2026-01-09,STR-105,In-Store,1,3,49968.58,6729.55,49968.58
2026-01-09,STR-105,Mobile App,1,2,38946.1,7932.2,38946.1
2026-01-09,STR-106,In-Store,1,4,8270.8,3681.84,8270.8
2026-01-09,STR-106,Online,1,4,6577.57,1333.85,6577.57
2026-01-09,STR-110,In-Store,2,7,7004.28,2231.61,3502.14
2026-01-09,STR-113,Mobile App,1,4,4224.8,1497.56,4224.8
2026-01-09,STR-114,Online,1,5,48301.3,19940.9,48301.3
2026-01-10,STR-100,In-Store,1,1,2725.22,588.29,2725.22
2026-01-10,STR-103,In-Store,2,8,41563.15,12427.75,20781.58
2026-01-10,STR-104,Online,2,10,91986.04,22044.29,45993.02
2026-01-10,STR-107,In-Store,1,3,68262.29,23179.22,68262.29
2026-01-10,STR-108,In-Store,1,2,37448.55,4789.75,37448.55
2026-01-10,STR-113,In-Store,1,4,50362.52,13908.64,50362.52
2026-01-10,STR-114,In-Store,1,2,40717.86,10662.48,40717.86
2026-01-11,STR-101,Online,1,2,18408.11,4280.25,18408.11
2026-01-11,STR-102,Mobile App,1,3,32905.85,3439.85,32905.85
2026-01-11,STR-102,Online,1,2,15310.08,3862.22,15310.08
2026-01-11,STR-103,Mobile App,1,5,37473.08,965.63,37473.08
2026-01-11,STR-103,Online,1,3,6043.97,1208.66,6043.97
2026-01-11,STR-104,Mobile App,2,4,73509.2,27278.89,36754.6
2026-01-11,STR-107,In-Store,2,5,37984.66,7315.71,18992.33
2026-01-11,STR-107,Mobile App,2,6,13028.2,2379.36,6514.1
2026-01-11,STR-107,Online,1,4,72988.02,14772.9,72988.02
2026-01-11,STR-108,Online,1,5,74173.12,8748.62,74173.12
2026-01-11,STR-111,In-Store,1,3,33700.79,11987.27,33700.79
2026-01-11,STR-112,Online,1,4,4447.16,1719.92,4447.16
2026-01-11,STR-113,In-Store,1,3,54097.06,9883.42,54097.06
2026-01-11,STR-114,In-Store,1,5,14343.25,3658.6,14343.25
2026-01-11,STR-114,Online,1,2,4029.31,805.77,4029.31
2026-01-12,STR-100,Mobile App,1,3,57284.26,3476.71,57284.26
2026-01-12,STR-100,Online,1,3,6203.1,2761.38,6203.1
2026-01-12,STR-101,Mobile App,1,2,33447.81,11327.97,33447.81
2026-01-12,STR-101,Online,1,4,42808.14,6354.26,42808.14
2026-01-12,STR-102,In-Store,1,3,63362.22,21114.66,63362.22
2026-01-12,STR-103,In-Store,1,3,50066.86,10812.16,50066.86
2026-01-12,STR-104,Online,2,2,10660.87,4306.98,5330.44
2026-01-12,STR-109,Mobile App,1,3,18639.56,3372.5,18639.56
2026-01-12,STR-110,In-Store,1,2,28436.65,11754.51,28436.65
2026-01-12,STR-113,In-Store,1,5,54843.08,5733.08,54843.08
2026-01-13,STR-105,Mobile App,1,5,88114.24,6467.24,88114.24
2026-01-13,STR-106,In-Store,2,4,77102.5,10461.45,38551.25
2026-01-13,STR-106,Online,2,7,27822.73,8330.08,13911.36
2026-01-13,STR-107,Online,1,2,4029.31,805.77,4029.31
2026-01-13,STR-108,In-Store,2,7,86925.58,11975.75,43462.79
2026-01-13,STR-109,In-Store,1,5,9304.65,3568.45,9304.65
2026-01-13,STR-110,Online,1,4,37473.08,8267.12,37473.08
2026-01-13,STR-111,Online,1,1,15423.32,6333.4,15423.32
2026-01-13,STR-113,Mobile App,1,2,23922.2,5695.26,23922.2
2026-01-13,STR-114,In-Store,1,3,35883.3,8542.89,35883.3
2026-01-13,STR-114,Mobile App,1,2,15310.08,3862.22,15310.08
2026-01-14,STR-101,In-Store,1,1,11505.07,4441.14,11505.07
2026-01-14,STR-101,Online,1,5,73409.1,9167.0,73409.1
2026-01-14,STR-103,Online,1,1,5895.97,1148.3,5895.97
2026-01-14,STR-104,Mobile App,1,4,79078.25,11749.09,79078.25
2026-01-14,STR-104,Online,1,1,2042.86,844.61,2042.86
2026-01-14,STR-105,Mobile App,2,9,84184.5,17376.58,42092.25
2026-01-14,STR-107,Online,1,3,41283.82,6527.83,41283.82
2026-01-14,STR-108,In-Store,2,7,117766.41,28798.92,58883.2
2026-01-14,STR-110,Online,1,3,28991.78,2520.02,28991.78
2026-01-14,STR-111,Mobile App,1,4,7399.76,2156.04,7399.76
2026-01-14,STR-112,In-Store,1,1,16588.32,2991.69,16588.32
2026-01-14,STR-114,In-Store,1,3,52529.69,11739.8,52529.69
2026-01-15,STR-100,Mobile App,1,2,11778.9,3242.74,11778.9
2026-01-15,STR-100,Online,1,1,17952.63,3870.11,17952.63
2026-01-15,STR-104,Mobile App,2,8,126541.4,28866.08,63270.7
2026-01-15,STR-106,In-Store,1,4,65170.66,14048.74,65170.66
2026-01-15,STR-107,Mobile App,1,2,39558.46,10732.44,39558.46
2026-01-15,STR-108,In-Store,1,3,16738.43,3934.19,16738.43
2026-01-15,STR-111,In-Store,1,4,46020.28,17764.56,46020.28
2026-01-15,STR-112,Mobile App,1,5,96303.64,23534.74,96303.64
2026-01-15,STR-113,Mobile App,1,4,81152.7,9409.3,81152.7
2026-01-16,STR-100,In-Store,1,1,22540.44,7802.56,22540.44
2026-01-16,STR-103,In-Store,1,5,31213.94,7475.59,31213.94
2026-01-16,STR-103,Online,2,2,19456.97,3723.41,9728.48
2026-01-16,STR-105,Mobile App,1,2,27421.54,7777.54,27421.54
2026-01-16,STR-105,Online,1,1,21907.18,6400.23,21907.18
2026-01-16,STR-110,In-Store,2,6,44086.41,10725.85,22043.2
2026-01-16,STR-112,Online,1,2,46812.03,10016.63,46812.03
2026-01-16,STR-113,In-Store,1,1,11331.57,2218.1,11331.57
2026-01-16,STR-113,Online,1,2,6464.28,2262.52,6464.28
2026-01-16,STR-114,Mobile App,1,3,42854.56,7991.02,42854.56
2026-01-17,STR-101,Mobile App,1,2,5831.55,1025.51,5831.55
2026-01-17,STR-101,Online,1,4,52385.36,20218.16,52385.36
2026-01-17,STR-102,Online,1,4,57735.04,6401.04,57735.04
2026-01-17,STR-103,Mobile App,1,4,88381.58,21052.42,88381.58
2026-01-17,STR-104,Mobile App,2,7,76255.75,14276.54,38127.88
2026-01-17,STR-104,Online,1,4,93624.06,20033.26,93624.06
2026-01-17,STR-107,Mobile App,1,3,6166.47,2233.68,6166.47
2026-01-17,STR-109,In-Store,1,5,41056.1,12695.7,41056.1
2026-01-17,STR-109,Online,1,1,8431.44,1129.95,8431.44
2026-01-17,STR-111,In-Store,1,3,17687.9,3444.89,17687.9
2026-01-17,STR-112,In-Store,1,2,32475.96,6808.96,32475.96
2026-01-17,STR-113,Mobile App,1,4,62667.0,8280.48,62667.0
2026-01-18,STR-100,Mobile App,1,2,41380.23,10366.33,41380.23
2026-01-18,STR-101,Mobile App,2,3,48188.12,7798.75,24094.06
2026-01-18,STR-102,In-Store,1,3,38693.04,8540.73,38693.04
2026-01-18,STR-102,Mobile App,2,6,57599.07,12125.35,28799.54
2026-01-18,STR-103,Mobile App,1,2,35232.23,9062.43,35232.23
2026-01-18,STR-104,In-Store,2,9,50848.98,19031.66,25424.49
2026-01-18,STR-104,Online,1,1,17952.63,3870.11,17952.63
2026-01-18,STR-107,In-Store,1,3,18598.26,5794.02,18598.26
2026-01-18,STR-109,Mobile App,1,5,38275.2,9655.55,38275.2
2026-01-18,STR-111,Mobile App,1,2,35394.41,6568.39,35394.41
2026-01-18,STR-111,Online,1,1,16409.09,3560.67,16409.09
2026-01-18,STR-112,Online,1,1,2908.93,808.05,2908.93
2026-01-18,STR-113,In-Store,1,5,8152.44,940.49,8152.44
2026-01-19,STR-101,In-Store,1,2,16422.44,5078.28,16422.44
2026-01-19,STR-101,Mobile App,1,2,26050.46,6406.46,26050.46
2026-01-19,STR-103,Mobile App,1,5,7672.88,460.93,7672.88
2026-01-19,STR-103,Online,1,3,49968.58,6729.55,49968.58
2026-01-19,STR-105,In-Store,1,4,67586.37,11256.29,67586.37
2026-01-19,STR-106,In-Store,1,3,44899.98,19876.77,44899.98
2026-01-19,STR-108,In-Store,1,1,7309.63,2220.61,7309.63
2026-01-19,STR-109,In-Store,1,1,1654.16,506.92,1654.16
2026-01-19,STR-110,In-Store,1,3,10934.16,3725.1,10934.16
2026-01-19,STR-110,Mobile App,1,5,86166.41,13397.51,86166.41
2026-01-19,STR-111,In-Store,1,4,13849.94,4237.86,13849.94
2026-01-19,STR-111,Mobile App,1,1,1860.93,713.69,1860.93
2026-01-19,STR-114,Mobile App,1,3,6362.07,1526.76,6362.07
2026-01-20,STR-100,Mobile App,1,3,53857.89,11610.33,53857.89
2026-01-20,STR-102,Online,1,4,41418.25,13162.53,41418.25
2026-01-20,STR-103,Mobile App,1,3,40473.75,5610.21,40473.75
2026-01-20,STR-104,Mobile App,1,2,8857.44,2959.44,8857.44
2026-01-20,STR-104,Online,1,5,9139.12,3147.87,9139.12
2026-01-20,STR-105,In-Store,1,4,59665.48,26750.8,59665.48
2026-01-20,STR-105,Mobile App,2,5,62939.89,13539.12,31469.94
2026-01-20,STR-108,Mobile App,1,3,15630.78,6783.78,15630.78
2026-01-20,STR-112,In-Store,2,4,30802.7,10035.79,15401.35
2026-01-21,STR-100,In-Store,1,3,16773.19,4052.32,16773.19
2026-01-21,STR-101,In-Store,1,4,47844.39,11390.51,47844.39
2026-01-21,STR-102,Online,1,1,15481.43,3896.1,15481.43
2026-01-21,STR-103,In-Store,1,4,56333.15,12093.47,56333.15
2026-01-21,STR-103,Mobile App,1,1,2438.35,301.42,2438.35
2026-01-21,STR-103,Online,1,2,3393.1,169.56,3393.1
2026-01-21,STR-107,Mobile App,1,1,20274.45,5720.67,20274.45
2026-01-21,STR-107,Online,1,1,14284.85,2663.67,14284.85
2026-01-21,STR-108,In-Store,1,2,39420.66,2625.26,39420.66
2026-01-21,STR-108,Mobile App,1,4,7741.37,2948.37,7741.37
2026-01-21,STR-109,In-Store,1,1,12697.65,1076.47,12697.65
2026-01-21,STR-111,Mobile App,1,2,27761.98,9582.14,27761.98
2026-01-21,STR-113,Mobile App,1,2,26849.47,10392.13,26849.47
2026-01-21,STR-114,Mobile App,1,2,4876.7,602.84,4876.7
2026-01-22,STR-100,In-Store,2,4,73487.49,22035.44,36743.75
2026-01-22,STR-101,In-Store,1,5,9012.93,954.08,9012.93
2026-01-22,STR-101,Online,1,5,86363.65,22121.55,86363.65
2026-01-22,STR-102,Online,1,3,59477.11,10488.91,59477.11
2026-01-22,STR-106,Mobile App,3,7,109291.98,32587.58,36430.66
2026-01-22,STR-107,Mobile App,1,5,69090.92,4848.82,69090.92
2026-01-22,STR-107,Online,1,5,79218.5,23918.9,79218.5
2026-01-22,STR-108,Mobile App,1,1,18606.65,1774.36,18606.65
2026-01-22,STR-108,Online,1,5,107407.98,17728.73,107407.98
2026-01-22,STR-110,In-Store,2,3,29548.44,12184.49,14774.22
2026-01-22,STR-111,In-Store,1,1,17952.63,3870.11,17952.63
2026-01-22,STR-111,Mobile App,1,4,83280.96,25628.92,83280.96
2026-01-23,STR-102,Mobile App,1,4,60694.96,20491.88,60694.96
2026-01-23,STR-103,Online,1,3,38164.98,13141.77,38164.98
2026-01-23,STR-105,Online,2,5,28243.77,6618.48,14121.88
2026-01-23,STR-106,Online,1,3,46269.96,19000.2,46269.96
2026-01-23,STR-107,Online,1,1,20820.24,6407.23,20820.24
2026-01-23,STR-109,Mobile App,1,5,36548.15,11103.05,36548.15
2026-01-23,STR-110,Online,1,2,11986.02,2966.64,11986.02
2026-01-24,STR-101,Mobile App,2,5,107363.35,36826.5,53681.68
2026-01-24,STR-104,Online,1,4,45903.66,10607.98,45903.66
2026-01-24,STR-105,In-Store,1,3,62070.34,15549.49,62070.34
2026-01-24,STR-105,Online,1,2,40129.41,11964.37,40129.41
2026-01-24,STR-106,In-Store,1,1,22540.44,7802.56,22540.44
2026-01-24,STR-106,Online,1,3,5241.5,1308.71,5241.5
2026-01-24,STR-107,Mobile App,1,4,82535.96,21858.76,82535.96
2026-01-24,STR-107,Online,1,2,32585.33,7024.37,32585.33
2026-01-24,STR-108,Mobile App,1,5,68806.36,10879.71,68806.36
2026-01-24,STR-109,Mobile App,1,4,83280.96,25628.92,83280.96
2026-01-24,STR-109,Online,1,1,1964.31,817.07,1964.31
2026-01-24,STR-110,In-Store,1,3,42511.65,17825.64,42511.65
2026-01-24,STR-111,In-Store,1,4,32844.88,10156.56,32844.88
2026-01-24,STR-112,In-Store,1,4,19798.99,8002.99,19798.99
2026-01-24,STR-113,Online,1,4,41418.25,13162.53,41418.25
2026-01-25,STR-102,Mobile App,2,7,90277.39,14886.63,45138.7
2026-01-25,STR-102,Online,1,1,16656.19,2243.18,16656.19
2026-01-25,STR-103,In-Store,1,2,28867.52,3200.52,28867.52
2026-01-25,STR-103,Online,1,5,10214.3,4223.05,10214.3
2026-01-25,STR-104,Mobile App,1,2,44348.24,7552.84,44348.24
2026-01-25,STR-105,In-Store,1,3,55711.77,10203.87,55711.77
2026-01-25,STR-107,Mobile App,1,5,86255.28,22352.88,86255.28
2026-01-25,STR-107,Online,1,2,3644.62,759.84,3644.62
2026-01-25,STR-110,Online,1,5,82535.96,6689.46,82535.96
2026-01-25,STR-111,In-Store,1,3,19736.0,4468.94,19736.0
2026-01-25,STR-112,Mobile App,1,5,45886.24,17525.84,45886.24
2026-01-26,STR-100,Mobile App,1,1,10968.62,1146.62,10968.62
2026-01-26,STR-102,Mobile App,1,4,92496.98,30469.18,92496.98
2026-01-26,STR-108,Mobile App,1,1,2055.49,744.56,2055.49
2026-01-26,STR-109,In-Store,1,4,19798.99,8002.99,19798.99
2026-01-26,STR-109,Online,1,4,88696.48,15105.68,88696.48
2026-01-26,STR-111,In-Store,1,1,11131.89,3090.09,11131.89
2026-01-26,STR-111,Online,1,2,48682.62,17668.72,48682.62
2026-01-26,STR-113,In-Store,1,1,13710.77,3888.77,13710.77
2026-01-26,STR-114,In-Store,1,1,1964.31,817.07,1964.31
2026-01-26,STR-114,Online,1,2,40129.41,11964.37,40129.41
2026-01-27,STR-102,In-Store,1,5,91235.02,18466.12,91235.02
2026-01-27,STR-102,Mobile App,2,9,102276.75,27420.99,51138.38
2026-01-27,STR-102,Online,1,1,19602.29,4432.99,19602.29
2026-01-27,STR-103,In-Store,2,5,93955.76,19501.29,46977.88
2026-01-27,STR-104,In-Store,1,5,9111.54,1899.59,9111.54
2026-01-27,STR-107,In-Store,1,5,79360.3,21254.4,79360.3
2026-01-27,STR-108,In-Store,1,5,48804.87,12612.82,48804.87
2026-01-27,STR-108,Mobile App,1,5,95043.33,24630.73,95043.33
2026-01-27,STR-109,Mobile App,1,2,3644.62,759.84,3644.62
2026-01-27,STR-112,In-Store,1,3,13286.16,4439.16,13286.16
2026-01-27,STR-112,Mobile App,1,3,48658.68,4997.34,48658.68
2026-01-27,STR-113,Mobile App,1,2,17467.01,2990.19,17467.01
2026-01-27,STR-114,In-Store,1,4,14578.88,4966.8,14578.88
2026-01-27,STR-114,Online,1,5,8482.76,423.91,8482.76
2026-01-28,STR-100,Mobile App,1,2,6196.02,1389.98,6196.02
2026-01-28,STR-102,In-Store,1,4,50790.59,4305.87,50790.59
2026-01-28,STR-109,In-Store,1,2,27636.37,1939.53,27636.37
2026-01-28,STR-109,Online,1,1,10072.5,959.03,10072.5
2026-01-28,STR-110,In-Store,1,5,101440.87,11761.62,101440.87
2026-01-28,STR-110,Mobile App,2,4,42375.36,12578.64,21187.68
2026-01-28,STR-112,Mobile App,1,5,101372.25,28603.35,101372.25
2026-01-28,STR-113,Mobile App,1,1,18606.65,1774.36,18606.65
2026-01-29,STR-100,Mobile App,1,5,48896.55,13576.9,48896.55
2026-01-29,STR-102,Mobile App,1,2,23922.2,5695.26,23922.2
2026-01-29,STR-103,Online,1,4,85653.67,26702.15,85653.67
2026-01-29,STR-106,In-Store,1,1,6589.61,1841.94,6589.61
2026-01-29,STR-107,Mobile App,1,2,31687.4,9567.56,31687.4
2026-01-29,STR-109,In-Store,1,2,1890.04,526.42,1890.04
2026-01-29,STR-114,Mobile App,1,1,20932.48,4100.19,20932.48
2026-01-29,STR-114,Online,1,4,10327.14,1779.42,10327.14
2026-01-30,STR-103,Mobile App,1,4,59338.5,6998.9,59338.5
2026-01-30,STR-105,Mobile App,1,3,34427.74,7955.98,34427.74
2026-01-30,STR-108,In-Store,2,5,93972.13,20650.93,46986.06
2026-01-30,STR-110,In-Store,1,3,51604.77,16848.78,51604.77
2026-01-30,STR-110,Online,1,2,3836.44,951.66,3836.44
2026-01-30,STR-111,In-Store,2,7,43416.11,12186.6,21708.06
2026-01-30,STR-112,Mobile App,1,2,14989.23,386.25,14989.23
2026-01-30,STR-113,Online,1,3,18639.56,3372.5,18639.56
2026-01-31,STR-100,Online,2,5,75847.79,24104.89,37923.9
2026-01-31,STR-101,Mobile App,1,2,20709.13,6581.27,20709.13
2026-01-31,STR-102,In-Store,1,5,104635.66,22988.66,104635.66
2026-01-31,STR-103,Mobile App,1,1,5940.51,1700.22,5940.51
2026-01-31,STR-103,Online,1,5,9543.1,1484.25,9543.1
2026-01-31,STR-104,Online,1,5,62207.62,21998.62,62207.62
2026-01-31,STR-105,Online,1,1,2438.35,301.42,2438.35
2026-01-31,STR-106,Mobile App,1,3,5160.91,1566.16,5160.91
2026-01-31,STR-106,Online,1,5,109535.9,32001.15,109535.9
2026-01-31,STR-107,Mobile App,4,13,98693.46,29215.8,24673.36
2026-01-31,STR-109,Mobile App,1,2,34466.56,5359.0,34466.56
2026-01-31,STR-109,Online,1,3,35799.29,11113.28,35799.29
2026-01-31,STR-110,Mobile App,1,2,34545.46,8848.62,34545.46
2026-01-31,STR-110,Online,1,4,85926.38,14182.98,85926.38
2026-01-31,STR-112,Mobile App,2,4,78802.23,23977.87,39401.12
2026-01-31,STR-113,Online,1,5,72168.8,8001.3,72168.8
2026-01-31,STR-114,In-Store,1,5,81189.9,17022.4,81189.9
2026-02-01,STR-100,Mobile App,2,5,16185.88,1592.4,8092.94
2026-02-01,STR-102,In-Store,1,1,4566.85,771.67,4566.85
2026-02-01,STR-104,In-Store,1,4,76645.38,16534.62,76645.38
2026-02-01,STR-104,Online,1,3,56172.83,7184.63,56172.83
2026-02-01,STR-105,Online,1,1,13710.77,3888.77,13710.77
2026-02-01,STR-106,Online,1,3,62797.44,12300.57,62797.44
2026-02-01,STR-109,In-Store,1,2,20102.23,5626.55,20102.23
2026-02-01,STR-109,Mobile App,2,6,92709.25,27286.1,46354.62
2026-02-01,STR-110,Online,1,5,69404.94,23955.34,69404.94
2026-02-01,STR-112,Online,1,1,12138.99,2088.22,12138.99
2026-02-02,STR-103,Mobile App,1,3,3001.83,956.4,3001.83
2026-02-02,STR-104,Mobile App,1,3,24633.66,7617.42,24633.66
2026-02-02,STR-106,In-Store,1,5,48896.55,13576.9,48896.55
2026-02-02,STR-106,Online,1,1,2868.65,731.72,2868.65
2026-02-02,STR-108,In-Store,1,1,23951.68,8923.99,23951.68
2026-02-02,STR-108,Mobile App,1,2,19320.52,7976.36,19320.52
2026-02-02,STR-108,Online,1,3,62460.72,19221.69,62460.72
2026-02-02,STR-109,In-Store,1,2,11778.9,3242.74,11778.9
2026-02-02,STR-109,Online,1,5,77116.6,31667.0,77116.6
2026-02-02,STR-110,In-Store,1,1,17952.63,3870.11,17952.63
2026-02-02,STR-110,Mobile App,1,4,40290.02,3836.14,40290.02
2026-02-02,STR-111,Mobile App,1,1,14681.82,1833.4,14681.82
2026-02-02,STR-112,Mobile App,1,5,38275.2,9655.55,38275.2
2026-02-02,STR-113,In-Store,1,4,69090.92,17697.24,69090.92
2026-02-03,STR-102,Mobile App,1,3,24659.3,2944.07,24659.3
2026-02-03,STR-103,Mobile App,1,1,17140.09,4306.59,17140.09
2026-02-03,STR-104,Mobile App,1,3,25294.33,3389.86,25294.33
2026-02-03,STR-104,Online,1,4,70464.46,18124.86,70464.46
2026-02-03,STR-106,In-Store,2,7,119768.06,40568.47,59884.03
2026-02-03,STR-106,Online,1,2,13872.86,4377.52,13872.86
2026-02-03,STR-107,Mobile App,1,2,41864.96,8200.38,41864.96
2026-02-03,STR-107,Online,1,2,25181.26,6954.32,25181.26
2026-02-03,STR-109,Online,1,1,15761.79,2676.89,15761.79
2026-02-03,STR-111,Mobile App,1,1,14083.29,3023.37,14083.29
2026-02-03,STR-111,Online,1,1,2868.65,731.72,2868.65
2026-02-03,STR-112,In-Store,1,4,43874.46,4586.46,43874.46
2026-02-03,STR-112,Online,1,2,24159.82,6511.98,24159.82
2026-02-04,STR-100,Online,3,7,71526.0,19218.27,23842.0
2026-02-04,STR-103,In-Store,1,2,40572.79,11097.03,40572.79
2026-02-04,STR-104,Mobile App,1,5,63488.24,5382.34,63488.24
2026-02-04,STR-105,Mobile App,1,2,16862.89,2259.91,16862.89
2026-02-04,STR-106,In-Store,1,2,13317.8,4298.42,13317.8
2026-02-04,STR-106,Mobile App,1,4,82760.45,20732.65,82760.45
2026-02-04,STR-107,In-Store,1,5,41056.1,12695.7,41056.1
2026-02-04,STR-108,Mobile App,1,4,3557.73,830.49,3557.73
2026-02-04,STR-108,Online,1,4,7030.18,2441.22,7030.18
2026-02-04,STR-109,In-Store,1,5,67123.67,25980.32,67123.67
2026-02-04,STR-110,Online,1,1,1827.82,629.57,1827.82
2026-02-04,STR-111,Online,1,3,3335.37,1289.94,3335.37
2026-02-04,STR-113,Online,1,3,17832.53,2084.09,17832.53
2026-02-05,STR-100,In-Store,1,4,43719.27,15463.55,43719.27
2026-02-05,STR-102,Mobile App,1,2,36064.7,6588.94,36064.7
2026-02-05,STR-103,In-Store,2,5,43085.72,6641.92,21542.86
2026-02-05,STR-103,Mobile App,1,4,7810.86,2567.14,7810.86
2026-02-05,STR-104,In-Store,1,4,82535.96,21858.76,82535.96
2026-02-05,STR-104,Online,1,5,59124.2,22935.0,59124.2
2026-02-05,STR-105,Mobile App,1,3,33700.79,11987.27,33700.79
2026-02-05,STR-106,In-Store,1,1,10968.62,1146.62,10968.62
2026-02-05,STR-106,Mobile App,1,4,25303.82,7265.06,25303.82
2026-02-05,STR-107,In-Store,1,2,37213.3,3548.72,37213.3
2026-02-05,STR-107,Mobile App,1,5,10214.3,4223.05,10214.3
2026-02-05,STR-108,In-Store,1,5,103450.57,25915.82,103450.57
2026-02-05,STR-109,In-Store,2,3,12974.88,2512.93,6487.44
2026-02-05,STR-110,In-Store,1,3,71605.32,17797.77,71605.32
2026-02-05,STR-112,Mobile App,2,10,109432.81,23609.71,54716.4
2026-02-05,STR-113,Online,3,5,58219.09,13664.35,19406.36
2026-02-06,STR-101,In-Store,1,3,57026.0,14778.44,57026.0
2026-02-06,STR-102,Mobile App,1,2,13157.33,2979.29,13157.33
2026-02-06,STR-103,Online,1,5,92716.4,27291.9,92716.4
2026-02-06,STR-104,Mobile App,1,5,88020.55,32720.95,88020.55
2026-02-06,STR-104,Online,1,2,11986.02,2966.64,11986.02
2026-02-06,STR-105,In-Store,1,1,8431.44,1129.95,8431.44
2026-02-06,STR-107,In-Store,1,4,90700.07,18956.67,90700.07
2026-02-06,STR-108,Online,1,2,35077.78,4739.18,35077.78
2026-02-06,STR-109,Online,2,8,152820.84,34098.0,76410.42
2026-02-06,STR-110,Mobile App,1,1,19260.73,4706.95,19260.73
2026-02-06,STR-111,Mobile App,1,1,21120.74,7038.22,21120.74
2026-02-06,STR-111,Online,1,5,8152.44,940.49,8152.44
2026-02-06,STR-112,Online,1,2,17388.47,6044.31,17388.47
2026-02-06,STR-114,Online,1,2,17223.84,5775.98,17223.84
2026-02-07,STR-100,In-Store,1,3,29337.93,8146.14,29337.93
2026-02-07,STR-101,In-Store,1,2,32439.12,3331.56,32439.12
2026-02-07,STR-102,Online,1,4,79302.82,13985.22,79302.82
2026-02-07,STR-103,Online,1,5,59124.2,22935.0,59124.2
2026-02-07,STR-104,Mobile App,2,2,18496.94,3288.54,9248.47
2026-02-07,STR-104,Online,1,1,6988.83,2748.54,6988.83
2026-02-07,STR-105,Mobile App,1,2,16422.44,5078.28,16422.44
2026-02-07,STR-106,In-Store,1,5,101431.98,27742.58,101431.98
2026-02-07,STR-108,Mobile App,1,5,116291.55,32130.1,116291.55
2026-02-07,STR-109,In-Store,1,1,9368.27,2066.78,9368.27
2026-02-07,STR-109,Online,1,5,9111.54,1899.59,9111.54
2026-02-07,STR-111,In-Store,2,4,62316.63,15193.03,31158.32
2026-02-07,STR-113,In-Store,2,9,124828.76,21307.55,62414.38
2026-02-07,STR-114,Mobile App,2,6,73733.18,20782.08,36866.59
2026-02-08,STR-100,In-Store,1,5,23446.17,8701.17,23446.17
2026-02-08,STR-102,Mobile App,1,1,22028.56,5699.16,22028.56
2026-02-08,STR-102,Online,1,4,7210.35,763.27,7210.35
2026-02-08,STR-104,Online,1,4,63488.24,17003.52,63488.24
2026-02-08,STR-108,In-Store,1,1,9204.06,2140.13,9204.06
2026-02-08,STR-109,In-Store,2,9,136114.66,36651.48,68057.33
2026-02-08,STR-109,Online,1,1,14083.29,3023.37,14083.29
2026-02-08,STR-112,Online,1,1,19779.23,5366.22,19779.23
2026-02-08,STR-113,Mobile App,1,3,8241.96,1939.32,8241.96
2026-02-08,STR-114,In-Store,1,2,12398.84,3862.68,12398.84
2026-02-09,STR-100,Mobile App,1,2,34403.18,11232.52,34403.18
2026-02-09,STR-100,Online,1,4,24971.15,5980.47,24971.15
2026-02-09,STR-101,In-Store,1,5,78808.94,13384.44,78808.94
2026-02-09,STR-105,In-Store,1,4,53879.98,20515.7,53879.98
2026-02-09,STR-110,In-Store,1,3,23889.09,1984.62,23889.09
2026-02-09,STR-111,Mobile App,3,10,65416.6,23132.14,21805.53
2026-02-09,STR-113,In-Store,1,1,15173.74,5122.97,15173.74
2026-02-09,STR-113,Mobile App,1,3,7315.06,904.27,7315.06
2026-02-09,STR-113,Online,1,3,17832.53,2084.09,17832.53
2026-02-09,STR-114,In-Store,1,3,42249.86,9070.1,42249.86
2026-02-09,STR-114,Online,1,2,25443.32,8761.18,25443.32
2026-02-10,STR-100,Mobile App,1,4,20550.82,5370.1,20550.82
2026-02-10,STR-100,Online,1,1,10929.82,3865.89,10929.82
2026-02-10,STR-101,Online,1,1,6993.15,1743.67,6993.15
2026-02-10,STR-102,In-Store,1,2,38017.33,9852.29,38017.33
2026-02-10,STR-102,Mobile App,1,1,8733.5,1495.09,8733.5
2026-02-10,STR-106,Mobile App,1,2,39651.41,6992.61,39651.41
2026-02-10,STR-107,In-Store,1,5,29720.89,3473.49,29720.89
2026-02-10,STR-107,Online,2,6,121302.79,37652.41,60651.4
2026-02-10,STR-108,Mobile App,1,4,86226.05,26115.29,86226.05
2026-02-10,STR-110,Online,1,1,19260.73,4706.95,19260.73
2026-02-10,STR-111,Mobile App,1,4,57139.42,10654.7,57139.42
2026-02-10,STR-112,In-Store,1,2,21937.23,2293.23,21937.23
2026-02-10,STR-113,Online,1,1,9663.93,840.01,9663.93
2026-02-10,STR-114,Online,1,5,84482.96,14070.36,84482.96
2026-02-11,STR-105,Online,1,3,38693.04,8540.73,38693.04
2026-02-11,STR-106,Mobile App,1,2,26849.47,10392.13,26849.47
2026-02-11,STR-107,Mobile App,1,3,5858.15,1925.36,5858.15
2026-02-11,STR-108,In-Store,1,2,2223.58,859.96,2223.58
2026-02-11,STR-108,Online,1,4,59665.48,26750.8,59665.48
2026-02-11,STR-109,In-Store,2,8,132895.8,36448.46,66447.9
2026-02-11,STR-111,Mobile App,1,3,57782.18,14120.84,57782.18
2026-02-11,STR-111,Online,1,5,48301.3,19940.9,48301.3
2026-02-11,STR-112,In-Store,1,1,21556.51,6528.82,21556.51
2026-02-11,STR-113,Mobile App,1,2,21937.23,2293.23,21937.23
2026-02-11,STR-114,Online,1,1,19602.29,4432.99,19602.29
2026-02-12,STR-101,In-Store,1,1,22028.56,5699.16,22028.56
2026-02-12,STR-101,Mobile App,1,4,44527.56,12360.36,44527.56
2026-02-12,STR-104,Mobile App,1,4,19838.14,2765.82,19838.14
2026-02-12,STR-105,In-Store,1,4,7210.35,763.27,7210.35
2026-02-12,STR-105,Online,1,5,107407.98,17728.73,107407.98
2026-02-12,STR-106,Mobile App,1,1,5591.06,1350.77,5591.06
2026-02-12,STR-107,Mobile App,1,3,53857.89,11610.33,53857.89
2026-02-12,STR-108,In-Store,1,1,19167.84,6387.36,19167.84
2026-02-12,STR-108,Online,1,5,48301.3,19940.9,48301.3
2026-02-12,STR-109,In-Store,1,2,29669.25,3499.45,29669.25
2026-02-12,STR-110,In-Store,2,5,24762.63,7119.66,12381.32
2026-02-12,STR-110,Mobile App,1,4,72837.79,21715.87,72837.79
2026-02-12,STR-111,Online,1,3,4962.48,1520.76,4962.48
2026-02-12,STR-112,In-Store,1,5,29702.53,8501.08,29702.53
2026-02-12,STR-113,In-Store,1,3,34962.46,5496.46,34962.46
2026-02-13,STR-102,In-Store,1,1,10051.11,2813.27,10051.11
2026-02-13,STR-102,Mobile App,1,4,52100.93,12812.93,52100.93
2026-02-13,STR-103,In-Store,1,4,58485.41,12144.09,58485.41
2026-02-13,STR-103,Online,3,6,51685.8,8757.29,17228.6
2026-02-13,STR-105,In-Store,2,6,27070.34,7814.7,13535.17
2026-02-13,STR-105,Online,1,3,13700.54,2315.0,13700.54
2026-02-13,STR-106,Online,1,1,8899.86,1598.37,8899.86
2026-02-13,STR-108,Online,1,3,48658.68,4997.34,48658.68
2026-02-13,STR-109,Mobile App,2,5,78967.55,27580.18,39483.78
2026-02-13,STR-110,In-Store,1,4,19838.14,2765.82,19838.14
2026-02-13,STR-110,Online,1,5,56657.83,11090.48,56657.83
2026-02-13,STR-113,Online,1,2,29363.64,3666.8,29363.64
2026-02-14,STR-101,Mobile App,1,1,2438.35,301.42,2438.35
2026-02-14,STR-101,Online,1,5,27115.66,8139.76,27115.66
2026-02-14,STR-104,In-Store,2,3,46257.38,16091.26,23128.69
2026-02-14,STR-107,Mobile App,1,2,49275.82,12480.42,49275.82
2026-02-14,STR-109,In-Store,1,1,1918.22,475.83,1918.22
2026-02-14,STR-109,Mobile App,1,4,79302.82,13985.22,79302.82
2026-02-14,STR-110,In-Store,1,5,92852.96,17006.46,92852.96
2026-02-14,STR-110,Online,1,3,47531.1,14351.34,47531.1
2026-02-14,STR-111,Mobile App,1,4,22364.26,5403.1,22364.26
2026-02-14,STR-112,In-Store,1,5,110870.6,18882.1,110870.6
2026-02-14,STR-112,Mobile App,1,3,44045.46,5500.2,44045.46
2026-02-14,STR-113,In-Store,1,4,23776.71,2778.79,23776.71
2026-02-14,STR-113,Online,1,5,22143.61,7398.61,22143.61
2026-02-14,STR-114,Mobile App,1,2,21743.84,4096.0,21743.84
2026-02-14,STR-114,Online,1,2,4135.4,1840.92,4135.4
2026-02-15,STR-100,Online,2,6,104157.83,23656.59,52078.91
2026-02-15,STR-101,Mobile App,1,1,18543.28,5458.38,18543.28
2026-02-15,STR-102,In-Store,1,1,19167.84,6387.36,19167.84
2026-02-15,STR-103,In-Store,1,1,17140.09,4306.59,17140.09
2026-02-15,STR-103,Mobile App,1,4,18756.94,6960.94,18756.94
2026-02-15,STR-104,In-Store,1,5,67123.67,25980.32,67123.67
2026-02-15,STR-104,Mobile App,1,2,31687.4,9567.56,31687.4
2026-02-15,STR-106,Mobile App,1,4,79116.91,21464.87,79116.91
2026-02-15,STR-110,In-Store,1,3,62460.72,19221.69,62460.72
2026-02-15,STR-110,Online,1,4,70039.59,15653.07,70039.59
2026-02-15,STR-111,Mobile App,2,5,55404.4,15014.25,27702.2
2026-02-16,STR-101,Online,1,5,8221.96,1667.31,8221.96
2026-02-16,STR-105,Mobile App,1,3,60823.35,17162.01,60823.35
2026-02-16,STR-106,In-Store,1,1,12590.63,3477.16,12590.63
2026-02-16,STR-109,Online,1,1,2915.78,512.76,2915.78
2026-02-16,STR-110,In-Store,1,1,8899.86,1598.37,8899.86
2026-02-16,STR-111,Mobile App,1,5,39815.15,3307.7,39815.15
2026-02-16,STR-112,Online,1,3,38164.98,13141.77,38164.98
2026-02-16,STR-113,In-Store,1,5,76679.35,12511.85,76679.35
2026-02-16,STR-113,Online,1,5,78808.94,13384.44,78808.94
2026-02-16,STR-114,In-Store,2,6,22890.89,6848.87,11445.44
2026-02-16,STR-114,Mobile App,1,5,110870.6,18882.1,110870.6
2026-02-17,STR-100,In-Store,1,5,9139.12,3147.87,9139.12
2026-02-17,STR-102,Online,1,4,9179.68,631.96,9179.68
2026-02-17,STR-103,Mobile App,1,3,61901.97,16394.07,61901.97
2026-02-17,STR-103,Online,1,4,45903.66,10607.98,45903.66
2026-02-17,STR-104,Mobile App,1,2,5494.64,1292.88,5494.64
2026-02-17,STR-105,In-Store,1,1,15666.75,2070.12,15666.75
2026-02-17,STR-105,Online,1,2,15926.06,1323.08,15926.06
2026-02-17,STR-106,Online,1,5,98847.82,14686.37,98847.82
2026-02-17,STR-107,In-Store,1,5,92157.35,24174.2,92157.35
2026-02-17,STR-107,Online,1,1,19473.05,3966.1,19473.05
2026-02-17,STR-108,In-Store,2,4,25744.17,6546.75,12872.08
2026-02-17,STR-111,Mobile App,1,1,1696.55,84.78,1696.55
2026-02-17,STR-113,In-Store,1,5,4725.11,1316.06,4725.11
2026-02-17,STR-113,Online,1,5,113375.09,23695.84,113375.09
2026-02-18,STR-101,Online,1,1,3070.53,969.65,3070.53
2026-02-18,STR-102,In-Store,2,6,17964.97,6556.69,8982.48
2026-02-18,STR-103,In-Store,1,5,70852.76,29709.41,70852.76
2026-02-18,STR-103,Online,1,4,41098.84,12145.2,41098.84
2026-02-18,STR-104,Mobile App,1,1,12590.63,3477.16,12590.63
2026-02-18,STR-105,In-Store,1,1,2067.7,920.46,2067.7
2026-02-18,STR-105,Mobile App,1,5,76679.35,12511.85,76679.35
2026-02-18,STR-107,Online,1,5,9543.1,1484.25,9543.1
2026-02-18,STR-108,Mobile App,1,5,96303.64,23534.74,96303.64
2026-02-18,STR-109,Mobile App,1,2,3699.88,1078.02,3699.88
2026-02-18,STR-109,Online,1,3,27612.17,6420.38,27612.17
2026-02-18,STR-110,Mobile App,1,5,67123.67,25980.32,67123.67
2026-02-18,STR-111,In-Store,2,4,44564.03,12912.79,22282.02
2026-02-18,STR-111,Mobile App,1,1,14745.18,1148.55,14745.18
2026-02-18,STR-113,Online,3,9,86326.81,31869.41,28775.6
2026-02-18,STR-114,Mobile App,1,3,45521.22,15368.91,45521.22
2026-02-19,STR-103,Online,2,3,61467.25,12633.37,30733.62
2026-02-19,STR-108,Online,3,7,91869.15,27677.38,30623.05
2026-02-19,STR-110,Online,1,2,27522.54,4351.88,27522.54
2026-02-19,STR-111,Online,1,1,4852.28,1057.1,4852.28
2026-02-19,STR-112,Online,2,8,141494.83,41333.67,70747.41
2026-02-19,STR-114,In-Store,1,5,74833.3,33127.95,74833.3
2026-02-20,STR-101,Online,1,1,20064.7,5982.18,20064.7
2026-02-20,STR-103,Online,2,2,26659.85,10276.98,13329.92
2026-02-20,STR-104,Mobile App,1,1,15545.46,2697.04,15545.46
2026-02-20,STR-105,In-Store,1,2,45080.88,15605.12,45080.88
2026-02-20,STR-107,In-Store,1,3,54126.6,15626.1,54126.6
2026-02-20,STR-107,Online,1,4,55523.95,19164.27,55523.95
2026-02-20,STR-108,Mobile App,1,2,13179.22,3683.88,13179.22
2026-02-20,STR-109,In-Store,1,1,21907.18,6400.23,21907.18
2026-02-20,STR-109,Online,2,6,72783.73,27130.69,36391.86
2026-02-20,STR-111,In-Store,1,4,76379.01,4635.61,76379.01
2026-02-20,STR-113,In-Store,1,2,28830.11,8728.57,28830.11
2026-02-20,STR-113,Online,1,1,6213.19,1124.17,6213.19
2026-02-20,STR-114,In-Store,1,3,4891.46,564.29,4891.46
2026-02-20,STR-114,Online,1,4,22317.91,5245.59,22317.91
2026-02-21,STR-102,In-Store,2,5,56984.47,17982.34,28492.24
2026-02-21,STR-102,Mobile App,1,1,1720.3,522.05,1720.3
2026-02-21,STR-102,Online,1,4,8221.96,2978.24,8221.96
2026-02-21,STR-103,In-Store,1,5,73409.1,9167.0,73409.1
2026-02-21,STR-103,Online,1,2,38335.68,12774.72,38335.68
2026-02-21,STR-104,Online,1,4,72837.79,21715.87,72837.79
2026-02-21,STR-106,In-Store,2,5,16533.93,4463.39,8266.96
2026-02-21,STR-110,Mobile App,1,3,4962.48,1520.76,4962.48
2026-02-21,STR-112,Mobile App,1,1,20274.45,5720.67,20274.45
2026-02-21,STR-112,Online,1,2,7289.44,2483.4,7289.44
2026-02-21,STR-113,In-Store,1,1,11654.15,1832.15,11654.15
2026-02-21,STR-114,Online,1,2,34545.46,8848.62,34545.46
2026-02-22,STR-100,Mobile App,1,5,43667.52,7475.47,43667.52
2026-02-22,STR-100,Online,1,3,43956.46,16686.7,43956.46
2026-02-22,STR-102,Mobile App,1,5,56657.83,11090.48,56657.83
2026-02-22,STR-106,Mobile App,1,1,21481.6,3545.75,21481.6
2026-02-22,STR-107,In-Store,1,5,82535.96,6689.46,82535.96
2026-02-22,STR-108,Mobile App,1,1,16507.19,1337.89,16507.19
2026-02-22,STR-109,Online,1,2,25357.83,8900.49,25357.83
2026-02-23,STR-101,In-Store,1,5,101372.25,28603.35,101372.25
2026-02-23,STR-101,Mobile App,1,4,71810.52,15480.44,71810.52
2026-02-23,STR-102,In-Store,1,3,25835.76,8663.97,25835.76
2026-02-23,STR-102,Mobile App,2,7,92961.22,23063.37,46480.61
2026-02-23,STR-103,Online,1,1,18606.65,1774.36,18606.65
2026-02-23,STR-106,In-Store,1,2,11189.04,690.08,11189.04
2026-02-23,STR-107,In-Store,1,4,64951.92,13617.92,64951.92
2026-02-23,STR-107,Mobile App,1,2,11986.02,2966.64,11986.02
2026-02-23,STR-109,Mobile App,2,5,76017.81,12386.24,38008.9
2026-02-23,STR-109,Online,1,1,2747.32,646.44,2747.32
2026-02-23,STR-112,In-Store,1,5,81463.32,17560.92,81463.32
2026-02-23,STR-113,In-Store,1,1,19710.33,1312.63,19710.33
2026-02-23,STR-113,Mobile App,1,3,5892.94,2451.22,5892.94
2026-02-23,STR-114,In-Store,1,1,13656.37,3605.6,13656.37
2026-02-23,STR-114,Mobile App,1,2,22663.13,4436.19,22663.13
2026-02-24,STR-100,Online,1,1,5594.52,345.04,5594.52
2026-02-24,STR-104,In-Store,1,4,74897.1,9579.5,74897.1
2026-02-24,STR-104,Online,1,4,6138.3,368.74,6138.3
2026-02-24,STR-106,In-Store,1,4,10989.28,2585.76,10989.28
2026-02-24,STR-107,Mobile App,1,4,29978.46,772.5,29978.46
2026-02-24,STR-108,Mobile App,1,2,9133.7,1543.34,9133.7
2026-02-24,STR-109,Online,1,2,15310.08,3862.22,15310.08
2026-02-24,STR-110,In-Store,1,3,8726.78,2424.14,8726.78
2026-02-24,STR-110,Online,1,5,15352.66,4848.26,15352.66
2026-02-24,STR-111,In-Store,1,3,30803.77,4332.01,30803.77
2026-02-24,STR-112,Mobile App,1,1,1860.93,713.69,1860.93
2026-02-24,STR-112,Online,1,5,9139.12,3147.87,9139.12
2026-02-25,STR-100,Online,1,5,40667.4,12047.75,40667.4
2026-02-25,STR-101,In-Store,1,5,86166.41,13397.51,86166.41
2026-02-25,STR-102,Mobile App,1,3,73913.73,18720.63,73913.73
2026-02-25,STR-104,In-Store,1,1,12897.68,2846.91,12897.68
2026-02-25,STR-107,In-Store,1,3,55629.84,16375.14,55629.84
2026-02-25,STR-107,Online,2,7,68502.72,23834.43,34251.36
2026-02-25,STR-111,Mobile App,1,4,88381.58,21052.42,88381.58
2026-02-25,STR-112,In-Store,1,1,23124.24,7617.29,23124.24
2026-02-25,STR-113,Online,1,3,55629.84,16375.14,55629.84
2026-02-25,STR-114,In-Store,1,1,23868.44,5932.59,23868.44
2026-02-26,STR-101,Mobile App,1,4,59338.5,6998.9,59338.5
2026-02-26,STR-102,Mobile App,1,1,6293.84,1044.36,6293.84
2026-02-26,STR-104,Online,2,6,64104.02,23695.35,32052.01
2026-02-26,STR-105,Online,1,1,11331.57,2218.1,11331.57
2026-02-26,STR-106,In-Store,1,4,79078.25,11749.09,79078.25
2026-02-26,STR-110,Online,2,9,133921.33,17482.17,66960.67
2026-02-26,STR-112,In-Store,1,5,110142.8,28495.8,110142.8
2026-02-26,STR-112,Mobile App,1,2,41854.26,9195.46,41854.26
2026-02-27,STR-100,Online,2,8,144742.15,16562.4,72371.08
2026-02-27,STR-101,Online,1,3,16269.4,4883.86,16269.4
2026-02-27,STR-102,In-Store,1,4,85926.38,14182.98,85926.38
2026-02-27,STR-103,In-Store,1,2,28166.58,6046.74,28166.58
2026-02-27,STR-103,Mobile App,1,3,44890.48,11710.72,44890.48
2026-02-27,STR-104,In-Store,1,3,47000.25,6210.36,47000.25
2026-02-27,STR-105,Mobile App,1,1,5847.7,758.68,5847.7
2026-02-27,STR-109,Mobile App,1,1,5594.52,345.04,5594.52
2026-02-27,STR-109,Online,1,4,23972.04,5933.28,23972.04
2026-02-27,STR-111,Mobile App,1,1,16341.51,4756.18,16341.51
2026-02-27,STR-114,Mobile App,1,5,65126.16,16016.16,65126.16
2026-02-28,STR-105,In-Store,1,3,47616.18,12752.64,47616.18
2026-02-28,STR-105,Mobile App,1,2,25443.32,8761.18,25443.32
2026-02-28,STR-106,Mobile App,1,4,40204.46,11253.1,40204.46
2026-02-28,STR-110,Online,1,4,64951.92,13617.92,64951.92
2026-02-28,STR-111,In-Store,1,1,1696.55,84.78,1696.55
2026-02-28,STR-112,Online,1,1,19602.29,4432.99,19602.29
2026-02-28,STR-113,In-Store,1,1,15423.32,6333.4,15423.32
2026-02-28,STR-113,Mobile App,1,4,8221.96,2978.24,8221.96
2026-02-28,STR-113,Online,1,5,88020.55,32720.95,88020.55
2026-03-01,STR-100,Mobile App,1,1,1952.72,641.79,1952.72
2026-03-01,STR-101,In-Store,1,5,98847.82,14686.37,98847.82
2026-03-01,STR-101,Online,2,9,128315.83,33685.37,64157.91
2026-03-01,STR-102,Online,1,1,14218.33,5877.26,14218.33
2026-03-01,STR-103,Online,1,5,73725.88,5742.73,73725.88
2026-03-01,STR-104,Mobile App,2,10,102790.07,21243.07,51395.04
2026-03-01,STR-104,Online,1,3,9294.04,2084.98,9294.04
2026-03-01,STR-106,In-Store,1,3,33395.67,9270.27,33395.67
2026-03-01,STR-108,In-Store,1,5,27955.32,6753.87,27955.32
2026-03-01,STR-108,Mobile App,1,5,8152.44,940.49,8152.44
2026-03-01,STR-109,In-Store,1,1,15078.46,3457.28,15078.46
2026-03-01,STR-111,Online,3,9,117226.25,37466.51,39075.42
2026-03-01,STR-112,In-Store,1,3,62781.4,13793.2,62781.4
2026-03-02,STR-102,In-Store,1,5,99128.52,17481.52,99128.52
2026-03-02,STR-103,Mobile App,1,2,26192.68,10109.08,26192.68
2026-03-02,STR-104,Mobile App,1,3,2835.06,789.63,2835.06
2026-03-02,STR-105,Online,1,2,28341.1,11883.76,28341.1
2026-03-02,STR-107,In-Store,1,4,79078.25,11749.09,79078.25
2026-03-02,STR-108,Online,1,1,12697.65,1076.47,12697.65
2026-03-02,STR-109,Online,1,2,11778.9,3242.74,11778.9
2026-03-02,STR-110,Mobile App,1,5,72075.26,21821.41,72075.26
2026-03-02,STR-112,In-Store,1,1,13469.99,5128.92,13469.99
2026-03-02,STR-112,Mobile App,1,5,98847.82,14686.37,98847.82
2026-03-02,STR-113,In-Store,1,2,4241.38,1017.84,4241.38
2026-03-03,STR-100,In-Store,1,1,8133.48,2409.55,8133.48
2026-03-03,STR-100,Mobile App,1,4,64951.92,13617.92,64951.92
2026-03-03,STR-101,In-Store,1,5,97365.24,19830.49,97365.24
2026-03-03,STR-102,In-Store,1,4,76645.38,16534.62,76645.38
2026-03-03,STR-103,In-Store,1,1,15545.46,2697.04,15545.46
2026-03-03,STR-105,In-Store,1,2,38335.68,12774.72,38335.68
2026-03-03,STR-106,In-Store,1,3,35883.3,8542.89,35883.3
2026-03-03,STR-107,Mobile App,1,3,14556.83,3171.29,14556.83
2026-03-03,STR-109,Mobile App,1,2,30347.48,10245.94,30347.48
2026-03-03,STR-110,Online,2,10,125253.96,28775.11,62626.98
2026-03-03,STR-113,Online,1,2,33014.38,2675.78,33014.38
2026-03-03,STR-114,In-Store,1,3,26200.51,4485.28,26200.51
2026-03-03,STR-114,Online,2,9,159797.52,33602.22,79898.76
2026-03-04,STR-100,In-Store,1,5,7672.88,460.93,7672.88
2026-03-04,STR-100,Online,3,10,103753.72,17186.38,34584.57
2026-03-04,STR-102,Mobile App,1,2,3699.88,1078.02,3699.88
2026-03-04,STR-103,Mobile App,1,5,10214.3,4223.05,10214.3
2026-03-04,STR-104,In-Store,1,4,55272.74,3879.06,55272.74
2026-03-04,STR-104,Mobile App,1,2,40548.9,11441.34,40548.9
2026-03-04,STR-106,Mobile App,1,5,33294.5,10746.05,33294.5
2026-03-04,STR-109,In-Store,2,7,106030.21,28551.72,53015.1
2026-03-04,STR-110,Online,2,5,28970.3,4346.14,14485.15
2026-03-04,STR-111,Mobile App,1,2,41267.98,10929.38,41267.98
2026-03-04,STR-111,Online,1,4,83729.92,16400.76,83729.92
2026-03-04,STR-114,In-Store,1,5,9249.7,2695.05,9249.7
2026-03-04,STR-114,Mobile App,1,4,35599.43,6393.47,35599.43
2026-03-04,STR-114,Online,1,5,71424.27,13318.37,71424.27
2026-03-05,STR-103,In-Store,1,4,45903.66,10607.98,45903.66
2026-03-05,STR-104,In-Store,2,7,91298.61,16953.07,45649.3
2026-03-05,STR-104,Online,1,3,67621.32,23407.68,67621.32
2026-03-05,STR-105,Mobile App,1,4,29238.52,8882.44,29238.52
2026-03-05,STR-105,Online,1,2,22467.2,7991.52,22467.2
2026-03-05,STR-108,Online,1,4,9179.68,631.96,9179.68
2026-03-05,STR-111,In-Store,1,1,20288.17,2352.32,20288.17
2026-03-05,STR-112,In-Store,1,2,4085.72,1689.22,4085.72
2026-03-05,STR-112,Mobile App,1,5,26635.6,4087.15,26635.6
2026-03-05,STR-112,Online,1,3,60859.19,16645.55,60859.19
2026-03-06,STR-101,In-Store,1,5,84482.96,14070.36,84482.96
2026-03-06,STR-101,Online,2,5,78409.96,16248.36,39204.98
2026-03-06,STR-103,In-Store,1,4,6577.57,1333.85,6577.57
2026-03-06,STR-103,Online,1,1,18606.65,1774.36,18606.65
2026-03-06,STR-104,Online,1,1,19473.05,3966.1,19473.05
2026-03-06,STR-105,Mobile App,1,5,45886.24,17525.84,45886.24
2026-03-06,STR-105,Online,1,2,33377.9,7208.1,33377.9
2026-03-06,STR-106,In-Store,1,1,12079.91,3255.99,12079.91
2026-03-06,STR-107,Online,1,2,2001.22,637.6,2001.22
2026-03-06,STR-110,In-Store,1,1,10642.36,3404.52,10642.36
2026-03-06,STR-111,In-Store,1,3,19930.48,4182.04,19930.48
2026-03-06,STR-112,Mobile App,1,3,59477.11,10488.91,59477.11
2026-03-07,STR-101,Mobile App,1,3,9840.74,2631.68,9840.74
2026-03-07,STR-103,In-Store,1,3,33700.79,11987.27,33700.79
2026-03-07,STR-104,In-Store,2,6,87645.87,20281.44,43822.94
2026-03-07,STR-104,Mobile App,2,5,40119.41,12604.21,20059.71
2026-03-07,STR-104,Online,1,3,5160.91,1566.16,5160.91
2026-03-07,STR-106,Mobile App,1,3,32789.45,11597.66,32789.45
2026-03-07,STR-108,Online,1,2,41640.48,12814.46,41640.48
2026-03-07,STR-110,Mobile App,1,2,16422.44,5078.28,16422.44
2026-03-07,STR-112,In-Store,1,3,54628.34,16286.9,54628.34
2026-03-07,STR-114,Mobile App,1,3,43864.05,9108.06,43864.05
2026-03-08,STR-102,Mobile App,1,1,12079.91,3255.99,12079.91
2026-03-08,STR-102,Online,1,5,76679.35,12511.85,76679.35
2026-03-08,STR-103,In-Store,1,1,2725.22,588.29,2725.22
2026-03-08,STR-104,Mobile App,1,5,75868.7,25614.85,75868.7
2026-03-08,STR-105,In-Store,1,4,11663.1,2051.02,11663.1
2026-03-08,STR-105,Online,2,10,89386.37,21995.62,44693.18
2026-03-08,STR-106,Mobile App,1,1,19260.73,4706.95,19260.73
2026-03-08,STR-107,In-Store,2,7,81367.04,32071.33,40683.52
2026-03-08,STR-108,In-Store,1,5,105603.7,35191.1,105603.7
2026-03-08,STR-108,Online,1,5,101372.25,28603.35,101372.25
2026-03-08,STR-111,Mobile App,1,5,10751.9,4760.65,10751.9
2026-03-08,STR-112,In-Store,1,4,57735.04,6401.04,57735.04
2026-03-08,STR-114,Mobile App,1,2,5163.57,889.71,5163.57
2026-03-09,STR-100,In-Store,1,4,74282.36,13605.16,74282.36
2026-03-09,STR-103,In-Store,1,5,50362.52,4795.17,50362.52
2026-03-09,STR-103,Online,2,4,45804.75,11741.71,22902.38
2026-03-09,STR-104,In-Store,1,5,63488.24,5382.34,63488.24
2026-03-09,STR-105,In-Store,1,4,72168.8,20834.8,72168.8
2026-03-09,STR-106,Online,1,1,16292.66,3512.18,16292.66
2026-03-09,STR-108,Online,1,5,62953.15,17385.8,62953.15
2026-03-09,STR-109,Mobile App,1,1,22754.1,7726.41,22754.1
2026-03-09,STR-109,Online,1,3,4933.18,1000.39,4933.18
2026-03-09,STR-110,In-Store,1,2,11320.13,2300.75,11320.13
2026-03-09,STR-110,Mobile App,1,5,64488.4,14234.55,64488.4
2026-03-09,STR-111,In-Store,1,4,42569.42,13618.06,42569.42
2026-03-09,STR-113,Online,1,4,76637.5,17685.98,76637.5
2026-03-10,STR-101,Online,2,8,34861.02,9474.33,17430.51
2026-03-10,STR-105,In-Store,1,4,22364.26,5403.1,22364.26
2026-03-10,STR-105,Online,1,4,41098.84,12145.2,41098.84
2026-03-10,STR-107,In-Store,1,1,18738.22,4325.21,18738.22
2026-03-10,STR-107,Mobile App,1,5,24748.74,10003.74,24748.74
2026-03-10,STR-108,In-Store,1,2,3440.61,1044.11,3440.61
2026-03-10,STR-110,Mobile App,2,3,51513.68,11439.03,25756.84
2026-03-10,STR-112,In-Store,1,5,22834.24,3858.34,22834.24
2026-03-10,STR-114,Mobile App,1,1,6325.95,1816.26,6325.95
2026-03-10,STR-114,Online,1,5,10603.45,2544.6,10603.45
2026-03-11,STR-100,In-Store,1,3,3168.6,1123.17,3168.6
2026-03-11,STR-100,Mobile App,1,1,4852.28,1057.1,4852.28
2026-03-11,STR-101,Online,1,3,9840.74,2631.68,9840.74
2026-03-11,STR-103,Mobile App,1,2,22663.13,4436.19,22663.13
2026-03-11,STR-106,In-Store,1,4,74173.12,21833.52,74173.12
2026-03-11,STR-108,In-Store,1,2,45080.88,15605.12,45080.88
2026-03-11,STR-108,Online,1,2,28166.58,6046.74,28166.58
2026-03-11,STR-111,Mobile App,1,4,42808.14,6354.26,42808.14
2026-03-11,STR-113,Online,1,1,10051.11,2813.27,10051.11
2026-03-11,STR-114,Online,1,5,8787.72,3051.52,8787.72
2026-03-12,STR-101,Mobile App,1,2,3721.86,1427.38,3721.86
2026-03-12,STR-103,Mobile App,1,1,12721.66,4380.59,12721.66
2026-03-12,STR-105,Online,2,8,36939.52,10497.24,18469.76
2026-03-12,STR-107,Mobile App,1,2,11986.02,2966.64,11986.02
2026-03-12,STR-108,In-Store,1,2,17388.47,6044.31,17388.47
2026-03-12,STR-109,In-Store,2,4,47961.01,12680.37,23980.5
2026-03-12,STR-111,In-Store,1,3,15413.11,4027.57,15413.11
2026-03-12,STR-111,Online,1,1,8733.5,1495.09,8733.5
2026-03-12,STR-112,Mobile App,2,4,64522.69,5712.49,32261.34
2026-03-12,STR-113,In-Store,1,5,88114.24,6467.24,88114.24
2026-03-13,STR-100,In-Store,1,3,39289.02,15163.62,39289.02
2026-03-13,STR-102,Online,1,3,52868.54,3880.34,52868.54
2026-03-13,STR-103,Mobile App,1,2,6141.07,1939.31,6141.07
2026-03-13,STR-107,Mobile App,1,2,36862.94,9669.68,36862.94
2026-03-13,STR-111,In-Store,2,8,178672.41,51175.46,89336.2
2026-03-13,STR-112,Mobile App,1,3,37324.57,13199.17,37324.57
2026-03-13,STR-113,In-Store,2,4,31822.2,7588.24,15911.1
2026-03-14,STR-100,In-Store,1,3,18977.86,5448.79,18977.86
2026-03-14,STR-101,In-Store,1,5,115621.22,38086.47,115621.22
2026-03-14,STR-101,Mobile App,1,5,10751.9,4760.65,10751.9
2026-03-14,STR-102,Online,3,7,36452.24,10868.54,12150.75
2026-03-14,STR-103,In-Store,1,1,9779.31,2715.38,9779.31
2026-03-14,STR-104,In-Store,1,3,62070.34,15549.49,62070.34
2026-03-14,STR-106,In-Store,1,1,4949.75,2000.75,4949.75
2026-03-14,STR-106,Online,1,5,101431.98,27742.58,101431.98
2026-03-14,STR-107,Online,1,5,65126.16,16016.16,65126.16
2026-03-14,STR-108,In-Store,1,3,38693.04,8540.73,38693.04
2026-03-14,STR-108,Online,2,8,90590.7,28791.29,45295.35
2026-03-14,STR-109,In-Store,1,3,50689.78,8442.22,50689.78
2026-03-14,STR-109,Mobile App,2,6,32066.3,12483.28,16033.15
2026-03-14,STR-109,Online,1,2,47903.36,17847.98,47903.36
2026-03-14,STR-110,Mobile App,1,2,27522.54,4351.88,27522.54
2026-03-14,STR-110,Online,1,4,82760.45,20732.65,82760.45
2026-03-14,STR-112,Mobile App,3,5,73052.56,19026.65,24350.85
2026-03-14,STR-113,In-Store,1,5,74817.47,19517.87,74817.47
2026-03-14,STR-114,Online,3,4,37610.75,9780.17,12536.92
2026-03-15,STR-102,In-Store,1,2,13179.22,3683.88,13179.22
2026-03-15,STR-105,In-Store,1,2,35208.22,13088.38,35208.22
2026-03-15,STR-106,In-Store,1,2,44348.24,7552.84,44348.24
2026-03-15,STR-108,Mobile App,1,2,34502.11,8941.15,34502.11
2026-03-15,STR-109,In-Store,1,2,25357.83,8900.49,25357.83
2026-03-15,STR-109,Mobile App,1,2,8857.44,2959.44,8857.44
2026-03-15,STR-111,Mobile App,1,1,16409.09,3560.67,16409.09
2026-03-15,STR-112,Mobile App,1,2,1778.86,415.24,1778.86
2026-03-15,STR-113,In-Store,1,3,5160.91,1566.16,5160.91
2026-03-16,STR-100,In-Store,1,2,21743.84,4096.0,21743.84
2026-03-16,STR-100,Mobile App,3,10,150273.7,27972.42,50091.23
2026-03-16,STR-100,Online,1,2,8857.44,2959.44,8857.44
2026-03-16,STR-101,In-Store,2,7,134846.4,41263.14,67423.2
2026-03-16,STR-101,Online,1,4,19838.14,2765.82,19838.14
2026-03-16,STR-102,Online,2,6,114995.08,29552.9,57497.54
2026-03-16,STR-104,Online,1,2,39539.13,5874.55,39539.13
2026-03-16,STR-105,Online,1,2,3905.43,1283.57,3905.43
2026-03-16,STR-106,Mobile App,1,2,14989.23,386.25,14989.23
2026-03-16,STR-107,Online,2,6,93618.68,15612.08,46809.34
2026-03-16,STR-109,In-Store,1,1,20274.45,5720.67,20274.45
2026-03-16,STR-110,In-Store,1,3,47616.18,12752.64,47616.18
2026-03-16,STR-110,Mobile App,3,10,110677.61,27556.5,36892.54
2026-03-16,STR-110,Online,1,2,36064.7,6588.94,36064.7
2026-03-16,STR-114,Mobile App,1,4,39043.9,10090.26,39043.9
2026-03-17,STR-100,Online,1,3,52868.54,3880.34,52868.54
2026-03-17,STR-101,Mobile App,2,8,104341.89,14252.38,52170.95
2026-03-17,STR-102,Mobile App,1,2,22263.78,6180.18,22263.78
2026-03-17,STR-102,Online,1,3,59308.69,8811.82,59308.69
2026-03-17,STR-105,In-Store,2,3,41580.73,12283.57,20790.36
2026-03-17,STR-105,Mobile App,1,3,37019.08,7553.08,37019.08
2026-03-17,STR-105,Online,1,1,19161.34,4133.65,19161.34
2026-03-17,STR-106,Mobile App,1,5,75392.28,17286.38,75392.28
2026-03-17,STR-106,Online,2,9,87679.31,33424.23,43839.66
2026-03-17,STR-107,In-Store,1,4,76379.01,4635.61,76379.01
2026-03-17,STR-108,Mobile App,1,5,82535.96,6689.46,82535.96
2026-03-17,STR-108,Online,1,3,54126.6,15626.1,54126.6
2026-03-17,STR-113,Online,1,5,14578.88,2563.78,14578.88
2026-03-17,STR-114,Mobile App,1,1,14681.82,1833.4,14681.82
2026-03-18,STR-100,Online,1,4,13120.99,3508.91,13120.99
2026-03-18,STR-107,In-Store,1,1,5895.97,1148.3,5895.97
2026-03-18,STR-109,Mobile App,1,1,19159.37,4421.49,19159.37
2026-03-18,STR-110,Mobile App,1,1,12697.65,1076.47,12697.65
2026-03-18,STR-110,Online,1,2,39420.66,2625.26,39420.66
2026-03-18,STR-111,Online,1,4,83729.92,16400.76,83729.92
2026-03-18,STR-113,Online,1,3,5483.47,1888.72,5483.47
2026-03-18,STR-114,Mobile App,1,3,27612.17,6420.38,27612.17
2026-03-18,STR-114,Online,1,1,9760.97,2522.56,9760.97
2026-03-19,STR-100,In-Store,1,5,82045.47,17803.37,82045.47
2026-03-19,STR-101,Online,1,4,7399.76,2156.04,7399.76
2026-03-19,STR-103,In-Store,1,5,88080.58,22656.08,88080.58
2026-03-19,STR-104,In-Store,1,1,6988.83,2748.54,6988.83
2026-03-19,STR-104,Online,1,4,58727.28,7333.6,58727.28
2026-03-19,STR-105,Online,1,4,50790.59,4305.87,50790.59
2026-03-19,STR-106,Mobile App,1,4,24797.68,7725.36,24797.68
2026-03-19,STR-107,Online,1,5,98896.14,26831.09,98896.14
2026-03-19,STR-108,Online,2,7,16941.53,4066.64,8470.76
2026-03-19,STR-109,In-Store,1,2,21937.23,2293.23,21937.23
2026-03-19,STR-110,In-Store,1,2,26939.99,10257.85,26939.99
2026-03-19,STR-112,In-Store,3,5,77824.84,23169.25,25941.61
2026-03-19,STR-112,Mobile App,1,2,30668.54,5107.58,30668.54
2026-03-19,STR-112,Online,1,4,58485.41,12144.09,58485.41
2026-03-19,STR-113,In-Store,1,3,39075.69,9609.69,39075.69
2026-03-19,STR-114,In-Store,1,4,23762.02,6800.86,23762.02
2026-03-20,STR-101,Mobile App,1,1,6944.15,1855.13,6944.15
2026-03-20,STR-102,Mobile App,1,2,3928.63,1634.15,3928.63
2026-03-20,STR-105,In-Store,2,9,71765.81,21725.13,35882.9
2026-03-20,STR-105,Mobile App,1,2,24883.05,8799.45,24883.05
2026-03-20,STR-106,Online,1,1,5895.97,1148.3,5895.97
2026-03-20,STR-108,Mobile App,1,5,43471.17,15110.77,43471.17
2026-03-20,STR-108,Online,1,2,31687.4,9567.56,31687.4
2026-03-20,STR-109,Online,2,8,128030.96,29932.76,64015.48
2026-03-20,STR-111,Online,1,2,23573.41,7489.81,23573.41
2026-03-20,STR-113,In-Store,1,2,20535.85,2888.01,20535.85
2026-03-20,STR-113,Mobile App,1,3,20832.45,5565.39,20832.45
2026-03-20,STR-114,Online,1,3,2835.06,789.63,2835.06
2026-03-21,STR-103,In-Store,1,1,17952.63,3870.11,17952.63
2026-03-21,STR-108,In-Store,1,1,6578.67,1489.65,6578.67
2026-03-21,STR-108,Online,1,5,46841.35,10333.9,46841.35
2026-03-21,STR-109,In-Store,1,2,5163.57,889.71,5163.57
2026-03-21,STR-110,In-Store,1,3,51753.17,13411.73,51753.17
2026-03-21,STR-111,In-Store,1,2,46812.03,10016.63,46812.03
2026-03-21,STR-112,Online,1,2,3870.68,1474.18,3870.68
2026-03-21,STR-114,Mobile App,1,1,4168.21,1219.21,4168.21
2026-03-21,STR-114,Online,1,4,50790.59,4305.87,50790.59
2026-03-22,STR-100,In-Store,1,3,68025.05,14217.5,68025.05
2026-03-22,STR-100,Online,2,6,105026.78,27787.45,52513.39
2026-03-22,STR-103,In-Store,1,4,13120.99,3508.91,13120.99
2026-03-22,STR-103,Online,1,5,87549.48,19566.33,87549.48
2026-03-22,STR-104,In-Store,2,3,35427.27,10136.4,17713.64
2026-03-22,STR-104,Mobile App,1,5,4725.11,1316.06,4725.11
2026-03-22,STR-105,Mobile App,1,5,101440.87,11761.62,101440.87
2026-03-22,STR-106,In-Store,2,6,102294.55,25291.0,51147.27
2026-03-22,STR-106,Mobile App,1,4,66028.77,5351.57,66028.77
2026-03-22,STR-108,Mobile App,1,3,30153.34,8439.82,30153.34
2026-03-22,STR-110,In-Store,2,8,73002.78,18510.14,36501.39
2026-03-22,STR-110,Mobile App,1,3,29337.93,8146.14,29337.93
2026-03-22,STR-111,Mobile App,1,5,54843.08,5733.08,54843.08
2026-03-22,STR-113,In-Store,1,2,18919.74,4444.06,18919.74
2026-03-22,STR-114,In-Store,1,2,4876.7,602.84,4876.7
2026-03-23,STR-100,Online,1,1,2581.79,444.86,2581.79
2026-03-23,STR-101,In-Store,2,10,183859.75,64657.75,91929.88
2026-03-23,STR-103,In-Store,1,2,23946.66,7264.52,23946.66
2026-03-23,STR-105,Online,1,2,33176.65,5983.39,33176.65
2026-03-23,STR-106,In-Store,1,3,71855.04,26771.97,71855.04
2026-03-23,STR-107,Mobile App,1,3,3168.6,1123.17,3168.6
2026-03-23,STR-109,In-Store,1,3,47531.1,14351.34,47531.1
2026-03-23,STR-109,Mobile App,1,4,32533.92,9638.2,32533.92
2026-03-23,STR-110,Mobile App,1,5,43059.6,14439.95,43059.6
2026-03-23,STR-111,In-Store,1,3,23184.62,6168.38,23184.62
2026-03-23,STR-111,Online,2,7,121766.25,21727.05,60883.12
2026-03-23,STR-113,Online,2,3,27866.11,7885.59,13933.06
2026-03-24,STR-100,Online,1,4,97365.24,35337.44,97365.24
2026-03-24,STR-105,In-Store,1,5,90161.76,16472.36,90161.76
2026-03-24,STR-105,Online,1,1,12697.65,1076.47,12697.65
2026-03-24,STR-106,In-Store,1,3,7315.06,904.27,7315.06
2026-03-24,STR-106,Mobile App,1,3,31063.69,9871.9,31063.69
2026-03-24,STR-108,Mobile App,1,3,15630.78,6783.78,15630.78
2026-03-24,STR-109,Mobile App,2,7,49565.34,8337.6,24782.67
2026-03-24,STR-112,Online,1,1,1696.55,84.78,1696.55
2026-03-24,STR-113,Mobile App,1,2,9919.07,1382.91,9919.07
2026-03-24,STR-113,Online,1,4,25159.79,8198.63,25159.79
2026-03-24,STR-114,Online,1,4,49766.09,17598.89,49766.09
2026-03-25,STR-100,In-Store,1,2,22663.13,4436.19,22663.13
2026-03-25,STR-101,Mobile App,1,2,11986.02,2966.64,11986.02
2026-03-25,STR-102,Mobile App,1,4,88114.24,22796.64,88114.24
2026-03-25,STR-102,Online,1,1,17201.59,5616.26,17201.59
2026-03-25,STR-103,Mobile App,1,3,52868.54,3880.34,52868.54
2026-03-25,STR-104,Mobile App,1,1,1952.72,641.79,1952.72
2026-03-25,STR-105,Mobile App,1,2,26192.68,10109.08,26192.68
2026-03-25,STR-107,In-Store,1,3,32615.76,6144.0,32615.76
2026-03-25,STR-108,Mobile App,1,5,44499.28,7991.83,44499.28
2026-03-25,STR-109,In-Store,2,6,112761.66,27723.0,56380.83
2026-03-25,STR-110,Mobile App,1,5,74173.12,8748.62,74173.12
2026-03-25,STR-112,Mobile App,1,2,2223.58,859.96,2223.58
2026-03-25,STR-113,In-Store,1,2,34280.18,8613.18,34280.18
2026-03-25,STR-114,In-Store,1,5,63608.3,21902.95,63608.3
2026-03-25,STR-114,Online,1,2,30156.91,6914.55,30156.91
2026-03-26,STR-101,In-Store,1,5,99128.52,17481.52,99128.52
2026-03-26,STR-106,Online,1,4,93033.24,25704.08,93033.24
2026-03-26,STR-107,In-Store,2,5,39965.78,7089.72,19982.89
2026-03-26,STR-107,Mobile App,1,5,98896.14,26831.09,98896.14
2026-03-26,STR-107,Online,1,4,6138.3,368.74,6138.3
2026-03-26,STR-109,In-Store,1,5,74817.47,19517.87,74817.47
2026-03-26,STR-109,Mobile App,1,2,48682.62,17668.72,48682.62
2026-03-26,STR-110,Mobile App,1,4,30620.16,7724.44,30620.16
2026-03-26,STR-114,Mobile App,1,3,36416.98,6264.67,36416.98
2026-03-26,STR-114,Online,1,2,35232.23,9062.43,35232.23
2026-03-27,STR-100,Mobile App,1,5,74833.3,33127.95,74833.3
2026-03-27,STR-101,Mobile App,2,7,121057.5,39175.66,60528.75
2026-03-27,STR-102,Mobile App,1,4,47299.36,18348.0,47299.36
2026-03-27,STR-104,Mobile App,1,4,3780.09,1052.85,3780.09
2026-03-27,STR-105,Mobile App,1,1,7655.04,1931.11,7655.04
2026-03-27,STR-107,Online,1,4,63047.15,10707.55,63047.15
2026-03-27,STR-108,Mobile App,1,3,5272.63,1830.91,5272.63
2026-03-27,STR-111,Online,1,5,43059.6,14439.95,43059.6
2026-03-27,STR-112,In-Store,1,4,63488.24,17003.52,63488.24
2026-03-27,STR-113,In-Store,1,3,23889.09,1984.62,23889.09
2026-03-28,STR-100,In-Store,1,3,44899.98,19876.77,44899.98
2026-03-28,STR-102,In-Store,1,5,119758.4,44619.95,119758.4
2026-03-28,STR-102,Mobile App,1,3,56214.65,12975.62,56214.65
2026-03-28,STR-102,Online,2,7,113967.18,29164.58,56983.59
2026-03-28,STR-103,In-Store,1,1,23258.31,6426.02,23258.31
2026-03-28,STR-106,In-Store,1,3,37015.97,9746.21,37015.97
2026-03-28,STR-106,Mobile App,1,4,4002.44,1275.2,4002.44
2026-03-28,STR-107,Online,1,5,68806.36,10879.71,68806.36
2026-03-28,STR-109,In-Store,3,11,180062.07,29657.8,60020.69
2026-03-28,STR-110,In-Store,2,5,99580.59,22641.81,49790.3
2026-03-28,STR-110,Online,2,7,113973.31,16367.45,56986.66
2026-03-28,STR-111,Mobile App,1,1,18724.28,2394.88,18724.28
2026-03-28,STR-112,In-Store,1,1,21120.74,7038.22,21120.74
2026-03-28,STR-114,Online,1,5,90211.0,26043.5,90211.0
2026-03-29,STR-100,Online,1,4,23583.86,4593.18,23583.86
2026-03-29,STR-102,Mobile App,1,3,36416.98,6264.67,36416.98
2026-03-29,STR-102,Online,2,6,89752.47,15071.79,44876.24
2026-03-29,STR-103,In-Store,1,2,39204.58,8865.98,39204.58
2026-03-29,STR-103,Mobile App,1,5,9304.65,3568.45,9304.65
2026-03-29,STR-103,Online,1,1,9368.27,2066.78,9368.27
2026-03-29,STR-104,Mobile App,2,9,91767.42,26372.26,45883.71
2026-03-29,STR-105,In-Store,1,1,13469.99,5128.92,13469.99
2026-03-29,STR-107,Online,1,4,76379.01,4635.61,76379.01
2026-03-29,STR-109,Online,1,5,104101.2,32036.15,104101.2
2026-03-29,STR-110,Mobile App,1,1,14966.66,6625.59,14966.66
2026-03-29,STR-112,In-Store,2,8,105170.18,9188.29,52585.09
2026-03-29,STR-112,Mobile App,1,4,18267.39,3086.67,18267.39
2026-03-29,STR-113,In-Store,2,6,41310.36,11054.4,20655.18
2026-03-29,STR-113,Mobile App,1,3,45521.22,15368.91,45521.22
2026-03-30,STR-100,Online,1,4,6577.57,1333.85,6577.57
2026-03-30,STR-101,Mobile App,1,5,39815.15,3307.7,39815.15
2026-03-30,STR-103,In-Store,1,2,12426.37,2248.33,12426.37
2026-03-30,STR-103,Online,1,5,95043.33,24630.73,95043.33
2026-03-30,STR-104,In-Store,1,3,44899.98,19876.77,44899.98
2026-03-30,STR-107,Mobile App,1,5,107407.98,17728.73,107407.98
2026-03-30,STR-108,Online,1,1,15335.87,2502.37,15335.87
2026-03-30,STR-109,Mobile App,1,5,15352.66,4848.26,15352.66
2026-03-30,STR-110,Mobile App,2,6,25525.63,4601.73,12762.81
2026-03-30,STR-111,In-Store,2,10,122618.63,35907.93,61309.32
2026-03-30,STR-111,Mobile App,1,2,46812.03,10016.63,46812.03
2026-03-30,STR-113,Mobile App,1,5,48319.64,4200.04,48319.64
2026-03-31,STR-100,Online,1,5,8221.96,1667.31,8221.96
2026-03-31,STR-103,In-Store,1,3,31927.07,10213.55,31927.07
2026-03-31,STR-105,Mobile App,1,2,32683.02,9512.36,32683.02
2026-03-31,STR-105,Online,1,4,57139.42,10654.7,57139.42
2026-03-31,STR-108,Mobile App,1,5,71091.63,29386.28,71091.63
2026-03-31,STR-111,In-Store,1,1,3232.14,1131.26,3232.14
2026-04-01,STR-100,Online,1,1,10968.62,1146.62,10968.62
2026-04-01,STR-102,Online,2,9,88811.21,23416.05,44405.6
2026-04-01,STR-104,In-Store,1,4,59866.64,26502.36,59866.64
2026-04-01,STR-106,Mobile App,2,4,30982.32,8479.6,15491.16
2026-04-01,STR-107,Online,1,2,11098.29,1602.95,11098.29
2026-04-01,STR-108,In-Store,1,4,31852.12,2646.16,31852.12
2026-04-01,STR-110,Online,1,2,34466.56,5359.0,34466.56
2026-04-01,STR-111,Mobile App,1,4,71810.52,15480.44,71810.52
2026-04-01,STR-112,In-Store,1,2,9704.55,2114.19,9704.55
2026-04-01,STR-113,Online,1,1,5423.13,1627.95,5423.13
2026-04-01,STR-114,Mobile App,2,6,67298.24,8369.84,33649.12
2026-04-02,STR-102,Mobile App,1,5,33294.5,10746.05,33294.5
2026-04-02,STR-102,Online,1,2,20709.13,6581.27,20709.13
2026-04-02,STR-103,In-Store,1,2,37086.56,10916.76,37086.56
2026-04-02,STR-107,Mobile App,1,2,21284.71,6809.03,21284.71
2026-04-02,STR-108,In-Store,2,9,78835.74,34403.15,39417.87
2026-04-02,STR-109,In-Store,1,5,113770.48,38632.03,113770.48
2026-04-02,STR-109,Mobile App,2,5,40150.16,8514.77,20075.08
2026-04-02,STR-109,Online,1,5,59665.48,18522.13,59665.48
2026-04-02,STR-110,Mobile App,1,4,93033.24,25704.08,93033.24
2026-04-02,STR-111,In-Store,1,1,10477.07,2435.27,10477.07
2026-04-03,STR-104,In-Store,1,5,67349.97,25644.62,67349.97
2026-04-03,STR-104,Online,2,2,13202.31,2936.0,6601.16
2026-04-03,STR-105,Online,1,1,10051.11,2813.27,10051.11
2026-04-03,STR-106,Online,1,5,70416.44,15116.84,70416.44
2026-04-03,STR-107,In-Store,2,6,63776.06,17136.22,31888.03
2026-04-03,STR-108,In-Store,1,3,35360.12,11234.72,35360.12
2026-04-03,STR-109,Online,2,6,118280.04,30362.72,59140.02
2026-04-03,STR-111,Mobile App,1,1,20358.93,5331.24,20358.93
2026-04-03,STR-111,Online,1,1,16723.9,5663.98,16723.9
2026-04-03,STR-114,Mobile App,1,3,17543.11,2276.05,17543.11
2026-04-04,STR-102,In-Store,2,5,74124.11,18618.66,37062.06
2026-04-04,STR-105,Mobile App,1,1,13424.73,5196.06,13424.73
2026-04-04,STR-106,Online,1,2,40129.41,11964.37,40129.41
2026-04-04,STR-107,Mobile App,1,5,83619.52,28319.92,83619.52
2026-04-04,STR-110,Mobile App,1,5,86007.95,28081.3,86007.95
2026-04-04,STR-112,In-Store,2,5,48305.34,7654.07,24152.67
2026-04-04,STR-112,Online,1,4,38641.04,15952.72,38641.04
2026-04-04,STR-113,In-Store,1,2,33447.81,11327.97,33447.81
2026-04-05,STR-101,Online,3,10,106227.32,27504.84,35409.11
2026-04-05,STR-102,In-Store,1,4,38655.71,3360.03,38655.71
2026-04-05,STR-104,Online,5,11,136329.03,38627.27,27265.81
2026-04-05,STR-105,Mobile App,1,4,55523.95,19164.27,55523.95
2026-04-05,STR-106,Mobile App,1,5,9249.7,2695.05,9249.7
2026-04-05,STR-107,In-Store,1,2,11320.13,2300.75,11320.13
2026-04-05,STR-107,Mobile App,1,4,57660.21,17457.13,57660.21
2026-04-05,STR-108,Mobile App,1,2,35019.79,7826.53,35019.79
2026-04-05,STR-112,Mobile App,2,3,15373.27,4895.15,7686.64
2026-04-05,STR-113,In-Store,1,1,5591.06,1350.77,5591.06
2026-04-06,STR-100,Online,1,1,2747.32,646.44,2747.32
2026-04-06,STR-101,In-Store,3,10,70627.28,16268.63,23542.43
2026-04-06,STR-101,Mobile App,1,3,32789.45,11597.66,32789.45
2026-04-06,STR-102,Online,1,2,15310.08,3862.22,15310.08
2026-04-06,STR-103,In-Store,1,5,15352.66,4848.26,15352.66
2026-04-06,STR-104,In-Store,1,4,42808.14,6354.26,42808.14
2026-04-06,STR-105,Online,2,6,52314.1,9574.78,26157.05
2026-04-06,STR-108,In-Store,1,1,2438.35,301.42,2438.35
2026-04-06,STR-108,Mobile App,1,2,30962.86,7792.2,30962.86
2026-04-06,STR-109,Online,1,4,47299.36,18348.0,47299.36
2026-04-06,STR-110,In-Store,1,3,19930.48,4182.04,19930.48
2026-04-06,STR-110,Online,1,5,77407.16,19480.51,77407.16
2026-04-06,STR-111,Online,1,2,29242.7,6072.04,29242.7
2026-04-06,STR-112,Mobile App,1,5,88486.02,16420.97,88486.02
2026-04-06,STR-113,Online,2,5,67188.74,18856.59,33594.37
2026-04-06,STR-114,Mobile App,1,2,28166.58,6046.74,28166.58
2026-04-07,STR-100,Online,2,7,80117.55,18231.51,40058.78
2026-04-07,STR-103,Mobile App,1,3,16783.56,1035.12,16783.56
2026-04-07,STR-106,In-Store,1,4,49766.09,17598.89,49766.09
2026-04-07,STR-106,Mobile App,1,1,2747.32,646.44,2747.32
2026-04-07,STR-108,Mobile App,1,2,33014.38,2675.78,33014.38
2026-04-07,STR-110,Mobile App,1,4,31852.12,2646.16,31852.12
2026-04-07,STR-110,Online,1,2,12485.57,2990.23,12485.57
2026-04-07,STR-111,In-Store,1,1,2725.22,588.29,2725.22
2026-04-07,STR-113,In-Store,1,1,11505.07,4441.14,11505.07
2026-04-07,STR-113,Mobile App,2,6,101877.38,21870.64,50938.69
2026-04-07,STR-113,Online,1,4,42808.14,6354.26,42808.14
2026-04-08,STR-101,Mobile App,1,3,28379.62,6666.1,28379.62
2026-04-08,STR-102,In-Store,1,5,8601.52,2610.27,8601.52
2026-04-08,STR-102,Mobile App,1,4,77892.19,15864.39,77892.19
2026-04-08,STR-105,Online,3,9,128964.34,28258.1,42988.11
2026-04-08,STR-107,In-Store,1,1,19825.7,3496.3,19825.7
2026-04-08,STR-107,Mobile App,2,4,81168.69,16301.22,40584.34
2026-04-08,STR-108,In-Store,1,2,31687.4,9567.56,31687.4
2026-04-08,STR-110,Mobile App,1,5,61693.28,16243.68,61693.28
2026-04-08,STR-112,Mobile App,3,8,143982.66,30409.24,47994.22
2026-04-08,STR-113,Online,2,8,37240.76,7272.6,18620.38
2026-04-09,STR-101,Mobile App,1,2,17467.01,2990.19,17467.01
2026-04-09,STR-101,Online,1,4,66624.77,8972.73,66624.77
2026-04-09,STR-103,Online,1,1,15872.06,4250.88,15872.06
2026-04-09,STR-104,Online,1,4,72988.02,14772.9,72988.02
2026-04-09,STR-105,Online,1,1,2294.92,157.99,2294.92
2026-04-09,STR-106,In-Store,1,2,46516.62,12852.04,46516.62
2026-04-09,STR-106,Mobile App,2,5,53594.66,15039.9,26797.33
2026-04-09,STR-108,Online,1,1,6993.15,1743.67,6993.15
2026-04-09,STR-112,Online,1,2,3308.32,1013.84,3308.32
2026-04-09,STR-113,Online,2,6,57179.47,15992.89,28589.74
2026-04-10,STR-108,Online,1,1,1827.82,629.57,1827.82
2026-04-10,STR-110,In-Store,2,2,10430.05,1579.87,5215.02
2026-04-10,STR-110,Online,1,5,45451.8,16832.15,45451.8
2026-04-10,STR-112,In-Store,1,4,13849.94,4237.86,13849.94
2026-04-11,STR-101,Mobile App,1,3,19976.7,6447.63,19976.7
2026-04-11,STR-101,Online,1,3,42654.98,17631.77,42654.98
2026-04-11,STR-102,Online,1,2,34502.11,8941.15,34502.11
2026-04-11,STR-103,In-Store,1,2,39204.58,8865.98,39204.58
2026-04-11,STR-103,Mobile App,1,5,104101.2,32036.15,104101.2
2026-04-11,STR-103,Online,1,5,31065.93,5620.83,31065.93
2026-04-11,STR-105,In-Store,1,4,40290.02,3836.14,40290.02
2026-04-11,STR-109,In-Store,1,5,76679.35,12511.85,76679.35
2026-04-11,STR-109,Mobile App,1,4,47146.82,14979.62,47146.82
2026-04-11,STR-110,Online,1,1,19473.05,3966.1,19473.05
2026-04-11,STR-112,In-Store,1,2,41864.96,8200.38,41864.96
2026-04-11,STR-112,Online,1,3,64444.79,10637.24,64444.79
2026-04-11,STR-113,In-Store,1,1,4428.72,1479.72,4428.72
2026-04-12,STR-100,In-Store,1,1,19602.29,4432.99,19602.29
2026-04-12,STR-100,Mobile App,2,8,68820.62,26328.78,34410.31
2026-04-12,STR-100,Online,1,2,3452.8,568.02,3452.8
2026-04-12,STR-102,In-Store,1,2,31744.12,8501.76,31744.12
2026-04-12,STR-105,In-Store,1,2,32818.19,7121.35,32818.19
2026-04-12,STR-105,Mobile App,1,5,73725.88,5742.73,73725.88
2026-04-12,STR-107,Mobile App,1,1,2908.93,808.05,2908.93
2026-04-12,STR-109,Mobile App,2,7,129085.49,28194.42,64542.74
2026-04-12,STR-110,In-Store,1,2,26849.47,10392.13,26849.47
2026-04-12,STR-111,Online,1,5,67456.25,9350.35,67456.25
2026-04-12,STR-114,In-Store,1,1,2908.93,808.05,2908.93
2026-04-13,STR-100,In-Store,1,4,52385.36,20218.16,52385.36
2026-04-13,STR-101,Online,1,1,6213.19,1124.17,6213.19
2026-04-13,STR-102,Mobile App,1,3,42854.56,7991.02,42854.56
2026-04-13,STR-103,In-Store,1,3,26200.51,4485.28,26200.51
2026-04-13,STR-103,Mobile App,1,2,14989.23,386.25,14989.23
2026-04-13,STR-104,In-Store,1,2,13317.8,4298.42,13317.8
2026-04-13,STR-105,Online,1,4,7443.72,2854.76,7443.72
2026-04-13,STR-107,Mobile App,1,5,78808.94,13384.44,78808.94
2026-04-13,STR-108,Mobile App,1,1,4852.28,1057.1,4852.28
2026-04-13,STR-108,Online,1,1,11331.57,2218.1,11331.57
2026-04-13,STR-110,Mobile App,2,5,57815.94,14081.17,28907.97
2026-04-13,STR-114,In-Store,1,2,40572.79,11097.03,40572.79
2026-04-14,STR-100,Mobile App,1,2,20535.85,2888.01,20535.85
2026-04-14,STR-101,Online,1,5,27972.6,1725.2,27972.6
2026-04-14,STR-103,In-Store,1,2,13278.78,4798.2,13278.78
2026-04-14,STR-106,Mobile App,2,8,35949.85,9265.45,17974.92
2026-04-14,STR-108,Mobile App,1,5,79360.3,21254.4,79360.3
2026-04-15,STR-100,Mobile App,1,5,69090.92,4848.82,69090.92
2026-04-15,STR-101,In-Store,1,4,43874.46,4586.46,43874.46
2026-04-15,STR-101,Mobile App,1,3,9840.74,2631.68,9840.74
2026-04-15,STR-102,Online,1,1,16341.51,4756.18,16341.51
2026-04-15,STR-104,Mobile App,1,5,8270.8,2534.6,8270.8
2026-04-15,STR-106,Mobile App,1,1,3070.53,969.65,3070.53
2026-04-15,STR-107,In-Store,1,1,22754.1,7726.41,22754.1
2026-04-15,STR-111,Online,1,3,33395.67,9270.27,33395.67
2026-04-15,STR-113,In-Store,1,1,12138.99,2088.22,12138.99
2026-04-15,STR-114,In-Store,1,3,38164.98,13141.77,38164.98
2026-04-16,STR-103,Online,1,4,55045.09,8703.77,55045.09
2026-04-16,STR-105,Mobile App,1,2,23946.66,7264.52,23946.66
2026-04-16,STR-105,Online,1,4,22317.91,5245.59,22317.91
2026-04-16,STR-107,In-Store,1,2,13278.78,4798.2,13278.78
2026-04-16,STR-109,Mobile App,1,1,14218.33,5877.26,14218.33
2026-04-16,STR-110,Mobile App,3,8,98656.23,18156.34,32885.41
2026-04-16,STR-111,Mobile App,1,1,9204.06,2140.13,9204.06
2026-04-16,STR-111,Online,2,2,6193.9,1716.91,3096.95
2026-04-16,STR-113,In-Store,2,8,108679.58,16979.03,54339.79
2026-04-16,STR-113,Online,2,4,59235.66,13874.78,29617.83
2026-04-16,STR-114,Online,1,2,12651.91,3632.53,12651.91
2026-04-17,STR-100,In-Store,2,6,77808.58,16838.65,38904.29
2026-04-17,STR-101,In-Store,1,5,74581.85,33438.5,74581.85
2026-04-17,STR-101,Online,1,1,18543.28,5458.38,18543.28
2026-04-17,STR-104,Online,1,2,23866.19,7408.85,23866.19
2026-04-17,STR-107,In-Store,1,4,4002.44,1275.2,4002.44
2026-04-17,STR-108,In-Store,1,4,7672.88,1903.32,7672.88
2026-04-17,STR-109,In-Store,1,2,29363.64,3666.8,29363.64
2026-04-17,STR-110,In-Store,1,3,15630.78,6783.78,15630.78
2026-04-17,STR-111,In-Store,1,4,57735.04,6401.04,57735.04
2026-04-17,STR-111,Mobile App,2,5,30438.46,8438.31,15219.23
2026-04-17,STR-112,In-Store,1,1,2581.79,444.86,2581.79
2026-04-17,STR-113,Mobile App,1,5,47299.36,11110.16,47299.36
2026-04-17,STR-114,Mobile App,1,5,58933.53,18724.53,58933.53
2026-04-17,STR-114,Online,1,1,6293.84,1044.36,6293.84
2026-04-18,STR-101,Online,1,1,15761.79,2676.89,15761.79
2026-04-18,STR-102,In-Store,1,5,117030.07,25041.57,117030.07
2026-04-18,STR-102,Online,1,2,19327.86,1680.02,19327.86
2026-04-18,STR-104,Mobile App,1,5,68553.85,19443.85,68553.85
2026-04-18,STR-105,In-Store,2,5,66604.31,6097.16,33302.16
2026-04-18,STR-105,Mobile App,1,3,45235.37,10371.83,45235.37
2026-04-18,STR-108,Mobile App,1,2,39539.13,5874.55,39539.13
2026-04-18,STR-109,In-Store,4,11,188111.25,45515.88,47027.81
2026-04-18,STR-113,Mobile App,1,2,27522.54,4351.88,27522.54
2026-04-19,STR-101,Online,1,1,16341.51,4756.18,16341.51
2026-04-19,STR-102,Mobile App,2,4,47342.52,9471.58,23671.26
2026-04-19,STR-104,In-Store,1,5,8601.52,2610.27,8601.52
2026-04-19,STR-104,Mobile App,1,3,49764.97,8975.08,49764.97
2026-04-19,STR-105,In-Store,1,3,49764.97,8975.08,49764.97
2026-04-19,STR-106,In-Store,2,6,112538.98,24953.46,56269.49
2026-04-19,STR-107,In-Store,1,5,9591.1,2379.15,9591.1
2026-04-19,STR-107,Mobile App,1,4,50790.59,4305.87,50790.59
2026-04-19,STR-107,Online,1,3,6203.1,2761.38,6203.1
2026-04-19,STR-108,Mobile App,1,3,21928.89,6661.83,21928.89
2026-04-19,STR-108,Online,1,5,58933.53,18724.53,58933.53
2026-04-19,STR-109,Online,1,4,43487.68,8192.0,43487.68
2026-04-19,STR-112,Online,1,4,7634.48,1187.4,7634.48
2026-04-20,STR-100,Online,1,5,119758.4,44619.95,119758.4
2026-04-20,STR-104,Online,1,1,6589.61,1841.94,6589.61
2026-04-20,STR-105,Online,1,5,74817.47,19517.87,74817.47
2026-04-20,STR-109,Mobile App,1,5,45451.8,16832.15,45451.8
2026-04-20,STR-109,Online,1,3,16783.56,1035.12,16783.56
2026-04-20,STR-110,In-Store,1,3,7757.14,1454.5,7757.14
2026-04-20,STR-111,In-Store,1,3,35883.3,8542.89,35883.3
2026-04-20,STR-113,Mobile App,1,2,2001.22,637.6,2001.22
2026-04-20,STR-114,In-Store,1,3,32789.45,11597.66,32789.45
2026-04-20,STR-114,Mobile App,2,6,68400.6,15816.15,34200.3
2026-04-21,STR-100,Mobile App,1,3,8747.33,1538.27,8747.33
2026-04-21,STR-101,In-Store,3,6,57068.2,17160.44,19022.73
2026-04-21,STR-102,Mobile App,1,2,35208.22,13088.38,35208.22
2026-04-21,STR-102,Online,1,4,8601.52,3808.52,8601.52
2026-04-21,STR-103,Mobile App,1,1,11505.07,4441.14,11505.07
2026-04-21,STR-103,Online,2,8,149765.99,41479.14,74883.0
2026-04-21,STR-104,Online,2,2,30592.74,8088.37,15296.37
2026-04-21,STR-105,In-Store,1,4,61693.28,25333.6,61693.28
2026-04-21,STR-105,Online,1,1,17697.2,3284.19,17697.2
2026-04-21,STR-106,Mobile App,1,1,13656.37,3605.6,13656.37
2026-04-21,STR-107,Mobile App,1,1,10477.07,2435.27,10477.07
2026-04-21,STR-107,Online,1,4,21078.03,4005.71,21078.03
2026-04-21,STR-108,In-Store,1,3,34427.74,7955.98,34427.74
2026-04-21,STR-110,In-Store,1,1,19769.56,2937.27,19769.56
2026-04-21,STR-110,Online,1,5,9821.57,4085.37,9821.57
2026-04-21,STR-113,Mobile App,1,2,3644.62,759.84,3644.62
2026-04-21,STR-114,Online,1,3,64444.79,10637.24,64444.79
2026-04-22,STR-101,In-Store,2,7,71895.45,14492.52,35947.73
2026-04-22,STR-103,Online,1,3,51604.77,16848.78,51604.77
2026-04-22,STR-107,In-Store,2,6,27806.02,3584.56,13903.01
2026-04-22,STR-107,Online,1,1,10929.82,3865.89,10929.82
2026-04-22,STR-108,Mobile App,1,5,8270.8,2534.6,8270.8
2026-04-22,STR-109,Online,1,2,28569.71,5327.35,28569.71
2026-04-22,STR-111,In-Store,1,3,55819.94,5323.07,55819.94
2026-04-22,STR-113,Online,1,1,5549.14,801.47,5549.14
2026-04-22,STR-114,In-Store,1,4,58727.28,7333.6,58727.28
2026-04-22,STR-114,Mobile App,1,2,17223.84,5775.98,17223.84
2026-04-22,STR-114,Online,1,2,26219.64,8039.8,26219.64
2026-04-23,STR-100,Mobile App,3,11,197499.55,48698.6,65833.18
2026-04-23,STR-102,Mobile App,1,3,44045.46,5500.2,44045.46
2026-04-23,STR-103,In-Store,1,5,12928.56,2424.16,12928.56
2026-04-23,STR-103,Online,1,4,41098.84,12145.2,41098.84
2026-04-23,STR-105,In-Store,1,1,15843.7,4783.78,15843.7
2026-04-23,STR-105,Online,1,5,57379.57,13259.97,57379.57
2026-04-23,STR-107,Online,1,4,27955.32,10994.16,27955.32
2026-04-23,STR-109,In-Store,1,5,32948.04,9209.69,32948.04
2026-04-23,STR-110,In-Store,1,5,72168.8,8001.3,72168.8
2026-04-23,STR-112,Mobile App,1,1,3098.01,694.99,3098.01
2026-04-23,STR-112,Online,1,1,2725.22,588.29,2725.22
2026-04-23,STR-113,Online,1,3,10934.16,3725.1,10934.16
2026-04-24,STR-100,Mobile App,1,2,40717.86,10662.48,40717.86
2026-04-24,STR-101,In-Store,1,1,19159.37,4421.49,19159.37
2026-04-24,STR-101,Mobile App,1,5,92157.35,24174.2,92157.35
2026-04-24,STR-102,Mobile App,1,1,9663.93,840.01,9663.93
2026-04-24,STR-104,In-Store,1,1,10354.56,3290.63,10354.56
2026-04-24,STR-104,Mobile App,1,2,19320.52,7976.36,19320.52
2026-04-24,STR-107,In-Store,1,3,58419.14,11898.29,58419.14
2026-04-24,STR-109,In-Store,1,5,41098.84,4906.79,41098.84
2026-04-24,STR-111,Mobile App,1,3,49024.53,14268.54,49024.53
2026-04-24,STR-113,In-Store,2,7,72552.53,14682.27,36276.26
2026-04-24,STR-113,Mobile App,1,3,42654.98,17631.77,42654.98
2026-04-24,STR-114,Online,1,1,16507.19,1337.89,16507.19
2026-04-25,STR-101,In-Store,2,6,88560.5,7492.45,44280.25
2026-04-25,STR-103,Mobile App,1,5,15352.66,4848.26,15352.66
2026-04-25,STR-104,In-Store,1,3,28991.78,2520.02,28991.78
2026-04-25,STR-104,Online,1,2,32585.33,7024.37,32585.33
2026-04-25,STR-106,Mobile App,1,1,4949.75,2000.75,4949.75
2026-04-25,STR-107,Mobile App,1,5,9111.54,1899.59,9111.54
2026-04-25,STR-107,Online,1,4,22196.58,3205.9,22196.58
2026-04-25,STR-110,Mobile App,1,4,10900.87,2353.15,10900.87
2026-04-25,STR-111,Mobile App,2,7,123098.36,22237.8,61549.18
2026-04-25,STR-111,Online,1,3,50171.71,16991.95,50171.71
2026-04-25,STR-113,In-Store,1,1,2042.86,844.61,2042.86
2026-04-25,STR-113,Online,1,4,7443.72,2854.76,7443.72
2026-04-26,STR-100,In-Store,1,1,6944.15,1855.13,6944.15
2026-04-26,STR-102,In-Store,1,1,1849.94,539.01,1849.94
2026-04-26,STR-102,Mobile App,1,4,80258.81,23928.73,80258.81
2026-04-26,STR-103,In-Store,1,2,24277.98,4176.44,24277.98
2026-04-26,STR-104,In-Store,1,4,57735.04,6401.04,57735.04
2026-04-26,STR-104,Online,1,5,85700.45,21532.95,85700.45
2026-04-26,STR-105,In-Store,1,3,57484.03,12400.96,57484.03
2026-04-26,STR-106,Online,1,1,19260.73,4706.95,19260.73
2026-04-26,STR-107,Online,1,4,45326.27,8872.39,45326.27
2026-04-26,STR-108,In-Store,1,1,11331.57,2218.1,11331.57
2026-04-26,STR-108,Mobile App,1,1,20932.48,4100.19,20932.48
2026-04-26,STR-110,In-Store,1,3,5725.86,890.55,5725.86
2026-04-26,STR-110,Mobile App,1,3,16647.43,2404.42,16647.43
2026-04-26,STR-110,Online,1,2,24679.39,5035.39,24679.39
2026-04-26,STR-111,In-Store,1,4,81145.58,22194.06,81145.58
2026-04-26,STR-113,In-Store,2,5,40607.29,9577.75,20303.64
2026-04-26,STR-113,Online,1,3,13286.16,4439.16,13286.16
2026-04-27,STR-100,In-Store,1,4,46020.28,17764.56,46020.28
2026-04-27,STR-100,Mobile App,1,5,9012.93,954.08,9012.93
2026-04-27,STR-103,Online,1,2,37141.18,6802.58,37141.18
2026-04-27,STR-104,Online,1,1,11475.91,2651.99,11475.91
2026-04-27,STR-106,In-Store,1,4,76671.36,25549.44,76671.36
2026-04-27,STR-106,Mobile App,1,5,82941.62,14958.47,82941.62
2026-04-27,STR-107,Mobile App,1,5,4725.11,1316.06,4725.11
2026-04-27,STR-109,In-Store,1,3,52812.33,19632.57,52812.33
2026-04-27,STR-109,Mobile App,1,3,51753.17,13411.73,51753.17
2026-04-27,STR-109,Online,1,4,39117.24,10861.52,39117.24
2026-04-27,STR-111,Online,1,1,1654.16,506.92,1654.16
2026-04-27,STR-112,In-Store,1,1,8899.86,1598.37,8899.86
2026-04-27,STR-112,Mobile App,1,5,82941.62,14958.47,82941.62
2026-04-27,STR-112,Online,1,5,20841.04,6096.04,20841.04
2026-04-27,STR-114,In-Store,1,4,46020.28,17764.56,46020.28
2026-04-28,STR-100,In-Store,1,2,36084.4,10417.4,36084.4
2026-04-28,STR-100,Online,2,10,33938.09,8970.94,16969.04
2026-04-28,STR-102,Mobile App,1,4,7210.35,763.27,7210.35
2026-04-28,STR-103,Online,1,3,28991.78,2520.02,28991.78
2026-04-28,STR-106,In-Store,1,1,6589.61,1841.94,6589.61
2026-04-28,STR-106,Mobile App,1,4,13120.99,3508.91,13120.99
2026-04-28,STR-106,Online,1,2,2223.58,859.96,2223.58
2026-04-28,STR-107,Mobile App,1,3,10934.16,3725.1,10934.16
2026-04-28,STR-108,In-Store,1,1,13761.27,2175.94,13761.27
2026-04-28,STR-108,Mobile App,1,3,26699.57,4795.1,26699.57
2026-04-28,STR-112,In-Store,1,4,46616.62,7328.62,46616.62
2026-04-28,STR-112,Mobile App,1,5,9676.71,3685.46,9676.71
2026-04-28,STR-112,Online,1,4,7741.37,2948.37,7741.37
2026-04-28,STR-113,In-Store,2,9,47969.92,11587.75,23984.96
2026-04-28,STR-113,Mobile App,1,3,66085.68,17097.48,66085.68
2026-04-29,STR-100,Mobile App,1,2,28341.1,11883.76,28341.1
2026-04-29,STR-101,In-Store,1,2,31687.4,9567.56,31687.4
2026-04-29,STR-101,Mobile App,1,5,8787.72,3051.52,8787.72
2026-04-29,STR-101,Online,2,6,117902.11,25931.37,58951.06
2026-04-29,STR-102,Mobile App,1,5,31213.94,7475.59,31213.94
2026-04-29,STR-105,In-Store,1,4,22640.26,4601.5,22640.26
2026-04-29,STR-107,In-Store,1,5,103169.95,27323.45,103169.95
2026-04-29,STR-108,In-Store,1,4,58485.41,12144.09,58485.41
2026-04-29,STR-108,Online,2,4,18145.72,4728.97,9072.86
2026-04-29,STR-109,Online,1,3,46007.61,7507.11,46007.61
2026-04-29,STR-110,In-Store,2,6,21813.06,6555.27,10906.53
2026-04-29,STR-112,Mobile App,2,10,142033.07,32151.62,71016.54
2026-04-29,STR-112,Online,2,7,94259.81,11673.68,47129.9
2026-04-29,STR-113,Online,1,5,42157.22,5649.77,42157.22
2026-04-29,STR-114,In-Store,2,6,64232.42,16079.27,32116.21
2026-04-30,STR-100,Mobile App,1,4,98551.64,24960.84,98551.64
2026-04-30,STR-102,In-Store,1,5,68281.83,18027.98,68281.83
2026-04-30,STR-102,Mobile App,1,3,41132.31,11666.31,41132.31
2026-04-30,STR-103,Mobile App,1,2,2112.4,748.78,2112.4
2026-04-30,STR-103,Online,2,6,107372.34,17449.1,53686.17
2026-04-30,STR-105,Mobile App,1,1,1802.59,190.82,1802.59
2026-04-30,STR-107,In-Store,1,4,74173.12,21833.52,74173.12
2026-04-30,STR-108,In-Store,1,5,9676.71,3685.46,9676.71
2026-04-30,STR-109,In-Store,1,3,29282.92,7567.69,29282.92
2026-04-30,STR-110,In-Store,1,1,3070.53,969.65,3070.53
2026-04-30,STR-111,Online,1,1,16292.66,3512.18,16292.66
2026-04-30,STR-113,In-Store,2,6,64247.68,22208.23,32123.84
2026-04-30,STR-114,In-Store,1,3,29337.93,8146.14,29337.93
2026-04-30,STR-114,Online,1,3,5272.63,1830.91,5272.63
2026-05-01,STR-102,Online,1,3,43864.05,9108.06,43864.05
2026-05-01,STR-105,Online,1,4,10342.85,1939.33,10342.85
2026-05-01,STR-106,Mobile App,1,3,49764.97,8975.08,49764.97
2026-05-01,STR-106,Online,1,3,42249.86,9070.1,42249.86
2026-05-01,STR-107,In-Store,1,4,44527.56,12360.36,44527.56
2026-05-01,STR-112,Mobile App,1,4,63374.8,19135.12,63374.8
2026-05-01,STR-113,In-Store,1,4,57660.21,17457.13,57660.21
2026-05-01,STR-114,In-Store,1,1,5940.51,1700.22,5940.51
2026-05-01,STR-114,Mobile App,1,1,13109.82,4019.9,13109.82
2026-05-02,STR-100,In-Store,2,3,62590.78,19518.39,31295.39
2026-05-02,STR-104,In-Store,1,5,10214.3,4223.05,10214.3
2026-05-02,STR-104,Mobile App,2,7,100397.12,24316.42,50198.56
2026-05-02,STR-105,In-Store,2,7,127678.62,32101.37,63839.31
2026-05-02,STR-105,Online,1,5,67123.67,25980.32,67123.67
2026-05-02,STR-107,In-Store,1,3,62460.72,19221.69,62460.72
2026-05-02,STR-108,Online,2,7,89085.2,16035.97,44542.6
2026-05-02,STR-109,Mobile App,2,4,42054.88,9757.0,21027.44
2026-05-02,STR-112,In-Store,1,5,98551.64,6563.14,98551.64
2026-05-02,STR-113,In-Store,1,5,29965.05,7416.6,29965.05
2026-05-02,STR-114,Online,1,1,16588.32,2991.69,16588.32
2026-05-03,STR-100,Mobile App,1,3,65721.54,19200.69,65721.54
2026-05-03,STR-100,Online,2,2,21211.48,7620.93,10605.74
2026-05-03,STR-103,In-Store,1,1,17952.63,3870.11,17952.63
2026-05-03,STR-105,Online,1,2,12485.57,2990.23,12485.57
2026-05-03,STR-107,In-Store,1,5,32948.04,9209.69,32948.04
2026-05-03,STR-108,Mobile App,1,3,7315.06,904.27,7315.06
2026-05-03,STR-109,Online,1,2,49275.82,12480.42,49275.82
2026-05-03,STR-110,Mobile App,1,3,57484.03,12400.96,57484.03
2026-05-03,STR-110,Online,2,4,25824.4,7206.31,12912.2
2026-05-03,STR-111,In-Store,1,1,9459.87,2222.03,9459.87
2026-05-03,STR-112,Online,1,4,82760.45,20732.65,82760.45
2026-05-03,STR-114,In-Store,3,11,91773.84,22291.78,30591.28
2026-05-03,STR-114,Online,1,4,88696.48,15105.68,88696.48
2026-05-04,STR-103,Mobile App,1,5,33294.5,10746.05,33294.5
2026-05-04,STR-104,In-Store,1,5,86007.95,28081.3,86007.95
2026-05-04,STR-106,Online,1,4,13849.94,4237.86,13849.94
2026-05-04,STR-109,In-Store,1,4,7210.35,763.27,7210.35
2026-05-04,STR-109,Online,1,5,10751.9,4760.65,10751.9
2026-05-05,STR-102,In-Store,1,5,13736.6,3232.2,13736.6
2026-05-05,STR-102,Mobile App,1,1,17140.09,4306.59,17140.09
2026-05-05,STR-103,In-Store,1,3,20979.45,5231.01,20979.45
2026-05-05,STR-106,In-Store,1,2,31523.58,5353.78,31523.58
2026-05-05,STR-106,Mobile App,1,4,57735.04,6401.04,57735.04
2026-05-05,STR-106,Online,1,3,68262.29,23179.22,68262.29
2026-05-05,STR-107,Online,1,1,11505.07,4441.14,11505.07
2026-05-05,STR-108,Online,1,1,9177.25,3505.17,9177.25
2026-05-05,STR-111,In-Store,1,4,8058.62,1611.54,8058.62
2026-05-05,STR-113,Mobile App,3,9,96109.26,18889.93,32036.42
2026-05-05,STR-114,In-Store,1,3,57026.0,14778.44,57026.0
2026-05-06,STR-105,In-Store,1,5,50362.52,4795.17,50362.52
2026-05-06,STR-105,Mobile App,1,3,28991.78,2520.02,28991.78
2026-05-06,STR-105,Online,1,2,48682.62,17668.72,48682.62
2026-05-06,STR-106,In-Store,1,4,83280.96,25628.92,83280.96
2026-05-06,STR-106,Mobile App,1,1,17622.85,1293.45,17622.85
2026-05-06,STR-107,In-Store,1,1,17140.09,4306.59,17140.09
2026-05-06,STR-108,In-Store,1,2,32818.19,7121.35,32818.19
2026-05-06,STR-109,Mobile App,1,2,40717.86,10662.48,40717.86
2026-05-06,STR-110,In-Store,1,5,99128.52,17481.52,99128.52
2026-05-06,STR-112,In-Store,1,1,1720.3,522.05,1720.3
2026-05-07,STR-101,Online,1,4,77892.19,15864.39,77892.19
2026-05-07,STR-103,In-Store,1,1,22095.39,5263.1,22095.39
2026-05-07,STR-103,Online,1,5,38275.2,9655.55,38275.2
2026-05-07,STR-106,In-Store,1,5,50255.57,14066.37,50255.57
2026-05-07,STR-106,Online,1,2,23010.14,8882.28,23010.14
2026-05-07,STR-107,In-Store,1,3,17543.11,2276.05,17543.11
2026-05-07,STR-109,In-Store,1,3,35474.52,13761.0,35474.52
2026-05-07,STR-110,Mobile App,1,4,72129.41,13177.89,72129.41
2026-05-07,STR-110,Online,1,5,50362.52,4795.17,50362.52
2026-05-07,STR-111,In-Store,1,3,60823.35,17162.01,60823.35
2026-05-07,STR-114,Mobile App,1,5,101440.87,11761.62,101440.87
2026-05-08,STR-100,Mobile App,1,2,25395.3,2152.94,25395.3
2026-05-08,STR-100,Online,1,5,25688.52,6712.62,25688.52
2026-05-08,STR-101,In-Store,1,1,18209.45,5428.97,18209.45
2026-05-08,STR-101,Online,2,8,132315.65,22706.85,66157.82
2026-05-08,STR-102,Mobile App,2,7,131568.17,21167.5,65784.08
2026-05-08,STR-103,In-Store,1,4,58980.7,4594.18,58980.7
2026-05-08,STR-105,Mobile App,1,3,35883.3,8542.89,35883.3
2026-05-08,STR-106,In-Store,1,1,2747.32,646.44,2747.32
2026-05-08,STR-112,Online,1,3,37015.97,9746.21,37015.97
2026-05-08,STR-113,Mobile App,1,4,16672.83,4876.83,16672.83
2026-05-08,STR-114,In-Store,2,3,21096.26,2268.62,10548.13
2026-05-08,STR-114,Online,1,1,22754.1,7726.41,22754.1
2026-05-09,STR-100,In-Store,1,2,18736.54,4133.56,18736.54
2026-05-09,STR-100,Online,1,5,78333.75,10350.6,78333.75
2026-05-09,STR-102,Online,1,5,79360.3,21254.4,79360.3
2026-05-09,STR-103,Online,1,3,35799.29,11113.28,35799.29
2026-05-09,STR-104,Online,1,3,57284.26,3476.71,57284.26
2026-05-09,STR-105,Online,1,4,76034.66,19704.58,76034.66
2026-05-09,STR-106,Online,1,4,63488.24,17003.52,63488.24
2026-05-09,STR-107,In-Store,1,4,43719.27,15463.55,43719.27
2026-05-09,STR-107,Mobile App,1,1,1056.2,374.39,1056.2
2026-05-09,STR-108,Mobile App,1,3,7745.36,1334.57,7745.36
2026-05-09,STR-110,In-Store,1,2,35905.26,7740.22,35905.26
2026-05-09,STR-110,Mobile App,1,2,20535.85,2888.01,20535.85
2026-05-09,STR-113,Online,1,1,23406.01,5008.31,23406.01
2026-05-10,STR-100,Online,1,1,19260.73,4706.95,19260.73
2026-05-10,STR-101,Online,1,2,26219.64,8039.8,26219.64
2026-05-10,STR-102,In-Store,1,4,34776.94,12088.62,34776.94
2026-05-10,STR-102,Online,1,2,16862.89,2259.91,16862.89
2026-05-10,STR-104,Online,2,4,53383.71,11614.01,26691.86
2026-05-10,STR-105,Online,2,2,16154.06,2122.31,8077.03
2026-05-10,STR-111,Mobile App,1,4,58980.7,4594.18,58980.7
2026-05-10,STR-111,Online,1,1,12721.66,4380.59,12721.66
2026-05-10,STR-112,In-Store,3,9,52754.2,13839.01,17584.73
2026-05-10,STR-112,Online,1,3,14878.61,2074.37,14878.61
2026-05-10,STR-113,In-Store,1,3,54126.6,15626.1,54126.6
2026-05-10,STR-114,Mobile App,1,4,26557.55,9596.39,26557.55
2026-05-11,STR-100,Online,1,3,50689.78,8442.22,50689.78
2026-05-11,STR-101,Online,1,5,74833.3,33127.95,74833.3
2026-05-11,STR-102,Mobile App,1,1,8211.22,2539.14,8211.22
2026-05-11,STR-105,Online,1,2,28569.71,5327.35,28569.71
2026-05-11,STR-106,Online,1,5,84482.96,14070.36,84482.96
2026-05-11,STR-107,Mobile App,1,4,37473.08,8267.12,37473.08
2026-05-11,STR-110,Online,1,4,11635.7,3232.18,11635.7
2026-05-11,STR-112,In-Store,1,1,5993.01,1483.32,5993.01
2026-05-11,STR-112,Mobile App,1,1,15334.27,2553.79,15334.27
2026-05-11,STR-112,Online,1,1,2908.93,808.05,2908.93
2026-05-11,STR-113,In-Store,2,2,32343.24,10541.43,16171.62
2026-05-11,STR-113,Online,1,5,101372.25,28603.35,101372.25
2026-05-11,STR-114,In-Store,1,3,28991.78,2520.02,28991.78
2026-05-12,STR-101,Online,1,3,44235.53,3445.64,44235.53
2026-05-12,STR-104,In-Store,1,3,52616.67,7108.77,52616.67
2026-05-12,STR-105,In-Store,1,2,46516.62,12852.04,46516.62
2026-05-12,STR-110,Mobile App,1,5,63394.57,22251.22,63394.57
2026-05-13,STR-100,Online,1,1,8733.5,1495.09,8733.5
2026-05-13,STR-103,Online,1,3,52848.35,13593.65,52848.35
2026-05-13,STR-105,Mobile App,1,1,12441.52,4399.72,12441.52
2026-05-13,STR-106,In-Store,1,5,109535.9,32001.15,109535.9
2026-05-13,STR-106,Online,1,5,74581.85,33438.5,74581.85
2026-05-13,STR-107,Online,1,5,110870.6,18882.1,110870.6
2026-05-13,STR-109,In-Store,2,4,51872.38,11225.76,25936.19
2026-05-13,STR-111,In-Store,1,4,56333.15,12093.47,56333.15
2026-05-13,STR-111,Mobile App,1,4,12282.13,3878.61,12282.13
2026-05-13,STR-111,Online,1,2,39651.41,6992.61,39651.41
2026-05-13,STR-113,In-Store,1,3,18869.84,6148.97,18869.84
2026-05-13,STR-113,Mobile App,1,2,45508.19,15452.81,45508.19
2026-05-13,STR-113,Online,1,5,101440.87,11761.62,101440.87
2026-05-13,STR-114,Online,1,3,51818.19,13272.93,51818.19
2026-05-14,STR-101,Online,2,6,31997.45,8659.07,15998.72
2026-05-14,STR-102,In-Store,1,3,15981.36,2452.29,15981.36
2026-05-14,STR-103,In-Store,1,5,101372.25,28603.35,101372.25
2026-05-14,STR-105,Online,1,3,66085.68,17097.48,66085.68
2026-05-14,STR-107,In-Store,1,1,19473.05,3966.1,19473.05
2026-05-14,STR-107,Mobile App,1,5,34944.15,13742.7,34944.15
2026-05-14,STR-108,In-Store,1,1,16723.9,5663.98,16723.9
2026-05-14,STR-109,In-Store,1,3,8175.65,1764.86,8175.65
2026-05-14,STR-109,Online,1,3,6043.97,1208.66,6043.97
2026-05-14,STR-110,In-Store,1,1,12897.68,2846.91,12897.68
2026-05-14,STR-113,In-Store,1,2,35019.79,7826.53,35019.79
2026-05-14,STR-113,Online,1,1,2438.35,301.42,2438.35
2026-05-15,STR-104,In-Store,1,1,16723.9,5663.98,16723.9
2026-05-15,STR-105,Mobile App,1,3,49764.97,8975.08,49764.97
2026-05-15,STR-106,In-Store,1,4,70155.57,9478.37,70155.57
2026-05-15,STR-107,Online,1,2,24883.05,8799.45,24883.05
2026-05-15,STR-109,Mobile App,1,1,18431.47,4834.84,18431.47
2026-05-15,STR-111,Online,2,4,75223.32,17901.77,37611.66
2026-05-15,STR-113,In-Store,1,4,24971.15,5980.47,24971.15
2026-05-15,STR-114,In-Store,3,9,161377.06,21397.46,53792.35
2026-05-16,STR-101,Online,1,4,23972.04,5933.28,23972.04
2026-05-16,STR-103,Online,1,2,13286.98,2788.02,13286.98
2026-05-16,STR-104,In-Store,1,4,83280.96,25628.92,83280.96
2026-05-16,STR-106,In-Store,1,5,9676.71,3685.46,9676.71
2026-05-16,STR-109,Online,1,2,46516.62,12852.04,46516.62
2026-05-16,STR-110,In-Store,2,5,55658.6,14695.3,27829.3
2026-05-16,STR-114,In-Store,1,5,8482.76,423.91,8482.76
2026-05-16,STR-114,Online,2,6,61788.99,18770.79,30894.5
2026-05-17,STR-103,In-Store,1,2,10654.24,1634.86,10654.24
2026-05-17,STR-103,Online,1,5,50255.57,14066.37,50255.57
2026-05-17,STR-104,Online,1,3,62460.72,19221.69,62460.72
2026-05-17,STR-105,In-Store,1,4,11474.6,2926.88,11474.6
2026-05-17,STR-106,Mobile App,1,3,4962.48,1520.76,4962.48
2026-05-17,STR-106,Online,1,3,51604.77,16848.78,51604.77
2026-05-17,STR-107,In-Store,1,1,3070.53,969.65,3070.53
2026-05-17,STR-107,Online,1,3,14067.7,5220.7,14067.7
2026-05-17,STR-109,In-Store,1,2,17467.01,2990.19,17467.01
2026-05-17,STR-109,Mobile App,1,4,54625.46,14422.38,54625.46
2026-05-17,STR-110,Mobile App,1,4,41418.25,13162.53,41418.25
2026-05-17,STR-111,Online,1,3,64240.25,20026.61,64240.25
2026-05-18,STR-101,Mobile App,1,3,32106.11,4765.7,32106.11
2026-05-18,STR-102,In-Store,1,1,6639.39,2399.1,6639.39
2026-05-18,STR-103,Online,1,3,42249.86,9070.1,42249.86
2026-05-18,STR-104,Mobile App,1,4,36988.96,8035.32,36988.96
2026-05-18,STR-109,In-Store,1,3,60194.11,17946.55,60194.11
2026-05-18,STR-109,Online,1,5,107782.56,32644.11,107782.56
2026-05-18,STR-112,Online,1,3,27612.17,6420.38,27612.17
2026-05-18,STR-113,Mobile App,2,6,103281.64,15962.56,51640.82
2026-05-18,STR-113,Online,1,3,38092.94,3229.4,38092.94
2026-05-19,STR-100,In-Store,1,4,25175.34,4177.42,25175.34
2026-05-19,STR-100,Mobile App,1,5,54359.6,10240.0,54359.6
2026-05-19,STR-101,Mobile App,1,4,52100.93,12812.93,52100.93
2026-05-19,STR-103,Mobile App,2,5,63996.76,8833.92,31998.38
2026-05-19,STR-104,Online,2,4,57290.91,9389.28,28645.46
2026-05-19,STR-105,In-Store,1,4,72837.79,21715.87,72837.79
2026-05-19,STR-105,Online,1,4,78409.16,17731.96,78409.16
2026-05-19,STR-107,In-Store,1,4,95473.76,23730.36,95473.76
2026-05-19,STR-110,In-Store,1,1,5895.97,1148.3,5895.97
2026-05-19,STR-111,Mobile App,1,2,12485.57,2990.23,12485.57
2026-05-19,STR-113,Online,1,3,68262.29,23179.22,68262.29
2026-05-19,STR-114,Mobile App,1,4,26314.67,5958.59,26314.67
2026-05-20,STR-101,Online,1,5,62953.15,17385.8,62953.15
2026-05-20,STR-103,In-Store,1,4,74282.36,13605.16,74282.36
2026-05-20,STR-103,Online,1,3,35799.29,11113.28,35799.29
2026-05-20,STR-105,Online,1,4,22196.58,3205.9,22196.58
2026-05-20,STR-106,Mobile App,1,2,13278.78,4798.2,13278.78
2026-05-20,STR-106,Online,1,4,59338.5,6998.9,59338.5
2026-05-20,STR-107,In-Store,2,5,101100.12,19305.95,50550.06
2026-05-20,STR-108,Online,2,6,30346.82,4258.75,15173.41
2026-05-20,STR-111,In-Store,1,1,16237.98,3404.48,16237.98
2026-05-20,STR-112,In-Store,1,5,87694.46,11847.96,87694.46
2026-05-20,STR-112,Mobile App,1,2,35245.7,2586.9,35245.7
2026-05-20,STR-112,Online,1,5,70852.76,29709.41,70852.76
2026-05-20,STR-113,In-Store,1,5,22834.24,3858.34,22834.24
2026-05-20,STR-113,Mobile App,1,4,85926.38,14182.98,85926.38
2026-05-21,STR-100,Mobile App,1,4,27745.72,8755.04,27745.72
2026-05-21,STR-101,Mobile App,1,1,12697.65,1076.47,12697.65
2026-05-21,STR-101,Online,1,2,28830.11,8728.57,28830.11
2026-05-21,STR-105,Mobile App,1,3,17979.03,4449.96,17979.03
2026-05-21,STR-106,Mobile App,2,6,109259.07,20270.19,54629.54
2026-05-21,STR-108,Mobile App,1,5,104101.2,32036.15,104101.2
2026-05-21,STR-109,In-Store,1,1,22028.56,5699.16,22028.56
2026-05-21,STR-109,Mobile App,1,3,5725.86,890.55,5725.86
2026-05-21,STR-111,Mobile App,1,3,26082.7,9066.46,26082.7
2026-05-21,STR-112,In-Store,1,1,14963.49,3903.57,14963.49
2026-05-21,STR-112,Mobile App,1,4,66028.77,5351.57,66028.77
2026-05-21,STR-112,Online,1,4,47893.31,14529.03,47893.31
2026-05-21,STR-113,Online,1,1,1111.79,429.98,1111.79
2026-05-21,STR-114,In-Store,1,2,41864.96,8200.38,41864.96
2026-05-22,STR-103,In-Store,2,7,99038.82,18454.16,49519.41
2026-05-22,STR-103,Mobile App,1,5,9304.65,3568.45,9304.65
2026-05-22,STR-104,Online,1,5,87549.48,19566.33,87549.48
2026-05-22,STR-105,Online,1,3,65721.54,19200.69,65721.54
2026-05-22,STR-106,In-Store,1,3,8726.78,2424.14,8726.78
2026-05-22,STR-107,Mobile App,1,5,95473.76,5794.51,95473.76
2026-05-22,STR-110,Online,1,3,17979.03,4449.96,17979.03
2026-05-22,STR-111,In-Store,1,1,17251.06,4470.58,17251.06
2026-05-22,STR-111,Mobile App,1,1,22095.39,5263.1,22095.39
2026-05-22,STR-112,In-Store,1,4,79302.82,13985.22,79302.82
2026-05-23,STR-101,Online,1,3,38164.98,13141.77,38164.98
2026-05-23,STR-102,Mobile App,1,4,61693.28,25333.6,61693.28
2026-05-23,STR-103,In-Store,1,4,63047.15,10707.55,63047.15
2026-05-23,STR-103,Mobile App,1,4,7399.76,2156.04,7399.76
2026-05-23,STR-104,Online,1,5,113375.09,23695.84,113375.09
2026-05-23,STR-106,In-Store,1,4,70788.82,13136.78,70788.82
2026-05-23,STR-106,Mobile App,2,3,29349.57,8891.94,14674.78
2026-05-23,STR-108,Mobile App,1,3,37324.57,13199.17,37324.57
2026-05-23,STR-108,Online,1,3,50171.71,16991.95,50171.71
2026-05-23,STR-109,In-Store,1,4,83708.53,18390.93,83708.53
2026-05-23,STR-110,Online,1,4,30912.83,8224.51,30912.83
2026-05-23,STR-111,Online,1,3,8605.95,2195.16,8605.95
2026-05-23,STR-112,In-Store,1,4,38641.04,15952.72,38641.04
2026-05-23,STR-114,Online,1,3,58419.14,11898.29,58419.14
2026-05-24,STR-101,Mobile App,1,3,43864.05,9108.06,43864.05
2026-05-24,STR-102,Mobile App,1,5,23446.17,8701.17,23446.17
2026-05-24,STR-102,Online,2,10,145002.67,26766.77,72501.34
2026-05-24,STR-108,In-Store,1,4,63488.24,17003.52,63488.24
2026-05-24,STR-109,Mobile App,2,8,114428.91,28755.23,57214.46
2026-05-24,STR-110,Online,1,2,36084.4,10417.4,36084.4
2026-05-24,STR-112,Mobile App,1,1,16588.32,2991.69,16588.32
2026-05-24,STR-113,In-Store,1,1,20274.45,5720.67,20274.45
2026-05-25,STR-100,Mobile App,1,2,47903.36,17847.98,47903.36
2026-05-25,STR-102,Mobile App,1,5,9543.1,1484.25,9543.1
2026-05-25,STR-103,Online,1,3,44503.87,5249.17,44503.87
2026-05-25,STR-104,Mobile App,1,5,29479.83,5741.48,29479.83
2026-05-25,STR-106,In-Store,1,1,6658.9,2149.21,6658.9
2026-05-25,STR-106,Mobile App,1,5,10073.28,2014.43,10073.28
2026-05-25,STR-106,Online,1,1,18543.28,5458.38,18543.28
2026-05-25,STR-113,In-Store,2,7,40323.44,10081.4,20161.72
2026-05-26,STR-100,Mobile App,1,2,4876.7,602.84,4876.7
2026-05-26,STR-101,In-Store,1,2,41864.96,8200.38,41864.96
2026-05-26,STR-102,Online,1,5,63488.24,5382.34,63488.24
2026-05-26,STR-104,Mobile App,1,3,4603.73,276.56,4603.73
2026-05-26,STR-106,In-Store,2,6,42734.95,9141.29,21367.48
2026-05-26,STR-108,Online,1,5,24748.74,10003.74,24748.74
2026-05-26,STR-109,In-Store,1,4,41908.29,9741.09,41908.29
2026-05-26,STR-110,Mobile App,2,8,128215.64,27572.94,64107.82
2026-05-26,STR-111,In-Store,1,2,33312.38,4486.36,33312.38
2026-05-26,STR-113,Mobile App,1,1,23951.68,8923.99,23951.68
2026-05-26,STR-114,Online,1,5,87694.46,11847.96,87694.46
2026-05-27,STR-102,Online,1,5,57525.35,22205.7,57525.35
2026-05-27,STR-103,Online,1,2,40548.9,11441.34,40548.9
2026-05-27,STR-105,Mobile App,1,1,10477.07,2435.27,10477.07
2026-05-27,STR-106,Online,1,1,12678.91,4450.24,12678.91
2026-05-27,STR-107,Online,1,4,79302.82,13985.22,79302.82
2026-05-27,STR-108,In-Store,1,1,4852.28,1057.1,4852.28
2026-05-27,STR-110,Mobile App,1,2,11986.02,2966.64,11986.02
2026-05-27,STR-110,Online,1,5,74581.85,33438.5,74581.85
2026-05-27,STR-111,In-Store,1,1,16341.51,4756.18,16341.51
2026-05-27,STR-111,Mobile App,1,5,74173.12,8748.62,74173.12
2026-05-27,STR-112,Mobile App,1,2,23010.14,8882.28,23010.14
2026-05-27,STR-112,Online,1,1,14966.66,6625.59,14966.66
2026-05-27,STR-113,Mobile App,1,3,37771.89,10431.48,37771.89
2026-05-27,STR-114,In-Store,1,5,29238.52,3793.42,29238.52
2026-05-27,STR-114,Mobile App,1,3,46269.96,19000.2,46269.96
2026-05-28,STR-100,Online,1,4,50790.59,4305.87,50790.59
2026-05-28,STR-101,Online,1,1,23951.68,8923.99,23951.68
2026-05-28,STR-102,Online,1,1,22754.1,7726.41,22754.1
2026-05-28,STR-103,Mobile App,1,5,33217.46,6970.06,33217.46
2026-05-28,STR-104,In-Store,1,3,57484.03,12400.96,57484.03
2026-05-28,STR-105,Online,1,1,4949.75,2000.75,4949.75
2026-05-28,STR-106,In-Store,1,4,80258.81,23928.73,80258.81
2026-05-28,STR-106,Mobile App,1,1,22675.02,4739.17,22675.02
2026-05-28,STR-107,Online,1,1,19008.67,4926.15,19008.67
2026-05-28,STR-108,Mobile App,2,8,66654.82,16321.65,33327.41
2026-05-28,STR-110,In-Store,1,3,39289.02,15163.62,39289.02
2026-05-28,STR-110,Online,1,3,69372.73,22851.88,69372.73
2026-05-28,STR-111,In-Store,1,4,11663.1,2051.02,11663.1
2026-05-28,STR-111,Mobile App,1,3,50689.78,8442.22,50689.78
2026-05-28,STR-111,Online,2,2,21051.46,6214.06,10525.73
2026-05-28,STR-112,Online,1,3,55294.41,14504.52,55294.41
2026-05-28,STR-114,Mobile App,1,5,74833.3,33127.95,74833.3
2026-05-29,STR-100,In-Store,1,1,2585.71,484.83,2585.71
2026-05-29,STR-100,Online,2,5,38572.16,10041.53,19286.08
2026-05-29,STR-104,Online,1,5,61693.28,16243.68,61693.28
2026-05-29,STR-105,Mobile App,1,5,36548.15,11103.05,36548.15
2026-05-29,STR-108,In-Store,1,5,95796.87,22107.47,95796.87
2026-05-29,STR-110,In-Store,2,5,65066.65,13588.56,32533.32
2026-05-29,STR-112,Online,2,6,12850.2,3332.62,6425.1
2026-05-29,STR-113,Mobile App,1,3,41454.55,2909.29,41454.55
2026-05-29,STR-114,Mobile App,1,5,103169.95,27323.45,103169.95
2026-05-30,STR-102,Online,1,5,75392.28,17286.38,75392.28
2026-05-30,STR-103,In-Store,1,1,16219.56,1665.78,16219.56
2026-05-30,STR-107,Mobile App,1,3,5272.63,1830.91,5272.63
2026-05-30,STR-108,Mobile App,1,5,28300.32,5751.87,28300.32
2026-05-30,STR-111,Mobile App,1,1,5708.56,1913.38,5708.56
2026-05-30,STR-112,Online,2,8,137251.42,29132.66,68625.71
2026-05-30,STR-113,Mobile App,1,5,116291.55,32130.1,116291.55
2026-05-30,STR-113,Online,1,3,18977.86,5448.79,18977.86
2026-05-31,STR-100,Online,2,6,76380.36,20180.64,38190.18
2026-05-31,STR-101,In-Store,1,2,32439.12,3331.56,32439.12
2026-05-31,STR-101,Online,1,1,4852.28,1057.1,4852.28
2026-05-31,STR-102,Mobile App,1,1,5889.45,1621.37,5889.45
2026-05-31,STR-103,In-Store,2,3,28329.13,4996.67,14164.56
2026-05-31,STR-104,Mobile App,1,2,18354.49,7010.33,18354.49
2026-05-31,STR-104,Online,1,2,29933.32,13251.18,29933.32
2026-05-31,STR-107,In-Store,1,2,45350.04,9478.34,45350.04
2026-05-31,STR-108,In-Store,1,2,3928.63,1634.15,3928.63
2026-05-31,STR-109,Mobile App,1,4,23972.04,5933.28,23972.04
2026-05-31,STR-111,Mobile App,2,5,20508.51,3643.61,10254.25
2026-05-31,STR-111,Online,1,5,82941.62,14958.47,82941.62
2026-05-31,STR-112,In-Store,1,3,26082.7,9066.46,26082.7
2026-05-31,STR-113,In-Store,2,2,7563.8,1204.36,3781.9
2026-05-31,STR-113,Online,1,3,47000.25,6210.36,47000.25
2026-05-31,STR-114,Mobile App,1,1,20286.4,5548.52,20286.4
2026-06-01,STR-101,In-Store,1,1,14083.29,3023.37,14083.29
2026-06-01,STR-101,Mobile App,1,2,23946.66,7264.52,23946.66
2026-06-01,STR-102,Online,1,2,2223.58,859.96,2223.58
2026-06-01,STR-103,In-Store,1,4,71810.52,15480.44,71810.52
2026-06-01,STR-103,Mobile App,1,5,5558.95,2149.9,5558.95
2026-06-01,STR-107,Online,1,4,6138.3,368.74,6138.3
2026-06-01,STR-108,In-Store,1,3,15981.36,2452.29,15981.36
2026-06-01,STR-109,Mobile App,1,4,67586.37,11256.29,67586.37
2026-06-01,STR-110,In-Store,1,1,3070.53,969.65,3070.53
2026-06-01,STR-110,Mobile App,1,2,23946.66,7264.52,23946.66
2026-06-01,STR-110,Online,1,5,13626.09,2941.44,13626.09
2026-06-01,STR-111,In-Store,1,2,46516.62,12852.04,46516.62
2026-06-01,STR-113,In-Store,2,8,95042.58,24611.26,47521.29
2026-06-01,STR-113,Mobile App,1,1,2120.69,508.92,2120.69
2026-06-01,STR-113,Online,1,5,56657.83,11090.48,56657.83
2026-06-01,STR-114,In-Store,1,3,50171.71,16991.95,50171.71
2026-06-01,STR-114,Online,1,1,22028.56,5699.16,22028.56
2026-06-02,STR-100,In-Store,1,4,4002.44,1275.2,4002.44
2026-06-02,STR-100,Online,1,4,20841.04,9045.04,20841.04
2026-06-02,STR-101,In-Store,1,4,83768.89,10178.09,83768.89
2026-06-02,STR-101,Mobile App,1,3,35919.98,10896.77,35919.98
2026-06-02,STR-101,Online,1,2,47736.88,11865.18,47736.88
2026-06-02,STR-103,In-Store,1,3,62070.34,15549.49,62070.34
2026-06-02,STR-103,Online,1,2,20549.42,6072.6,20549.42
2026-06-02,STR-104,Mobile App,1,1,20932.48,4100.19,20932.48
2026-06-02,STR-105,Mobile App,1,3,31927.07,10213.55,31927.07
2026-06-02,STR-105,Online,1,5,34944.15,13742.7,34944.15
2026-06-02,STR-106,Mobile App,1,2,11098.29,1602.95,11098.29
2026-06-02,STR-106,Online,2,8,164886.1,30993.21,82443.05
2026-06-02,STR-107,Online,1,2,11778.9,3242.74,11778.9
2026-06-02,STR-108,Online,1,2,23649.68,9174.0,23649.68
2026-06-02,STR-109,Online,1,5,98551.64,6563.14,98551.64
2026-06-02,STR-110,Mobile App,1,3,5754.66,1427.49,5754.66
2026-06-02,STR-111,Online,1,2,30846.64,12666.8,30846.64
2026-06-02,STR-113,Online,1,5,104662.4,20500.95,104662.4
2026-06-02,STR-114,Online,1,1,23258.31,6426.02,23258.31
2026-06-03,STR-100,Mobile App,1,1,15335.87,2502.37,15335.87
2026-06-03,STR-100,Online,1,1,9760.97,2522.56,9760.97
2026-06-03,STR-102,In-Store,1,3,61076.78,15993.71,61076.78
2026-06-03,STR-106,In-Store,1,3,34515.21,13323.42,34515.21
2026-06-03,STR-107,Mobile App,1,1,17604.11,6544.19,17604.11
2026-06-03,STR-108,In-Store,1,2,27421.54,7777.54,27421.54
2026-06-03,STR-108,Mobile App,1,2,24159.82,6511.98,24159.82
2026-06-03,STR-108,Online,1,5,54649.08,19329.43,54649.08
2026-06-03,STR-109,Mobile App,1,2,3260.97,376.19,3260.97
2026-06-03,STR-109,Online,1,5,7672.88,460.93,7672.88
2026-06-03,STR-110,Mobile App,1,5,27115.66,8139.76,27115.66
2026-06-03,STR-110,Online,1,5,56657.83,11090.48,56657.83
2026-06-03,STR-111,Mobile App,1,5,29447.24,8106.84,29447.24
2026-06-03,STR-113,Online,3,11,127043.0,40957.97,42347.67
2026-06-04,STR-100,Mobile App,2,7,57786.97,20684.25,28893.48
2026-06-04,STR-100,Online,1,1,13424.73,5196.06,13424.73
2026-06-04,STR-102,In-Store,1,2,39651.41,6992.61,39651.41
2026-06-04,STR-102,Mobile App,1,2,18494.48,4017.66,18494.48
2026-06-04,STR-103,Online,1,4,64951.92,13617.92,64951.92
2026-06-04,STR-104,Online,2,5,50133.61,13362.18,25066.8
2026-06-04,STR-105,Mobile App,2,6,29367.87,5417.97,14683.94
2026-06-04,STR-106,In-Store,1,3,20809.29,6566.28,20809.29
2026-06-04,STR-107,Mobile App,1,2,46248.49,15234.59,46248.49
2026-06-04,STR-107,Online,1,5,46841.35,10333.9,46841.35
2026-06-04,STR-109,In-Store,1,2,39204.58,8865.98,39204.58
2026-06-04,STR-111,Online,2,6,101455.7,26302.82,50727.85
2026-06-04,STR-113,Mobile App,1,4,84482.96,28152.88,84482.96
2026-06-04,STR-113,Online,2,3,30419.72,4954.37,15209.86
2026-06-04,STR-114,In-Store,1,4,23762.02,6800.86,23762.02
2026-06-04,STR-114,Online,1,3,57284.26,3476.71,57284.26
2026-06-05,STR-100,In-Store,2,5,79604.07,19180.15,39802.03
2026-06-05,STR-104,In-Store,1,4,22640.26,4601.5,22640.26
2026-06-05,STR-104,Mobile App,1,2,48682.62,17668.72,48682.62
2026-06-05,STR-104,Online,1,4,27745.72,8755.04,27745.72
2026-06-05,STR-105,In-Store,2,7,109239.59,35893.27,54619.8
2026-06-05,STR-106,Mobile App,1,4,7672.88,1903.32,7672.88
2026-06-05,STR-106,Online,1,5,22834.24,3858.34,22834.24
2026-06-05,STR-109,Online,2,9,106241.8,28376.11,53120.9
2026-06-05,STR-110,In-Store,1,5,27745.72,4007.37,27745.72
2026-06-05,STR-110,Mobile App,1,2,29669.25,3499.45,29669.25
2026-06-05,STR-111,Online,1,1,18042.2,5208.7,18042.2
2026-06-05,STR-112,Online,2,5,87089.56,25083.78,43544.78
2026-06-05,STR-113,Mobile App,1,5,5558.95,2149.9,5558.95
2026-06-05,STR-113,Online,1,2,10846.26,3255.9,10846.26
2026-06-05,STR-114,In-Store,2,8,96597.52,19709.15,48298.76
2026-06-06,STR-100,In-Store,1,2,3655.65,1259.15,3655.65
2026-06-06,STR-102,In-Store,1,3,24400.44,7228.65,24400.44
2026-06-06,STR-102,Online,2,7,154782.16,32203.16,77391.08
2026-06-06,STR-103,Online,1,2,21937.23,2293.23,21937.23
2026-06-06,STR-104,Online,1,3,38693.04,8540.73,38693.04
2026-06-06,STR-106,Mobile App,1,4,61343.48,10009.48,61343.48
2026-06-06,STR-107,In-Store,1,1,21907.18,6400.23,21907.18
2026-06-06,STR-107,Mobile App,1,5,9012.93,954.08,9012.93
2026-06-06,STR-109,Mobile App,1,1,9663.93,840.01,9663.93
2026-06-06,STR-110,Online,1,4,81097.8,22882.68,81097.8
2026-06-06,STR-111,In-Store,2,5,75568.52,24984.35,37784.26
2026-06-06,STR-113,In-Store,3,6,49227.73,12186.38,16409.24
2026-06-06,STR-113,Mobile App,1,2,35245.7,2586.9,35245.7
2026-06-06,STR-114,Mobile App,1,2,41854.26,9195.46,41854.26
2026-06-07,STR-100,Mobile App,1,3,14556.83,3171.29,14556.83
2026-06-07,STR-100,Online,3,7,121000.78,34068.86,40333.59
2026-06-07,STR-101,In-Store,1,5,53211.78,17022.58,53211.78
2026-06-07,STR-101,Mobile App,1,5,46236.2,10044.15,46236.2
2026-06-07,STR-101,Online,1,3,49227.28,10682.02,49227.28
2026-06-07,STR-102,Online,2,4,67578.47,20394.52,33789.24
2026-06-07,STR-105,In-Store,2,8,129023.53,18792.82,64511.76
2026-06-07,STR-105,Online,1,3,55819.94,5323.07,55819.94
2026-06-07,STR-106,In-Store,1,2,40548.9,11441.34,40548.9
2026-06-07,STR-106,Mobile App,1,2,24159.82,6511.98,24159.82
2026-06-07,STR-107,Online,1,3,54097.06,9883.42,54097.06
2026-06-07,STR-108,In-Store,1,2,19558.62,5430.76,19558.62
2026-06-07,STR-108,Online,1,1,18032.35,3294.47,18032.35
2026-06-07,STR-110,In-Store,1,4,41418.25,13162.53,41418.25
2026-06-07,STR-110,Online,1,3,57284.26,3476.71,57284.26
2026-06-07,STR-111,Mobile App,1,4,27955.32,10994.16,27955.32
2026-06-07,STR-112,Mobile App,1,3,43301.28,4800.78,43301.28
2026-06-07,STR-112,Online,2,5,99950.95,35822.27,49975.48
2026-06-07,STR-113,Mobile App,2,8,132795.68,43731.28,66397.84
2026-06-08,STR-101,Online,1,4,23557.8,6485.48,23557.8
2026-06-08,STR-102,In-Store,1,3,66522.36,11329.26,66522.36
2026-06-08,STR-102,Online,1,1,12721.66,4380.59,12721.66
2026-06-08,STR-103,In-Store,2,5,28605.36,6003.51,14302.68
2026-06-08,STR-103,Mobile App,1,3,49227.28,10682.02,49227.28
2026-06-08,STR-105,Online,2,6,80311.17,28383.39,40155.58
2026-06-08,STR-106,In-Store,1,2,44348.24,7552.84,44348.24
2026-06-08,STR-107,In-Store,1,5,48896.55,13576.9,48896.55
2026-06-08,STR-107,Mobile App,1,4,58727.28,7333.6,58727.28
2026-06-08,STR-108,In-Store,1,4,65636.37,14242.69,65636.37
2026-06-08,STR-109,Mobile App,1,1,1000.61,318.8,1000.61
2026-06-08,STR-110,Online,1,1,16219.56,1665.78,16219.56
2026-06-08,STR-111,In-Store,1,5,105603.7,35191.1,105603.7
2026-06-08,STR-111,Online,2,8,131514.44,41104.52,65757.22
2026-06-08,STR-112,Mobile App,1,2,13278.78,4798.2,13278.78
2026-06-08,STR-113,Mobile App,1,3,3168.6,1123.17,3168.6
2026-06-08,STR-114,Online,1,4,53879.98,20515.7,53879.98
2026-06-09,STR-100,Mobile App,1,3,16783.56,1035.12,16783.56
2026-06-09,STR-100,Online,1,2,37086.56,10916.76,37086.56
2026-06-09,STR-101,In-Store,1,4,72168.8,20834.8,72168.8
2026-06-09,STR-101,Mobile App,1,3,41283.82,6527.83,41283.82
2026-06-09,STR-102,Mobile App,1,5,79218.5,23918.9,79218.5
2026-06-09,STR-104,In-Store,1,1,1000.61,318.8,1000.61
2026-06-09,STR-105,In-Store,1,4,7311.29,2518.29,7311.29
2026-06-09,STR-106,In-Store,2,2,33272.17,6617.88,16636.08
2026-06-09,STR-108,Online,2,6,113573.76,29691.64,56786.88
2026-06-09,STR-110,Online,2,5,48009.31,18019.5,24004.66
2026-06-09,STR-113,In-Store,1,3,10934.16,3725.1,10934.16
2026-06-09,STR-113,Mobile App,1,5,65126.16,16016.16,65126.16
2026-06-10,STR-101,In-Store,1,4,61343.48,10009.48,61343.48
2026-06-10,STR-102,Online,1,2,29242.7,6072.04,29242.7
2026-06-10,STR-104,Online,1,5,101372.25,28603.35,101372.25
2026-06-10,STR-105,Mobile App,1,5,101431.98,27742.58,101431.98
2026-06-10,STR-107,Mobile App,1,4,41418.25,13162.53,41418.25
2026-06-10,STR-107,Online,1,5,91235.02,18466.12,91235.02
2026-06-10,STR-108,In-Store,1,3,24400.44,7228.65,24400.44
2026-06-10,STR-108,Mobile App,2,5,67055.21,18035.53,33527.61
2026-06-10,STR-108,Online,1,2,12398.84,3862.68,12398.84
2026-06-10,STR-109,Online,1,3,28104.81,6200.34,28104.81
2026-06-10,STR-110,In-Store,1,1,12441.52,4399.72,12441.52
2026-06-10,STR-111,Mobile App,1,4,6521.95,752.39,6521.95
2026-06-10,STR-112,Online,1,1,13025.23,3203.23,13025.23
2026-06-10,STR-113,In-Store,1,2,41854.26,9195.46,41854.26
2026-06-10,STR-113,Mobile App,1,3,5582.79,2141.07,5582.79
2026-06-10,STR-114,In-Store,2,9,16342.89,5558.64,8171.44
2026-06-10,STR-114,Online,2,7,120959.94,30792.71,60479.97
2026-06-11,STR-100,Online,1,3,28980.78,11964.54,28980.78
2026-06-11,STR-102,In-Store,1,4,70788.82,13136.78,70788.82
2026-06-11,STR-103,In-Store,1,5,57525.35,22205.7,57525.35
2026-06-11,STR-103,Mobile App,1,1,18209.45,5428.97,18209.45
2026-06-11,STR-103,Online,2,6,116025.79,30106.79,58012.9
2026-06-11,STR-105,Online,4,11,124355.29,41784.85,31088.82
2026-06-11,STR-106,Online,1,3,51604.77,16848.78,51604.77
2026-06-11,STR-108,Mobile App,1,5,68281.83,18027.98,68281.83
2026-06-11,STR-109,Online,1,3,24659.3,2944.07,24659.3
2026-06-11,STR-110,Online,1,1,15423.32,6333.4,15423.32
2026-06-11,STR-113,In-Store,1,2,3605.17,381.63,3605.17
2026-06-11,STR-114,Online,1,3,17821.52,5100.65,17821.52
2026-06-12,STR-100,In-Store,1,2,2112.4,748.78,2112.4
2026-06-12,STR-101,Mobile App,1,5,77727.28,13485.18,77727.28
2026-06-12,STR-102,Mobile App,1,4,83708.53,18390.93,83708.53
2026-06-12,STR-102,Online,2,4,38580.94,10517.44,19290.47
2026-06-12,STR-104,Online,1,5,77407.16,19480.51,77407.16
2026-06-12,STR-106,In-Store,1,2,20102.23,5626.55,20102.23
2026-06-12,STR-106,Online,1,2,37086.56,10916.76,37086.56
2026-06-12,STR-108,Mobile App,1,5,71091.63,29386.28,71091.63
2026-06-12,STR-108,Online,1,3,17125.68,5740.14,17125.68
2026-06-12,STR-109,Online,1,3,20979.45,5231.01,20979.45
2026-06-12,STR-111,Mobile App,1,2,35019.79,7826.53,35019.79
2026-06-12,STR-111,Online,1,1,11961.1,2847.63,11961.1
2026-06-12,STR-112,Online,1,1,15872.06,4250.88,15872.06
2026-06-13,STR-100,In-Store,2,7,82242.7,22316.28,41121.35
2026-06-13,STR-101,In-Store,1,5,83619.52,28319.92,83619.52
2026-06-13,STR-101,Online,1,3,69774.93,19278.06,69774.93
2026-06-13,STR-102,Online,2,6,112717.7,32276.14,56358.85
2026-06-13,STR-105,Online,1,2,11778.9,3242.74,11778.9
2026-06-13,STR-106,In-Store,1,1,17251.06,4470.58,17251.06
2026-06-13,STR-106,Online,1,3,5806.03,2211.28,5806.03
2026-06-13,STR-107,In-Store,1,2,5450.44,1176.58,5450.44
2026-06-13,STR-107,Online,1,2,10539.01,2002.85,10539.01
2026-06-13,STR-109,In-Store,2,5,27009.02,8007.05,13504.51
2026-06-13,STR-109,Mobile App,1,4,88696.48,15105.68,88696.48
2026-06-13,STR-110,In-Store,1,3,54741.02,11079.68,54741.02
2026-06-13,STR-113,Online,1,4,62181.83,10788.15,62181.83
2026-06-13,STR-114,Mobile App,1,4,54625.46,14422.38,54625.46
2026-06-13,STR-114,Online,2,3,32149.25,8907.92,16074.62
2026-06-14,STR-100,Mobile App,1,2,41884.45,5089.05,41884.45
2026-06-14,STR-101,Online,1,4,50362.52,13908.64,50362.52
2026-06-14,STR-102,Online,2,4,51855.31,8265.79,25927.66
2026-06-14,STR-103,Online,2,7,57918.89,14615.18,28959.44
2026-06-14,STR-104,In-Store,1,1,1935.34,737.09,1935.34
2026-06-14,STR-106,Online,1,2,14619.26,4441.22,14619.26
2026-06-14,STR-107,In-Store,1,1,13880.99,4791.07,13880.99
2026-06-14,STR-107,Online,1,3,55629.84,16375.14,55629.84
2026-06-14,STR-109,Mobile App,1,1,7728.21,2056.13,7728.21
2026-06-14,STR-109,Online,1,3,55629.84,16375.14,55629.84
2026-06-14,STR-110,Mobile App,2,6,27709.38,5964.81,13854.69
2026-06-14,STR-111,In-Store,1,5,48804.87,12612.82,48804.87
2026-06-14,STR-111,Online,2,7,80805.18,20552.56,40402.59
2026-06-14,STR-113,In-Store,2,4,10095.86,4098.09,5047.93
2026-06-14,STR-114,Mobile App,1,5,110142.8,28495.8,110142.8
2026-06-15,STR-100,Mobile App,1,1,1849.94,539.01,1849.94
2026-06-15,STR-100,Online,1,3,41132.31,11666.31,41132.31
2026-06-15,STR-102,Online,2,4,30253.97,8186.79,15126.98
2026-06-15,STR-103,Mobile App,1,2,41854.26,9195.46,41854.26
2026-06-15,STR-103,Online,2,2,28908.16,9606.03,14454.08
2026-06-15,STR-104,In-Store,1,4,70788.82,13136.78,70788.82
2026-06-15,STR-105,Online,3,12,160180.19,44844.8,53393.4
2026-06-15,STR-107,In-Store,2,8,77160.99,20800.67,38580.5
2026-06-15,STR-107,Mobile App,1,4,82535.96,21858.76,82535.96
2026-06-15,STR-107,Online,1,1,11824.84,4587.0,11824.84
2026-06-15,STR-108,Online,2,9,33922.36,9195.48,16961.18
2026-06-15,STR-109,Mobile App,1,4,27745.72,8755.04,27745.72
2026-06-15,STR-109,Online,1,3,29282.92,7567.69,29282.92
2026-06-15,STR-110,Mobile App,1,5,15490.06,3474.96,15490.06
2026-06-15,STR-111,Mobile App,1,2,3494.33,872.47,3494.33
2026-06-15,STR-113,Mobile App,2,2,27839.78,9560.34,13919.89
2026-06-15,STR-113,Online,1,3,6166.47,2233.68,6166.47
2026-06-16,STR-100,Mobile App,1,4,61693.28,25333.6,61693.28
2026-06-16,STR-102,In-Store,1,1,1720.3,522.05,1720.3
2026-06-16,STR-102,Mobile App,1,4,36816.22,8560.5,36816.22
2026-06-16,STR-103,In-Store,2,8,19259.29,3877.65,9629.64
2026-06-16,STR-103,Online,1,4,41098.84,12145.2,41098.84
2026-06-16,STR-105,Online,2,6,26316.87,6030.04,13158.44
2026-06-16,STR-108,In-Store,1,1,23258.31,6426.02,23258.31
2026-06-16,STR-108,Mobile App,1,3,49227.28,10682.02,49227.28
2026-06-16,STR-109,In-Store,2,4,62189.95,15727.98,31094.98
2026-06-16,STR-109,Mobile App,1,5,104662.4,20500.95,104662.4
2026-06-16,STR-109,Online,1,3,8241.96,1939.32,8241.96
2026-06-16,STR-110,Online,1,1,8733.5,1495.09,8733.5
2026-06-16,STR-111,Mobile App,1,1,17201.59,5616.26,17201.59
2026-06-16,STR-112,In-Store,1,3,60859.19,16645.55,60859.19
2026-06-16,STR-113,In-Store,1,4,93624.06,20033.26,93624.06
2026-06-16,STR-113,Online,1,4,76671.36,25549.44,76671.36
2026-06-16,STR-114,Mobile App,1,2,3655.65,1259.15,3655.65
2026-06-16,STR-114,Online,1,4,26635.6,8596.84,26635.6
2026-06-17,STR-100,Mobile App,1,3,27531.74,10515.5,27531.74
2026-06-17,STR-101,In-Store,1,2,33312.38,4486.36,33312.38
2026-06-17,STR-101,Online,1,2,38318.75,8842.99,38318.75
2026-06-17,STR-102,Mobile App,1,4,42569.42,13618.06,42569.42
2026-06-17,STR-102,Online,1,3,17125.68,5740.14,17125.68
2026-06-17,STR-104,Mobile App,1,4,70491.39,5173.79,70491.39
2026-06-17,STR-104,Online,4,13,150501.62,37422.3,37625.4
2026-06-17,STR-106,In-Store,1,1,8133.48,2409.55,8133.48
2026-06-17,STR-107,Online,1,2,3260.97,376.19,3260.97
2026-06-17,STR-109,Mobile App,1,2,3870.68,1474.18,3870.68
2026-06-17,STR-109,Online,2,8,118308.0,31383.88,59154.0
2026-06-17,STR-110,Online,1,4,40290.02,3836.14,40290.02
2026-06-17,STR-111,Mobile App,1,1,22754.1,7726.41,22754.1
2026-06-17,STR-113,In-Store,2,3,13491.72,3857.38,6745.86
2026-06-18,STR-100,Mobile App,1,5,4447.16,1038.11,4447.16
2026-06-18,STR-101,In-Store,1,4,7741.37,2948.37,7741.37
2026-06-18,STR-101,Mobile App,1,3,5179.19,852.02,5179.19
2026-06-18,STR-102,Mobile App,1,4,41071.69,5776.01,41071.69
2026-06-18,STR-103,In-Store,1,4,26557.55,9596.39,26557.55
2026-06-18,STR-103,Online,1,2,12398.84,3862.68,12398.84
2026-06-18,STR-104,Mobile App,1,4,7210.35,763.27,7210.35
2026-06-18,STR-104,Online,1,3,6128.58,2533.83,6128.58
2026-06-18,STR-105,Mobile App,1,1,6658.9,2149.21,6658.9
2026-06-18,STR-107,Online,1,1,14433.76,1600.26,14433.76
2026-06-18,STR-108,Online,1,1,1964.31,817.07,1964.31
2026-06-18,STR-109,Mobile App,1,3,15981.36,2452.29,15981.36
2026-06-18,STR-112,In-Store,1,3,7315.06,904.27,7315.06
2026-06-18,STR-114,In-Store,2,7,69743.22,17452.81,34871.61
2026-06-18,STR-114,Mobile App,1,5,5558.95,2149.9,5558.95
2026-06-18,STR-114,Online,2,6,44311.44,12873.46,22155.72
2026-06-19,STR-100,In-Store,2,3,56932.72,12652.74,28466.36
2026-06-19,STR-103,In-Store,1,2,38335.68,12774.72,38335.68
2026-06-19,STR-103,Mobile App,1,3,17543.11,2276.05,17543.11
2026-06-19,STR-103,Online,1,1,14966.66,6625.59,14966.66
2026-06-19,STR-104,Online,3,7,120370.59,33133.34,40123.53
2026-06-19,STR-105,In-Store,1,1,4566.85,771.67,4566.85
2026-06-19,STR-107,In-Store,1,1,15843.7,4783.78,15843.7
2026-06-19,STR-107,Mobile App,1,5,110870.6,18882.1,110870.6
2026-06-19,STR-107,Online,1,4,95473.76,23730.36,95473.76
2026-06-19,STR-108,Online,1,2,30962.86,7792.2,30962.86
2026-06-19,STR-109,In-Store,1,3,54097.06,9883.42,54097.06
2026-06-19,STR-110,Mobile App,1,4,45903.66,10607.98,45903.66
2026-06-19,STR-111,Online,2,9,191244.41,49430.92,95622.2
2026-06-19,STR-112,Online,1,4,7443.72,2854.76,7443.72
2026-06-19,STR-113,Online,1,5,51339.62,7220.02,51339.62
2026-06-20,STR-101,In-Store,1,5,68281.83,18027.98,68281.83
2026-06-20,STR-101,Mobile App,1,1,13025.23,3203.23,13025.23
2026-06-20,STR-101,Online,1,1,6589.61,1841.94,6589.61
2026-06-20,STR-102,Online,3,5,102115.22,27747.08,34038.41
2026-06-20,STR-104,Online,1,4,30620.16,7724.44,30620.16
2026-06-20,STR-105,Online,1,3,3168.6,1123.17,3168.6
2026-06-20,STR-106,Online,2,3,51044.16,11206.34,25522.08
2026-06-20,STR-109,In-Store,1,4,85653.67,26702.15,85653.67
2026-06-20,STR-111,Mobile App,1,5,68553.85,19443.85,68553.85
2026-06-20,STR-112,Online,1,2,6464.28,2262.52,6464.28
2026-06-20,STR-113,In-Store,1,1,13710.77,3888.77,13710.77
2026-06-20,STR-113,Online,1,4,86226.05,26115.29,86226.05
2026-06-21,STR-101,In-Store,1,1,9204.06,2140.13,9204.06
2026-06-21,STR-102,In-Store,1,1,1802.59,190.82,1802.59
2026-06-21,STR-103,Online,1,4,44934.39,15983.03,44934.39
2026-06-21,STR-104,In-Store,1,4,50886.64,17522.36,50886.64
2026-06-21,STR-105,In-Store,1,1,11824.84,4587.0,11824.84
2026-06-21,STR-106,Mobile App,2,4,69380.75,13293.76,34690.38
2026-06-21,STR-107,Online,1,4,8221.96,2978.24,8221.96
2026-06-21,STR-108,In-Store,1,1,20274.45,5720.67,20274.45
2026-06-21,STR-109,In-Store,1,1,5210.26,2261.26,5210.26
2026-06-21,STR-109,Mobile App,1,4,50886.64,17522.36,50886.64
2026-06-21,STR-110,Online,1,2,25181.26,6954.32,25181.26
2026-06-21,STR-112,Mobile App,1,5,65549.11,20099.51,65549.11
2026-06-21,STR-114,Mobile App,1,3,43301.28,4800.78,43301.28
2026-06-21,STR-114,Online,1,2,13872.86,4377.52,13872.86
2026-06-22,STR-100,In-Store,1,5,60694.96,10441.11,60694.96
2026-06-22,STR-100,Online,2,2,6485.07,1247.5,3242.54
2026-06-22,STR-102,In-Store,1,3,34962.46,5496.46,34962.46
2026-06-22,STR-102,Online,2,7,71629.12,24216.98,35814.56
2026-06-22,STR-106,In-Store,2,8,27513.49,4553.1,13756.74
2026-06-22,STR-108,Online,1,5,51772.82,16453.17,51772.82
2026-06-22,STR-109,Mobile App,1,2,24277.98,4176.44,24277.98
2026-06-22,STR-110,Online,1,2,30846.64,12666.8,30846.64
2026-06-22,STR-111,Mobile App,1,4,54843.08,15555.08,54843.08
2026-06-22,STR-111,Online,2,6,54578.36,16155.28,27289.18
2026-06-22,STR-113,Online,1,4,93033.24,25704.08,93033.24
2026-06-22,STR-114,In-Store,1,4,70039.59,15653.07,70039.59
2026-06-22,STR-114,Mobile App,2,5,30625.76,7809.23,15312.88
2026-06-23,STR-102,In-Store,3,6,101526.62,13759.83,33842.21
2026-06-23,STR-103,Online,1,1,10274.71,3036.3,10274.71
2026-06-23,STR-105,Mobile App,1,2,30671.74,5004.74,30671.74
2026-06-23,STR-105,Online,2,4,51296.11,14650.49,25648.06
2026-06-23,STR-106,In-Store,1,1,5269.51,1001.43,5269.51
2026-06-23,STR-106,Mobile App,1,5,27972.6,1725.2,27972.6
2026-06-23,STR-106,Online,1,3,9211.6,2908.96,9211.6
2026-06-23,STR-107,Online,1,3,20809.29,6566.28,20809.29
2026-06-23,STR-108,In-Store,1,5,98847.82,14686.37,98847.82
2026-06-23,STR-108,Online,1,3,17125.68,5740.14,17125.68
2026-06-23,STR-109,In-Store,1,1,14284.85,2663.67,14284.85
2026-06-23,STR-109,Mobile App,1,4,6138.3,368.74,6138.3
2026-06-23,STR-110,Mobile App,1,3,32905.85,3439.85,32905.85
2026-06-23,STR-110,Online,1,3,48877.99,10536.55,48877.99
2026-06-23,STR-111,In-Store,1,2,31090.91,5394.07,31090.91
2026-06-23,STR-112,In-Store,1,1,14963.49,3903.57,14963.49
2026-06-23,STR-114,Mobile App,1,4,76645.38,16534.62,76645.38
2026-06-24,STR-102,In-Store,2,7,48220.94,15432.68,24110.47
2026-06-24,STR-102,Mobile App,1,2,18494.48,4017.66,18494.48
2026-06-24,STR-103,In-Store,1,4,14578.88,4966.8,14578.88
2026-06-24,STR-106,In-Store,1,3,44890.48,11710.72,44890.48
2026-06-24,STR-106,Online,1,2,4085.72,1689.22,4085.72
2026-06-24,STR-107,Mobile App,2,7,57152.66,5832.63,28576.33
2026-06-24,STR-107,Online,1,2,29933.32,13251.18,29933.32
2026-06-24,STR-109,In-Store,1,2,13286.98,2788.02,13286.98
2026-06-24,STR-109,Online,1,4,47299.36,18348.0,47299.36
2026-06-24,STR-110,Online,2,4,38607.94,12501.78,19303.97
2026-06-24,STR-111,Online,1,2,29832.74,13375.4,29832.74
2026-06-24,STR-112,Mobile App,1,2,21859.63,7731.77,21859.63
2026-06-24,STR-113,Mobile App,1,5,53211.78,17022.58,53211.78
2026-06-24,STR-114,Online,1,2,23649.68,9174.0,23649.68
2026-06-25,STR-100,In-Store,3,10,71850.87,16032.43,23950.29
2026-06-25,STR-101,Online,2,9,142592.64,52273.47,71296.32
2026-06-25,STR-102,Online,1,2,14619.26,4441.22,14619.26
2026-06-25,STR-103,Mobile App,1,1,9177.25,3505.17,9177.25
2026-06-25,STR-104,In-Store,1,5,101440.87,11761.62,101440.87
2026-06-25,STR-104,Mobile App,1,2,7289.44,2483.4,7289.44
2026-06-25,STR-104,Online,1,4,63488.24,17003.52,63488.24
2026-06-25,STR-105,Mobile App,1,2,36862.94,9669.68,36862.94
2026-06-25,STR-105,Online,1,4,85926.38,14182.98,85926.38
2026-06-25,STR-106,Mobile App,1,1,2120.69,508.92,2120.69
2026-06-25,STR-107,In-Store,1,4,72129.41,13177.89,72129.41
2026-06-25,STR-107,Mobile App,2,8,97579.86,20638.62,48789.93
2026-06-25,STR-108,In-Store,1,1,11824.84,4587.0,11824.84
2026-06-25,STR-111,In-Store,1,4,65170.66,14048.74,65170.66
2026-06-25,STR-114,In-Store,4,9,105679.95,17838.7,26419.99
2026-06-25,STR-114,Online,2,5,63511.36,27744.06,31755.68
2026-06-26,STR-100,In-Store,2,3,30532.52,7969.42,15266.26
2026-06-26,STR-102,In-Store,1,5,86363.65,22121.55,86363.65
2026-06-26,STR-102,Online,1,2,44190.79,10526.21,44190.79
2026-06-26,STR-103,In-Store,1,2,30846.64,12666.8,30846.64
2026-06-26,STR-103,Mobile App,1,4,57660.21,17457.13,57660.21
2026-06-26,STR-103,Online,4,11,161745.28,40531.99,40436.32
2026-06-26,STR-104,Mobile App,2,9,140070.03,30287.18,70035.02
2026-06-26,STR-106,Mobile App,1,5,113375.09,23695.84,113375.09
2026-06-26,STR-107,Mobile App,1,1,6213.19,1124.17,6213.19
2026-06-26,STR-107,Online,1,1,20064.7,5982.18,20064.7
2026-06-26,STR-108,Online,1,2,26982.5,3740.14,26982.5
2026-06-26,STR-109,Online,2,6,51252.55,13237.48,25626.28
2026-06-26,STR-111,In-Store,1,2,4300.76,1904.26,4300.76
2026-06-26,STR-111,Mobile App,1,4,10342.85,1939.33,10342.85
2026-06-26,STR-113,Mobile App,1,3,8726.78,2424.14,8726.78
2026-06-26,STR-113,Online,1,3,5089.66,254.35,5089.66
2026-06-26,STR-114,In-Store,1,5,59665.48,18522.13,59665.48
2026-06-26,STR-114,Mobile App,1,3,30153.34,8439.82,30153.34
2026-06-27,STR-100,Mobile App,2,7,19281.29,6482.41,9640.64
2026-06-27,STR-102,Mobile App,1,2,2112.4,748.78,2112.4
2026-06-27,STR-102,Online,1,3,51699.85,8038.51,51699.85
2026-06-27,STR-104,In-Store,1,1,15545.46,2697.04,15545.46
2026-06-27,STR-104,Online,3,10,95436.75,17845.63,31812.25
2026-06-27,STR-105,In-Store,1,2,31744.12,8501.76,31744.12
2026-06-27,STR-105,Online,1,3,49521.58,4013.68,49521.58
2026-06-27,STR-107,In-Store,1,2,28830.11,8728.57,28830.11
2026-06-27,STR-108,Online,2,2,3939.31,491.45,1969.66
2026-06-27,STR-111,In-Store,2,7,57637.66,15447.95,28818.83
2026-06-27,STR-112,In-Store,1,2,47736.88,11865.18,47736.88
2026-06-27,STR-112,Online,1,4,4447.16,1719.92,4447.16
2026-06-27,STR-113,Mobile App,1,5,74833.3,33127.95,74833.3
2026-06-27,STR-114,In-Store,1,2,9704.55,2114.19,9704.55
2026-06-27,STR-114,Mobile App,1,5,12191.76,1507.11,12191.76
2026-06-28,STR-101,Mobile App,1,3,56214.65,12975.62,56214.65
2026-06-28,STR-101,Online,2,5,56266.37,14449.14,28133.18
2026-06-28,STR-102,In-Store,3,9,117658.41,19212.06,39219.47
2026-06-28,STR-102,Mobile App,1,3,19736.0,4468.94,19736.0
2026-06-28,STR-102,Online,1,3,9294.04,2084.98,9294.04
2026-06-28,STR-103,Online,1,3,47616.18,12752.64,47616.18
2026-06-28,STR-104,Online,1,1,19473.05,3966.1,19473.05
2026-06-28,STR-106,In-Store,1,4,26314.67,5958.59,26314.67
2026-06-28,STR-106,Online,2,3,29809.33,7209.87,14904.66
2026-06-28,STR-107,In-Store,1,4,71810.52,15480.44,71810.52
2026-06-28,STR-107,Mobile App,1,5,18223.6,6208.5,18223.6
2026-06-28,STR-111,Mobile App,1,3,34515.21,13323.42,34515.21
2026-06-28,STR-111,Online,1,5,45886.24,17525.84,45886.24
2026-06-28,STR-113,In-Store,1,1,6293.84,1044.36,6293.84
2026-06-28,STR-113,Online,1,1,23124.24,7617.29,23124.24
2026-06-28,STR-114,Online,1,3,28980.78,11964.54,28980.78
2026-06-29,STR-100,In-Store,1,4,32533.92,9638.2,32533.92
2026-06-29,STR-100,Online,1,1,22095.39,5263.1,22095.39
2026-06-29,STR-101,In-Store,1,4,70039.59,15653.07,70039.59
2026-06-29,STR-101,Mobile App,1,4,74952.86,17300.82,74952.86
2026-06-29,STR-101,Online,2,3,10014.66,3071.69,5007.33
2026-06-29,STR-102,Online,1,4,29238.52,8882.44,29238.52
2026-06-29,STR-103,In-Store,1,2,3870.68,1474.18,3870.68
2026-06-29,STR-105,In-Store,1,2,1890.04,526.42,1890.04
2026-06-29,STR-107,In-Store,1,1,23124.24,7617.29,23124.24
2026-06-29,STR-107,Online,1,5,103169.95,27323.45,103169.95
2026-06-29,STR-108,Mobile App,1,5,85700.45,21532.95,85700.45
2026-06-29,STR-108,Online,1,4,84482.96,28152.88,84482.96
2026-06-29,STR-109,Online,1,4,14578.88,4966.8,14578.88
2026-06-29,STR-110,In-Store,1,2,38946.1,7932.2,38946.1
2026-06-29,STR-110,Mobile App,1,5,100323.52,29910.92,100323.52
2026-06-29,STR-110,Online,1,2,31523.58,5353.78,31523.58
2026-06-29,STR-112,In-Store,2,3,16209.02,3432.57,8104.51
2026-06-29,STR-112,Mobile App,1,4,83729.92,16400.76,83729.92
2026-06-29,STR-113,Online,1,1,10642.36,3404.52,10642.36
2026-06-29,STR-114,In-Store,1,4,7443.72,2854.76,7443.72
2026-06-30,STR-104,In-Store,1,4,23972.04,5933.28,23972.04
2026-06-30,STR-104,Mobile App,1,4,8221.96,2978.24,8221.96
2026-06-30,STR-104,Online,1,1,3232.14,1131.26,3232.14
2026-06-30,STR-105,In-Store,1,4,74173.12,21833.52,74173.12
2026-06-30,STR-106,Mobile App,1,1,14433.76,1600.26,14433.76
2026-06-30,STR-108,In-Store,1,4,9179.68,631.96,9179.68
2026-06-30,STR-108,Mobile App,1,3,46269.96,19000.2,46269.96
2026-06-30,STR-109,In-Store,2,8,72819.9,24811.91,36409.95
2026-06-30,STR-109,Mobile App,1,2,22467.2,7991.52,22467.2
2026-06-30,STR-109,Online,1,1,6242.79,1495.12,6242.79
2026-06-30,STR-110,Online,1,1,2150.38,952.13,2150.38
2026-06-30,STR-111,Online,1,3,51818.19,13272.93,51818.19
2026-06-30,STR-112,Mobile App,1,4,65366.04,19024.72,65366.04
2026-06-30,STR-114,In-Store,1,5,65481.7,25272.7,65481.7
2026-07-01,STR-103,Online,2,7,136654.26,50501.06,68327.13
2026-07-01,STR-110,Online,1,1,6199.42,1931.34,6199.42
2026-07-01,STR-112,Online,1,3,6203.1,2761.38,6203.1
2026-07-03,STR-107,Online,1,2,47903.36,17847.98,47903.36
2026-07-03,STR-109,Online,1,2,14619.26,4441.22,14619.26
2026-07-03,STR-110,Online,1,4,54843.08,15555.08,54843.08
2026-07-04,STR-100,Online,1,4,81097.8,22882.68,81097.8
2026-07-04,STR-104,Online,2,4,62791.31,25271.8,31395.66
2026-07-05,STR-103,Online,1,3,46269.96,19000.2,46269.96
2026-07-06,STR-107,Online,1,1,12590.63,3477.16,12590.63
2026-07-06,STR-112,Online,1,2,36084.4,10417.4,36084.4
2026-07-06,STR-114,Online,1,2,34545.46,8848.62,34545.46
2026-07-07,STR-106,Online,1,1,5210.26,2261.26,5210.26
2026-07-07,STR-109,Online,1,4,88114.24,22796.64,88114.24
2026-07-07,STR-110,Online,1,3,15630.78,6783.78,15630.78
2026-07-07,STR-113,Online,1,4,22834.24,7653.52,22834.24
2026-07-08,STR-102,Online,1,1,20820.24,6407.23,20820.24
2026-07-08,STR-105,Online,1,4,83280.96,25628.92,83280.96
2026-07-08,STR-109,Online,1,4,38641.04,15952.72,38641.04
2026-07-09,STR-103,Online,1,2,18736.54,4133.56,18736.54
2026-07-09,STR-105,Online,1,3,63362.22,21114.66,63362.22
2026-07-09,STR-108,Online,1,3,66085.68,17097.48,66085.68
2026-07-10,STR-111,Online,1,2,18736.54,4133.56,18736.54
2026-07-10,STR-112,Online,2,4,30547.15,13471.48,15273.58
2026-07-11,STR-109,Online,1,3,30824.13,9108.9,30824.13
2026-07-11,STR-110,Online,1,4,11474.6,2926.88,11474.6
2026-07-12,STR-103,Online,2,5,28757.21,7756.35,14378.6
2026-07-12,STR-106,Online,1,4,29238.52,8882.44,29238.52
2026-07-12,STR-107,Online,1,3,34515.21,13323.42,34515.21
2026-07-12,STR-108,Online,1,4,83280.96,25628.92,83280.96
2026-07-12,STR-111,Online,1,3,73913.73,18720.63,73913.73
2026-07-12,STR-112,Online,1,1,18042.2,5208.7,18042.2
2026-07-13,STR-100,Online,1,1,7309.63,2220.61,7309.63
2026-07-14,STR-108,Online,1,3,51604.77,16848.78,51604.77
2026-07-15,STR-104,Online,1,2,27421.54,7777.54,27421.54
2026-07-15,STR-113,Online,1,2,30347.48,10245.94,30347.48
2026-07-15,STR-114,Online,1,3,45521.22,15368.91,45521.22
2026-07-16,STR-101,Online,3,8,126309.38,46458.06,42103.13
2026-07-16,STR-102,Online,1,4,7672.88,1903.32,7672.88
2026-07-16,STR-107,Online,1,2,19137.6,7689.74,19137.6
2026-07-16,STR-114,Online,2,5,46303.56,12868.83,23151.78
2026-07-19,STR-103,Online,1,2,35208.22,13088.38,35208.22
2026-07-19,STR-110,Online,1,3,21928.89,6661.83,21928.89
2026-07-20,STR-100,Online,1,3,6451.14,2856.39,6451.14
2026-07-20,STR-108,Online,1,4,76671.36,25549.44,76671.36
2026-07-20,STR-114,Online,1,4,8270.8,3681.84,8270.8
