transaction_id,transaction_timestamp,store_id,customer_id,product_id,quantity,unit_price,discount_pct,total_amount,payment_method,sales_channel,api_ingestion_flag,sale_date,year,month,day_of_week,category,cost_price,net_unit_price,calculated_total,total_cost,gross_profit
TXN-100000,2026-02-08 10:51:00,STR-109,CUST-5077,PRD-1004,5,18042.2,0.0,90211.0,UPI,In-Store,,2026-02-08,2026,2,Sunday,Clothing,12833.5,18042.2,90211.0,64167.5,26043.5
TXN-100001,2026-06-05 17:50:00,STR-109,CUST-5057,PRD-1007,5,23951.68,0.15,101794.64,Cash,Online,,2026-06-05,2026,6,Friday,Clothing,15027.69,20358.928,101794.64,75138.45,26656.19
TXN-100002,2026-05-31 14:19:00,STR-109,CUST-5158,PRD-1028,4,6658.9,0.1,23972.04,UPI,Mobile App,,2026-05-31,2026,5,Sunday,Sports & Outdoors,4509.69,5993.01,23972.04,18038.76,5933.28
TXN-100003,2026-06-10 11:16:00,STR-110,CUST-5020,PRD-1047,1,13096.34,0.05,12441.52,Credit Card,In-Store,,2026-06-10,2026,6,Wednesday,Electronics,8041.8,12441.523,12441.52,8041.8,4399.72
TXN-100004,2026-02-10 08:26:00,STR-107,CUST-5176,PRD-1011,5,20820.24,0.0,104101.2,Cash,Online,,2026-02-10,2026,2,Tuesday,Home & Kitchen,14413.01,20820.24,104101.2,72065.05,32036.15
TXN-100005,2026-03-15 19:18:00,STR-111,CUST-5116,PRD-1018,1,17272.73,0.05,16409.09,UPI,Mobile App,,2026-03-15,2026,3,Sunday,Clothing,12848.42,16409.0935,16409.09,12848.42,3560.67
TXN-100006,2026-06-19 20:59:00,STR-103,CUST-5108,PRD-1014,3,7309.63,0.2,17543.11,UPI,Mobile App,,2026-06-19,2026,6,Friday,Beauty & Care,5089.02,5847.704000000001,17543.11,15267.06,2276.05
TXN-100007,2026-02-06 09:03:00,STR-102,CUST-5078,PRD-1014,2,7309.63,0.1,13157.33,Cash,Mobile App,,2026-02-06,2026,2,Friday,Beauty & Care,5089.02,6578.667,13157.33,10178.04,2979.29
TXN-100008,2026-02-01 15:44:00,STR-104,CUST-5179,PRD-1036,3,22028.56,0.15,56172.83,Net Banking,Online,,2026-02-01,2026,2,Sunday,Home & Kitchen,16329.4,18724.276,56172.83,48988.2,7184.63
TXN-100009,2026-04-23 09:38:00,STR-100,CUST-5110,PRD-1032,5,19167.84,0.15,81463.32,Debit Card,Mobile App,,2026-04-23,2026,4,Thursday,Sports & Outdoors,12780.48,16292.663999999999,81463.32,63902.4,17560.92
TXN-100010,2026-02-28 18:53:00,STR-113,CUST-5147,PRD-1016,1,15423.32,0.0,15423.32,Cash,In-Store,,2026-02-28,2026,2,Saturday,Electronics,9089.92,15423.32,15423.32,9089.92,6333.4
TXN-100011,2026-01-11 20:48:00,STR-102,CUST-5120,PRD-1048,3,13710.77,0.2,32905.85,Cash,Mobile App,,2026-01-11,2026,1,Sunday,Clothing,9822.0,10968.616000000002,32905.85,29466.0,3439.85
TXN-100012,2026-05-30 14:40:00,STR-113,CUST-5125,PRD-1028,3,6658.9,0.05,18977.86,UPI,Online,,2026-05-30,2026,5,Saturday,Sports & Outdoors,4509.69,6325.954999999999,18977.86,13529.07,5448.79
TXN-100013,2026-03-24 18:06:00,STR-113,CUST-5041,PRD-1022,4,6988.83,0.1,25159.79,Debit Card,Online,,2026-03-24,2026,3,Tuesday,Clothing,4240.29,6289.947,25159.79,16961.16,8198.63
TXN-100014,2026-06-19 14:52:00,STR-112,CUST-5140,PRD-1044,4,2067.7,0.1,7443.72,UPI,Online,,2026-06-19,2026,6,Friday,Clothing,1147.24,1860.9299999999998,7443.72,4588.96,2854.76
TXN-100015,2026-03-24 09:49:00,STR-106,CUST-5131,PRD-1005,3,11505.07,0.1,31063.69,UPI,Mobile App,,2026-03-24,2026,3,Tuesday,Clothing,7063.93,10354.563,31063.69,21191.79,9871.9
TXN-100016,2026-01-14 11:33:00,STR-105,CUST-5159,PRD-1034,4,9660.26,0.15,32844.88,Net Banking,Mobile App,,2026-01-14,2026,1,Wednesday,Clothing,5672.08,8211.221,32844.88,22688.32,10156.56
TXN-100017,2026-03-10 16:08:00,STR-114,CUST-5073,PRD-1028,1,6658.9,0.05,6325.95,Net Banking,Mobile App,,2026-03-10,2026,3,Tuesday,Sports & Outdoors,4509.69,6325.954999999999,6325.95,4509.69,1816.26
TXN-100018,2026-06-11 17:51:00,STR-103,CUST-5181,PRD-1031,1,23868.44,0.0,23868.44,Credit Card,Online,,2026-06-11,2026,6,Thursday,Electronics,17935.85,23868.44,23868.44,17935.85,5932.59
TXN-100019,2026-04-15 09:14:00,STR-113,CUST-5029,PRD-1035,1,15173.74,0.2,12138.99,Net Banking,In-Store,,2026-04-15,2026,4,Wednesday,Electronics,10050.77,12138.992,12138.99,10050.77,2088.22
TXN-100020,2026-03-16 16:45:00,STR-104,CUST-5106,PRD-1041,2,23258.31,0.15,39539.13,Net Banking,Online,,2026-03-16,2026,3,Monday,Clothing,16832.29,19769.5635,39539.13,33664.58,5874.55
TXN-100021,2026-02-07 14:12:00,STR-114,CUST-5153,PRD-1015,4,9568.8,0.2,30620.16,Cash,Mobile App,,2026-02-07,2026,2,Saturday,Clothing,5723.93,7655.04,30620.16,22895.72,7724.44
TXN-100022,2026-04-17 13:59:00,STR-112,CUST-5129,PRD-1008,1,2868.65,0.1,2581.79,Debit Card,In-Store,,2026-04-17,2026,4,Friday,Beauty & Care,2136.93,2581.7850000000003,2581.79,2136.93,444.86
TXN-100023,2026-05-29 18:31:00,STR-113,CUST-5038,PRD-1018,3,17272.73,0.2,41454.55,Net Banking,Mobile App,,2026-05-29,2026,5,Friday,Clothing,12848.42,13818.184000000001,41454.55,38545.26,2909.29
TXN-100024,2026-05-22 20:34:00,STR-106,CUST-5116,PRD-1030,3,3232.14,0.1,8726.78,Debit Card,In-Store,,2026-05-22,2026,5,Friday,Home & Kitchen,2100.88,2908.926,8726.78,6302.64,2424.14
TXN-100025,2026-04-09 11:54:00,STR-112,CUST-5105,PRD-1044,2,2067.7,0.2,3308.32,UPI,Online,,2026-04-09,2026,4,Thursday,Clothing,1147.24,1654.1599999999999,3308.32,2294.48,1013.84
TXN-100026,2026-04-09 18:50:00,STR-113,CUST-5166,PRD-1047,4,13096.34,0.15,44527.56,Credit Card,Online,,2026-04-09,2026,4,Thursday,Electronics,8041.8,11131.889,44527.56,32167.2,12360.36
TXN-100027,2026-06-01 13:55:00,STR-101,CUST-5112,PRD-1002,2,14966.66,0.2,23946.66,UPI,Mobile App,,2026-06-01,2026,6,Monday,Electronics,8341.07,11973.328000000001,23946.66,16682.14,7264.52
TXN-100028,2026-04-15 21:41:00,STR-102,CUST-5019,PRD-1029,1,17201.59,0.05,16341.51,Net Banking,Online,,2026-04-15,2026,4,Wednesday,Electronics,11585.33,16341.510499999999,16341.51,11585.33,4756.18
TXN-100029,2026-06-16 09:54:00,STR-105,CUST-5172,PRD-1021,5,5708.56,0.15,24261.38,Cash,Online,,2026-06-16,2026,6,Tuesday,Home & Kitchen,3795.18,4852.276,24261.38,18975.9,5285.48
TXN-100030,2026-01-10 17:04:00,STR-103,CUST-5161,PRD-1020,4,2120.69,0.2,6786.21,Debit Card,In-Store,,2026-01-10,2026,1,Saturday,Home & Kitchen,1611.77,1696.5520000000001,6786.21,6447.08,339.13
TXN-100031,2026-01-26 20:40:00,STR-111,CUST-5025,PRD-1047,1,13096.34,0.15,11131.89,Net Banking,In-Store,,2026-01-26,2026,1,Monday,Electronics,8041.8,11131.889,11131.89,8041.8,3090.09
TXN-100032,2026-01-12 13:50:00,STR-100,CUST-5075,PRD-1044,3,2067.7,0.0,6203.1,Debit Card,Online,,2026-01-12,2026,1,Monday,Clothing,1147.24,2067.7,6203.1,3441.72,2761.38
TXN-100033,2026-05-16 14:36:00,STR-110,CUST-5046,PRD-1027,2,2055.49,0.05,3905.43,Credit Card,In-Store,,2026-05-16,2026,5,Saturday,Sports & Outdoors,1310.93,1952.7154999999998,3905.43,2621.86,1283.57
TXN-100034,2026-06-08 18:15:00,STR-107,CUST-5149,PRD-1005,5,11505.07,0.15,48896.55,Credit Card,In-Store,,2026-06-08,2026,6,Monday,Clothing,7063.93,9779.3095,48896.55,35319.65,13576.9
TXN-100035,2026-03-07 18:00:00,STR-114,CUST-5119,PRD-1029,3,17201.59,0.15,43864.05,Debit Card,Mobile App,,2026-03-07,2026,3,Saturday,Electronics,11585.33,14621.351499999999,43864.05,34755.99,9108.06
TXN-100036,2026-04-24 13:37:00,STR-104,CUST-5163,PRD-1034,2,9660.26,0.0,19320.52,Net Banking,Mobile App,,2026-04-24,2026,4,Friday,Clothing,5672.08,9660.26,19320.52,11344.16,7976.36
TXN-100037,2026-02-20 14:54:00,STR-107,CUST-5027,PRD-1016,4,15423.32,0.1,55523.95,Credit Card,Online,,2026-02-20,2026,2,Friday,Electronics,9089.92,13880.988,55523.95,36359.68,19164.27
TXN-100038,2026-03-17 19:18:00,STR-100,CUST-5168,PRD-1036,3,22028.56,0.2,52868.54,Net Banking,Online,,2026-03-17,2026,3,Tuesday,Home & Kitchen,16329.4,17622.848,52868.54,48988.2,3880.34
TXN-100039,2026-06-05 19:31:00,STR-113,CUST-5073,PRD-1000,5,1111.79,0.0,5558.95,Credit Card,Mobile App,,2026-06-05,2026,6,Friday,Electronics,681.81,1111.79,5558.95,3409.05,2149.9
TXN-100040,2026-06-08 12:43:00,STR-112,CUST-5184,PRD-1022,2,6988.83,0.05,13278.78,Credit Card,Mobile App,,2026-06-08,2026,6,Monday,Clothing,4240.29,6639.3885,13278.78,8480.58,4798.2
TXN-100041,2026-04-23 08:37:00,STR-105,CUST-5187,PRD-1006,1,17604.11,0.1,15843.7,Credit Card,In-Store,,2026-04-23,2026,4,Thursday,Clothing,11059.92,15843.699,15843.7,11059.92,4783.78
TXN-100042,2026-02-14 11:08:00,STR-112,CUST-5138,PRD-1018,3,17272.73,0.15,44045.46,Debit Card,Mobile App,,2026-02-14,2026,2,Saturday,Clothing,12848.42,14681.8205,44045.46,38545.26,5500.2
TXN-100043,2026-03-07 21:30:00,STR-112,CUST-5075,PRD-1032,3,19167.84,0.05,54628.34,Debit Card,In-Store,,2026-03-07,2026,3,Saturday,Sports & Outdoors,12780.48,18209.448,54628.34,38341.44,16286.9
TXN-100044,2026-02-27 21:43:00,STR-111,CUST-5172,PRD-1029,1,17201.59,0.05,16341.51,Net Banking,Mobile App,,2026-02-27,2026,2,Friday,Electronics,11585.33,16341.510499999999,16341.51,11585.33,4756.18
TXN-100045,2026-01-04 12:34:00,STR-101,CUST-5116,PRD-1023,1,6936.43,0.15,5895.97,Debit Card,Mobile App,,2026-01-04,2026,1,Sunday,Sports & Outdoors,4747.67,5895.9655,5895.97,4747.67,1148.3
TXN-100046,2026-04-08 21:40:00,STR-105,CUST-5027,PRD-1047,3,13096.34,0.2,31431.22,Credit Card,Online,,2026-04-08,2026,4,Wednesday,Electronics,8041.8,10477.072,31431.22,24125.4,7305.82
TXN-100047,2026-03-25 17:14:00,STR-110,CUST-5016,PRD-1001,5,18543.28,0.2,74173.12,Net Banking,Mobile App,,2026-03-25,2026,3,Wednesday,Clothing,13084.9,14834.624,74173.12,65424.5,8748.62
TXN-100048,2026-02-05 08:02:00,STR-104,CUST-5126,PRD-1019,4,20633.99,0.0,82535.96,UPI,In-Store,,2026-02-05,2026,2,Thursday,Clothing,15169.3,20633.99,82535.96,60677.2,21858.76
TXN-100049,2026-04-10 15:23:00,STR-110,CUST-5190,PRD-1015,5,9568.8,0.05,45451.8,Cash,Online,,2026-04-10,2026,4,Friday,Clothing,5723.93,9090.359999999999,45451.8,28619.65,16832.15
TXN-100050,2026-06-17 09:53:00,STR-107,CUST-5157,PRD-1037,2,1918.22,0.15,3260.97,Net Banking,Online,,2026-06-17,2026,6,Wednesday,Clothing,1442.39,1630.487,3260.97,2884.78,376.19
TXN-100051,2026-04-24 15:15:00,STR-113,CUST-5092,PRD-1002,3,14966.66,0.05,42654.98,UPI,Mobile App,,2026-04-24,2026,4,Friday,Electronics,8341.07,14218.327,42654.98,25023.21,17631.77
TXN-100052,2026-01-16 14:17:00,STR-103,CUST-5031,PRD-1023,5,6936.43,0.1,31213.94,Net Banking,In-Store,,2026-01-16,2026,1,Friday,Sports & Outdoors,4747.67,6242.787,31213.94,23738.35,7475.59
TXN-100053,2026-01-06 08:50:00,STR-105,CUST-5062,PRD-1042,2,10274.71,0.2,16439.54,Credit Card,Mobile App,,2026-01-06,2026,1,Tuesday,Home & Kitchen,7238.41,8219.768,16439.54,14476.82,1962.72
TXN-100054,2026-02-23 17:13:00,STR-113,CUST-5059,PRD-1013,1,24637.91,0.2,19710.33,Debit Card,In-Store,,2026-02-23,2026,2,Monday,Home & Kitchen,18397.7,19710.328,19710.33,18397.7,1312.63
TXN-100055,2026-02-07 10:34:00,STR-104,CUST-5044,PRD-1038,1,18431.47,0.1,16588.32,UPI,Mobile App,,2026-02-07,2026,2,Saturday,Electronics,13596.63,16588.323,16588.32,13596.63,2991.69
TXN-100056,2026-04-02 20:50:00,STR-103,CUST-5150,PRD-1001,2,18543.28,0.0,37086.56,Debit Card,In-Store,,2026-04-02,2026,4,Thursday,Clothing,13084.9,18543.28,37086.56,26169.8,10916.76
TXN-100057,2026-02-02 19:26:00,STR-108,CUST-5029,PRD-1011,3,20820.24,0.0,62460.72,UPI,Online,,2026-02-02,2026,2,Monday,Home & Kitchen,14413.01,20820.24,62460.72,43239.03,19221.69
TXN-100058,2026-06-01 09:28:00,STR-108,CUST-5056,PRD-1028,3,6658.9,0.2,15981.36,Cash,In-Store,,2026-06-01,2026,6,Monday,Sports & Outdoors,4509.69,5327.12,15981.36,13529.07,2452.29
TXN-100059,2026-04-28 18:01:00,STR-100,CUST-5122,PRD-1046,5,2150.38,0.1,9676.71,Net Banking,Online,,2026-04-28,2026,4,Tuesday,Clothing,1198.25,1935.342,9676.71,5991.25,3685.46
TXN-100060,2026-04-24 09:57:00,STR-101,CUST-5082,PRD-1043,1,22540.44,0.15,19159.37,Cash,In-Store,,2026-04-24,2026,4,Friday,Beauty & Care,14737.88,19159.374,19159.37,14737.88,4421.49
TXN-100061,2026-06-09 18:37:00,STR-108,CUST-5182,PRD-1004,2,18042.2,0.1,32475.96,Debit Card,Online,,2026-06-09,2026,6,Tuesday,Clothing,12833.5,16237.980000000001,32475.96,25667.0,6808.96
TXN-100062,2026-04-27 16:38:00,STR-106,CUST-5025,PRD-1038,5,18431.47,0.1,82941.62,UPI,Mobile App,,2026-04-27,2026,4,Monday,Electronics,13596.63,16588.323,82941.62,67983.15,14958.47
TXN-100063,2026-04-21 15:56:00,STR-103,CUST-5105,PRD-1041,5,23258.31,0.05,110476.97,Debit Card,Online,,2026-04-21,2026,4,Tuesday,Clothing,16832.29,22095.3945,110476.97,84161.45,26315.52
TXN-100064,2026-03-22 14:20:00,STR-110,CUST-5065,PRD-1025,4,12590.63,0.0,50362.52,Debit Card,In-Store,,2026-03-22,2026,3,Sunday,Sports & Outdoors,9113.47,12590.63,50362.52,36453.88,13908.64
TXN-100065,2026-01-24 21:05:00,STR-101,CUST-5110,PRD-1043,4,22540.44,0.0,90161.76,UPI,Mobile App,,2026-01-24,2026,1,Saturday,Beauty & Care,14737.88,22540.44,90161.76,58951.52,31210.24
TXN-100066,2026-05-23 08:37:00,STR-108,CUST-5143,PRD-1047,3,13096.34,0.05,37324.57,Debit Card,Mobile App,,2026-05-23,2026,5,Saturday,Electronics,8041.8,12441.523,37324.57,24125.4,13199.17
TXN-100067,2026-06-20 20:27:00,STR-113,CUST-5184,PRD-1007,4,23951.68,0.1,86226.05,UPI,Online,,2026-06-20,2026,6,Saturday,Clothing,15027.69,21556.512000000002,86226.05,60110.76,26115.29
TXN-100068,2026-01-27 17:32:00,STR-103,CUST-5039,PRD-1038,3,18431.47,0.1,49764.97,Net Banking,In-Store,,2026-01-27,2026,1,Tuesday,Electronics,13596.63,16588.323,49764.97,40789.89,8975.08
TXN-100069,2026-04-05 09:48:00,STR-104,CUST-5146,PRD-1006,3,17604.11,0.2,42249.86,Credit Card,Online,,2026-04-05,2026,4,Sunday,Clothing,11059.92,14083.288,42249.86,33179.76,9070.1
TXN-100070,2026-06-22 18:35:00,STR-100,CUST-5155,PRD-1035,5,15173.74,0.2,60694.96,Debit Card,In-Store,,2026-06-22,2026,6,Monday,Electronics,10050.77,12138.992,60694.96,50253.85,10441.11
TXN-100071,2026-03-28 13:00:00,STR-102,CUST-5036,PRD-1011,3,20820.24,0.1,56214.65,Cash,Mobile App,,2026-03-28,2026,3,Saturday,Home & Kitchen,14413.01,18738.216,56214.65,43239.03,12975.62
TXN-100072,2026-06-12 08:05:00,STR-111,CUST-5135,PRD-1025,1,12590.63,0.05,11961.1,Credit Card,Online,,2026-06-12,2026,6,Friday,Sports & Outdoors,9113.47,11961.098499999998,11961.1,9113.47,2847.63
TXN-100073,2026-02-10 13:19:00,STR-111,CUST-5083,PRD-1026,4,15872.06,0.1,57139.42,Cash,Mobile App,,2026-02-10,2026,2,Tuesday,Clothing,11621.18,14284.854,57139.42,46484.72,10654.7
TXN-100074,2026-02-10 20:39:00,STR-100,CUST-5172,PRD-1005,1,11505.07,0.05,10929.82,UPI,Online,,2026-02-10,2026,2,Tuesday,Clothing,7063.93,10929.816499999999,10929.82,7063.93,3865.89
TXN-100075,2026-06-05 15:26:00,STR-104,CUST-5055,PRD-1028,4,6658.9,0.15,22640.26,Cash,In-Store,,2026-06-05,2026,6,Friday,Sports & Outdoors,4509.69,5660.065,22640.26,18038.76,4601.5
TXN-100076,2026-03-14 18:43:00,STR-109,CUST-5124,PRD-1022,4,6988.83,0.0,27955.32,Cash,Mobile App,,2026-03-14,2026,3,Saturday,Clothing,4240.29,6988.83,27955.32,16961.16,10994.16
TXN-100077,2026-04-12 17:03:00,STR-100,CUST-5052,PRD-1019,1,20633.99,0.05,19602.29,Debit Card,In-Store,,2026-04-12,2026,4,Sunday,Clothing,15169.3,19602.2905,19602.29,15169.3,4432.99
TXN-100078,2026-03-16 13:07:00,STR-100,CUST-5127,PRD-1049,2,12079.91,0.1,21743.84,Net Banking,In-Store,,2026-03-16,2026,3,Monday,Sports & Outdoors,8823.92,10871.919,21743.84,17647.84,4096.0
TXN-100079,2026-06-30 11:32:00,STR-108,CUST-5171,PRD-1008,4,2868.65,0.2,9179.68,Debit Card,In-Store,,2026-06-30,2026,6,Tuesday,Beauty & Care,2136.93,2294.92,9179.68,8547.72,631.96
TXN-100080,2026-01-05 15:58:00,STR-101,CUST-5080,PRD-1025,1,12590.63,0.15,10702.04,Cash,Online,,2026-01-05,2026,1,Monday,Sports & Outdoors,9113.47,10702.035499999998,10702.04,9113.47,1588.57
TXN-100081,2026-03-16 09:25:00,STR-100,CUST-5083,PRD-1036,4,22028.56,0.15,74897.1,Credit Card,Mobile App,,2026-03-16,2026,3,Monday,Home & Kitchen,16329.4,18724.276,74897.1,65317.6,9579.5
TXN-100082,2026-04-22 21:06:00,STR-103,CUST-5111,PRD-1029,3,17201.59,0.0,51604.77,Cash,Online,,2026-04-22,2026,4,Wednesday,Electronics,11585.33,17201.59,51604.77,34755.99,16848.78
TXN-100083,2026-03-21 19:21:00,STR-103,CUST-5085,PRD-1033,1,21120.74,0.15,17952.63,Credit Card,In-Store,,2026-03-21,2026,3,Saturday,Home & Kitchen,14082.52,17952.629,17952.63,14082.52,3870.11
TXN-100084,2026-05-11 11:57:00,STR-112,CUST-5089,PRD-1032,1,19167.84,0.2,15334.27,Debit Card,Mobile App,,2026-05-11,2026,5,Monday,Sports & Outdoors,12780.48,15334.272,15334.27,12780.48,2553.79
TXN-100085,2026-01-27 10:16:00,STR-103,CUST-5044,PRD-1041,2,23258.31,0.05,44190.79,Cash,In-Store,,2026-01-27,2026,1,Tuesday,Clothing,16832.29,22095.3945,44190.79,33664.58,10526.21
TXN-100086,2026-06-10 15:29:00,STR-112,CUST-5144,PRD-1048,1,13710.77,0.05,13025.23,Cash,Online,,2026-06-10,2026,6,Wednesday,Clothing,9822.0,13025.2315,13025.23,9822.0,3203.23
TXN-100087,2026-03-24 21:40:00,STR-105,CUST-5038,PRD-1043,5,22540.44,0.2,90161.76,Net Banking,In-Store,,2026-03-24,2026,3,Tuesday,Beauty & Care,14737.88,18032.352,90161.76,73689.4,16472.36
TXN-100088,2026-03-12 17:03:00,STR-105,CUST-5129,PRD-1030,4,3232.14,0.1,11635.7,UPI,Online,,2026-03-12,2026,3,Thursday,Home & Kitchen,2100.88,2908.926,11635.7,8403.52,3232.18
TXN-100089,2026-01-15 13:53:00,STR-104,CUST-5019,PRD-1029,4,17201.59,0.0,68806.36,UPI,Mobile App,,2026-01-15,2026,1,Thursday,Electronics,11585.33,17201.59,68806.36,46341.32,22465.04
TXN-100090,2026-04-29 17:35:00,STR-112,CUST-5189,PRD-1038,5,18431.47,0.15,78333.75,UPI,Online,,2026-04-29,2026,4,Wednesday,Electronics,13596.63,15666.7495,78333.75,67983.15,10350.6
TXN-100091,2026-06-04 15:32:00,STR-102,CUST-5015,PRD-1036,2,22028.56,0.1,39651.41,Net Banking,In-Store,,2026-06-04,2026,6,Thursday,Home & Kitchen,16329.4,19825.704,39651.41,32658.8,6992.61
TXN-100092,2026-06-15 10:02:00,STR-103,CUST-5181,PRD-1021,1,5708.56,0.2,4566.85,Net Banking,Online,,2026-06-15,2026,6,Monday,Home & Kitchen,3795.18,4566.848000000001,4566.85,3795.18,771.67
TXN-100093,2026-02-10 13:23:00,STR-114,CUST-5072,PRD-1033,5,21120.74,0.2,84482.96,Net Banking,Online,,2026-02-10,2026,2,Tuesday,Home & Kitchen,14082.52,16896.592,84482.96,70412.6,14070.36
TXN-100094,2026-01-14 20:40:00,STR-110,CUST-5085,PRD-1049,3,12079.91,0.2,28991.78,UPI,Online,,2026-01-14,2026,1,Wednesday,Sports & Outdoors,8823.92,9663.928,28991.78,26471.76,2520.02
TXN-100095,2026-03-14 12:46:00,STR-113,CUST-5168,PRD-1006,5,17604.11,0.15,74817.47,Cash,In-Store,,2026-03-14,2026,3,Saturday,Clothing,11059.92,14963.4935,74817.47,55299.6,19517.87
TXN-100096,2026-06-19 10:58:00,STR-105,CUST-5079,PRD-1021,1,5708.56,0.2,4566.85,Net Banking,In-Store,,2026-06-19,2026,6,Friday,Home & Kitchen,3795.18,4566.848000000001,4566.85,3795.18,771.67
TXN-100097,2026-05-24 14:41:00,STR-112,CUST-5084,PRD-1038,1,18431.47,0.1,16588.32,Credit Card,Mobile App,,2026-05-24,2026,5,Sunday,Electronics,13596.63,16588.323,16588.32,13596.63,2991.69
TXN-100098,2026-06-15 18:27:00,STR-108,CUST-5092,PRD-1044,5,2067.7,0.0,10338.5,UPI,Online,,2026-06-15,2026,6,Monday,Clothing,1147.24,2067.7,10338.5,5736.2,4602.3
TXN-100099,2026-03-29 20:31:00,STR-103,CUST-5057,PRD-1019,2,20633.99,0.05,39204.58,Credit Card,In-Store,,2026-03-29,2026,3,Sunday,Clothing,15169.3,19602.2905,39204.58,30338.6,8865.98
TXN-100100,2026-05-10 20:34:00,STR-113,CUST-5189,PRD-1004,3,18042.2,0.0,54126.6,Cash,In-Store,,2026-05-10,2026,5,Sunday,Clothing,12833.5,18042.2,54126.6,38500.5,15626.1
TXN-100101,2026-02-03 17:24:00,STR-102,CUST-5041,PRD-1042,3,10274.71,0.2,24659.3,Credit Card,Mobile App,,2026-02-03,2026,2,Tuesday,Home & Kitchen,7238.41,8219.768,24659.3,21715.23,2944.07
TXN-100102,2026-04-23 08:26:00,STR-105,CUST-5173,PRD-1049,5,12079.91,0.05,57379.57,Credit Card,Online,,2026-04-23,2026,4,Thursday,Sports & Outdoors,8823.92,11475.914499999999,57379.57,44119.6,13259.97
TXN-100103,2026-03-01 16:15:00,STR-104,CUST-5120,PRD-1039,3,3644.72,0.15,9294.04,Credit Card,Online,,2026-03-01,2026,3,Sunday,Clothing,2403.02,3098.0119999999997,9294.04,7209.06,2084.98
TXN-100104,2026-04-29 20:18:00,STR-112,CUST-5097,PRD-1043,5,22540.44,0.15,95796.87,Cash,Mobile App,,2026-04-29,2026,4,Wednesday,Beauty & Care,14737.88,19159.374,95796.87,73689.4,22107.47
TXN-100105,2026-06-04 10:55:00,STR-104,CUST-5013,PRD-1026,2,15872.06,0.05,30156.91,Net Banking,Online,,2026-06-04,2026,6,Thursday,Clothing,11621.18,15078.456999999999,30156.91,23242.36,6914.55
TXN-100106,2026-02-01 12:05:00,STR-112,CUST-5041,PRD-1035,1,15173.74,0.2,12138.99,Debit Card,Online,,2026-02-01,2026,2,Sunday,Electronics,10050.77,12138.992,12138.99,10050.77,2088.22
TXN-100107,2026-01-24 11:52:00,STR-107,CUST-5089,PRD-1032,2,19167.84,0.15,32585.33,UPI,Online,,2026-01-24,2026,1,Saturday,Sports & Outdoors,12780.48,16292.663999999999,32585.33,25560.96,7024.37
TXN-100108,2026-04-06 11:24:00,STR-101,CUST-5095,PRD-1003,4,6199.42,0.2,19838.14,Credit Card,In-Store,,2026-04-06,2026,4,Monday,Clothing,4268.08,4959.536,19838.14,17072.32,2765.82
TXN-100109,2026-02-07 10:02:00,STR-104,CUST-5120,PRD-1020,1,2120.69,0.1,1908.62,Credit Card,Mobile App,,2026-02-07,2026,2,Saturday,Home & Kitchen,1611.77,1908.621,1908.62,1611.77,296.85
TXN-100110,2026-01-02 09:01:00,STR-104,CUST-5055,PRD-1030,4,3232.14,0.2,10342.85,Credit Card,Mobile App,,2026-01-02,2026,1,Friday,Home & Kitchen,2100.88,2585.712,10342.85,8403.52,1939.33
TXN-100111,2026-04-19 09:49:00,STR-104,CUST-5060,PRD-1046,5,2150.38,0.2,8601.52,Debit Card,In-Store,,2026-04-19,2026,4,Sunday,Clothing,1198.25,1720.304,8601.52,5991.25,2610.27
TXN-100112,2026-06-13 20:39:00,STR-107,CUST-5016,PRD-1003,2,6199.42,0.15,10539.01,UPI,Online,,2026-06-13,2026,6,Saturday,Clothing,4268.08,5269.507,10539.01,8536.16,2002.85
TXN-100113,2026-06-11 16:36:00,STR-103,CUST-5183,PRD-1038,5,18431.47,0.0,92157.35,Credit Card,Online,,2026-06-11,2026,6,Thursday,Electronics,13596.63,18431.47,92157.35,67983.15,24174.2
TXN-100114,2026-04-01 11:36:00,STR-106,CUST-5047,PRD-1027,1,2055.49,0.2,1644.39,UPI,Mobile App,,2026-04-01,2026,4,Wednesday,Sports & Outdoors,1310.93,1644.3919999999998,1644.39,1310.93,333.46
TXN-100115,2026-05-20 16:50:00,STR-108,CUST-5141,PRD-1023,1,6936.43,0.2,5549.14,UPI,Online,,2026-05-20,2026,5,Wednesday,Sports & Outdoors,4747.67,5549.144,5549.14,4747.67,801.47
TXN-100116,2026-04-06 12:47:00,STR-100,CUST-5091,PRD-1030,1,3232.14,0.15,2747.32,UPI,Online,,2026-04-06,2026,4,Monday,Home & Kitchen,2100.88,2747.319,2747.32,2100.88,646.44
TXN-100117,2026-03-27 10:02:00,STR-105,CUST-5139,PRD-1015,1,9568.8,0.2,7655.04,Debit Card,Mobile App,,2026-03-27,2026,3,Friday,Clothing,5723.93,7655.04,7655.04,5723.93,1931.11
TXN-100118,2026-06-11 10:51:00,STR-102,CUST-5016,PRD-1011,4,20820.24,0.15,70788.82,Net Banking,In-Store,,2026-06-11,2026,6,Thursday,Home & Kitchen,14413.01,17697.204,70788.82,57652.04,13136.78
TXN-100119,2026-02-21 08:20:00,STR-114,CUST-5079,PRD-1018,2,17272.73,0.0,34545.46,Cash,Online,,2026-02-21,2026,2,Saturday,Clothing,12848.42,17272.73,34545.46,25696.84,8848.62
TXN-100120,2026-01-10 20:41:00,STR-103,CUST-5073,PRD-1034,4,9660.26,0.1,34776.94,Debit Card,In-Store,,2026-01-10,2026,1,Saturday,Clothing,5672.08,8694.234,34776.94,22688.32,12088.62
TXN-100121,2026-02-01 20:23:00,STR-106,CUST-5102,PRD-1041,3,23258.31,0.1,62797.44,Net Banking,Online,,2026-02-01,2026,2,Sunday,Clothing,16832.29,20932.479000000003,62797.44,50496.87,12300.57
TXN-100122,2026-06-27 15:23:00,STR-114,CUST-5132,PRD-1021,2,5708.56,0.15,9704.55,Debit Card,In-Store,,2026-06-27,2026,6,Saturday,Home & Kitchen,3795.18,4852.276,9704.55,7590.36,2114.19
TXN-100123,2026-04-21 17:52:00,STR-102,CUST-5139,PRD-1046,4,2150.38,0.0,8601.52,Debit Card,Online,,2026-04-21,2026,4,Tuesday,Clothing,1198.25,2150.38,8601.52,4793.0,3808.52
TXN-100124,2026-06-19 12:19:00,STR-107,CUST-5154,PRD-1006,1,17604.11,0.1,15843.7,Net Banking,In-Store,,2026-06-19,2026,6,Friday,Clothing,11059.92,15843.699,15843.7,11059.92,4783.78
TXN-100125,2026-04-25 08:46:00,STR-113,CUST-5090,PRD-1044,4,2067.7,0.1,7443.72,Cash,Online,,2026-04-25,2026,4,Saturday,Clothing,1147.24,1860.9299999999998,7443.72,4588.96,2854.76
TXN-100126,2026-06-21 18:25:00,STR-105,CUST-5131,PRD-1017,1,11824.84,0.0,11824.84,Credit Card,In-Store,,2026-06-21,2026,6,Sunday,Clothing,7237.84,11824.84,11824.84,7237.84,4587.0
TXN-100127,2026-01-09 10:04:00,STR-103,CUST-5199,PRD-1009,5,20274.45,0.15,86166.41,Debit Card,Online,,2026-01-09,2026,1,Friday,Home & Kitchen,14553.78,17233.2825,86166.41,72768.9,13397.51
TXN-100128,2026-06-04 10:43:00,STR-107,CUST-5094,PRD-1024,5,9368.27,0.0,46841.35,Debit Card,Online,,2026-06-04,2026,6,Thursday,Beauty & Care,7301.49,9368.27,46841.35,36507.45,10333.9
TXN-100129,2026-02-05 16:23:00,STR-106,CUST-5080,PRD-1048,1,13710.77,0.2,10968.62,Debit Card,In-Store,,2026-02-05,2026,2,Thursday,Clothing,9822.0,10968.616000000002,10968.62,9822.0,1146.62
TXN-100130,2026-05-08 16:24:00,STR-114,CUST-5143,PRD-1007,1,23951.68,0.05,22754.1,UPI,Online,,2026-05-08,2026,5,Friday,Clothing,15027.69,22754.095999999998,22754.1,15027.69,7726.41
TXN-100131,2026-02-24 17:18:00,STR-111,CUST-5125,PRD-1049,3,12079.91,0.15,30803.77,Credit Card,In-Store,,2026-02-24,2026,2,Tuesday,Sports & Outdoors,8823.92,10267.923499999999,30803.77,26471.76,4332.01
TXN-100132,2026-02-14 19:28:00,STR-101,CUST-5174,PRD-1008,1,2868.65,0.15,2438.35,Debit Card,Mobile App,,2026-02-14,2026,2,Saturday,Beauty & Care,2136.93,2438.3525,2438.35,2136.93,301.42
TXN-100133,2026-05-19 12:57:00,STR-104,CUST-5040,PRD-1022,1,6988.83,0.2,5591.06,Credit Card,Online,,2026-05-19,2026,5,Tuesday,Clothing,4240.29,5591.064,5591.06,4240.29,1350.77
TXN-100134,2026-02-21 20:08:00,STR-103,CUST-5126,PRD-1032,2,19167.84,0.0,38335.68,UPI,Online,,2026-02-21,2026,2,Saturday,Sports & Outdoors,12780.48,19167.84,38335.68,25560.96,12774.72
TXN-100135,2026-04-30 20:35:00,STR-102,CUST-5156,PRD-1035,5,15173.74,0.1,68281.83,UPI,In-Store,,2026-04-30,2026,4,Thursday,Electronics,10050.77,13656.366,68281.83,50253.85,18027.98
TXN-100136,2026-05-15 14:49:00,STR-106,CUST-5147,PRD-1019,4,20633.99,0.15,70155.57,UPI,In-Store,,2026-05-15,2026,5,Friday,Clothing,15169.3,17538.8915,70155.57,60677.2,9478.37
TXN-100137,2026-04-30 18:33:00,STR-105,CUST-5032,PRD-1020,1,2120.69,0.15,1802.59,Cash,Mobile App,,2026-04-30,2026,4,Thursday,Home & Kitchen,1611.77,1802.5865,1802.59,1611.77,190.82
TXN-100138,2026-04-21 16:58:00,STR-113,CUST-5014,PRD-1037,2,1918.22,0.05,3644.62,UPI,Mobile App,,2026-04-21,2026,4,Tuesday,Clothing,1442.39,1822.309,3644.62,2884.78,759.84
TXN-100139,2026-02-11 13:59:00,STR-111,CUST-5057,PRD-1009,3,20274.45,0.05,57782.18,Debit Card,Mobile App,,2026-02-11,2026,2,Wednesday,Home & Kitchen,14553.78,19260.7275,57782.18,43661.34,14120.84
TXN-100140,2026-02-20 18:35:00,STR-104,CUST-5032,PRD-1018,1,17272.73,0.1,15545.46,Debit Card,Mobile App,,2026-02-20,2026,2,Friday,Clothing,12848.42,15545.457,15545.46,12848.42,2697.04
TXN-100141,2026-06-14 10:37:00,STR-109,CUST-5039,PRD-1034,1,9660.26,0.2,7728.21,Credit Card,Mobile App,,2026-06-14,2026,6,Sunday,Clothing,5672.08,7728.2080000000005,7728.21,5672.08,2056.13
TXN-100142,2026-05-25 08:52:00,STR-113,CUST-5007,PRD-1039,5,3644.72,0.1,16401.24,UPI,In-Store,,2026-05-25,2026,5,Monday,Clothing,2403.02,3280.248,16401.24,12015.1,4386.14
TXN-100143,2026-06-16 11:49:00,STR-109,CUST-5106,PRD-1041,5,23258.31,0.1,104662.4,Cash,Mobile App,,2026-06-16,2026,6,Tuesday,Clothing,16832.29,20932.479000000003,104662.4,84161.45,20500.95
TXN-100144,2026-03-16 18:19:00,STR-107,CUST-5062,PRD-1001,4,18543.28,0.2,59338.5,Net Banking,Online,,2026-03-16,2026,3,Monday,Clothing,13084.9,14834.624,59338.5,52339.6,6998.9
TXN-100145,2026-02-10 15:26:00,STR-107,CUST-5118,PRD-1029,1,17201.59,0.0,17201.59,Credit Card,Online,,2026-02-10,2026,2,Tuesday,Electronics,11585.33,17201.59,17201.59,11585.33,5616.26
TXN-100146,2026-03-23 19:55:00,STR-105,CUST-5102,PRD-1038,2,18431.47,0.1,33176.65,Credit Card,Online,,2026-03-23,2026,3,Monday,Electronics,13596.63,16588.323,33176.65,27193.26,5983.39
TXN-100147,2026-03-23 11:29:00,STR-101,CUST-5068,PRD-1032,5,19167.84,0.0,95839.2,Net Banking,In-Store,,2026-03-23,2026,3,Monday,Sports & Outdoors,12780.48,19167.84,95839.2,63902.4,31936.8
TXN-100148,2026-03-16 14:55:00,STR-109,CUST-5107,PRD-1009,1,20274.45,0.0,20274.45,Credit Card,In-Store,,2026-03-16,2026,3,Monday,Home & Kitchen,14553.78,20274.45,20274.45,14553.78,5720.67
TXN-100149,2026-02-18 20:10:00,STR-107,CUST-5131,PRD-1020,5,2120.69,0.1,9543.11,Net Banking,Online,,2026-02-18,2026,2,Wednesday,Home & Kitchen,1611.77,1908.621,9543.1,8058.85,1484.25
TXN-100150,2026-01-24 14:32:00,STR-107,CUST-5061,PRD-1019,4,20633.99,0.0,82535.96,Credit Card,Mobile App,,2026-01-24,2026,1,Saturday,Clothing,15169.3,20633.99,82535.96,60677.2,21858.76
TXN-100151,2026-03-14 15:38:00,STR-114,CUST-5167,PRD-1022,1,6988.83,0.0,6988.83,Net Banking,Online,,2026-03-14,2026,3,Saturday,Clothing,4240.29,6988.83,6988.83,4240.29,2748.54
TXN-100152,2026-04-21 10:56:00,STR-104,CUST-5186,PRD-1034,1,9660.26,0.0,9660.26,Debit Card,Online,,2026-04-21,2026,4,Tuesday,Clothing,5672.08,9660.26,9660.26,5672.08,3988.18
TXN-100153,2026-01-14 17:35:00,STR-103,CUST-5092,PRD-1023,1,6936.43,0.15,5895.97,Cash,Online,,2026-01-14,2026,1,Wednesday,Sports & Outdoors,4747.67,5895.9655,5895.97,4747.67,1148.3
TXN-100154,2026-04-26 20:35:00,STR-104,CUST-5159,PRD-1004,4,18042.2,0.2,57735.04,Cash,In-Store,,2026-04-26,2026,4,Sunday,Clothing,12833.5,14433.760000000002,57735.04,51334.0,6401.04
TXN-100155,2026-04-06 20:21:00,STR-108,CUST-5093,PRD-1008,1,2868.65,0.15,2438.35,Credit Card,In-Store,,2026-04-06,2026,4,Monday,Beauty & Care,2136.93,2438.3525,2438.35,2136.93,301.42
TXN-100156,2026-05-09 08:02:00,STR-100,CUST-5035,PRD-1038,5,18431.47,0.15,78333.75,Debit Card,Online,,2026-05-09,2026,5,Saturday,Electronics,13596.63,15666.7495,78333.75,67983.15,10350.6
TXN-100157,2026-06-05 16:08:00,STR-105,CUST-5156,PRD-1033,4,21120.74,0.05,80258.81,Debit Card,In-Store,,2026-06-05,2026,6,Friday,Home & Kitchen,14082.52,20064.703,80258.81,56330.08,23928.73
TXN-100158,2026-06-01 13:32:00,STR-113,CUST-5130,PRD-1025,5,12590.63,0.1,56657.83,Cash,Online,,2026-06-01,2026,6,Monday,Sports & Outdoors,9113.47,11331.567,56657.83,45567.35,11090.48
TXN-100159,2026-05-02 21:01:00,STR-105,CUST-5084,PRD-1045,5,14916.37,0.1,67123.67,UPI,Online,,2026-05-02,2026,5,Saturday,Clothing,8228.67,13424.733,67123.67,41143.35,25980.32
TXN-100160,2026-06-02 15:16:00,STR-110,CUST-5198,PRD-1037,3,1918.22,0.0,5754.66,Cash,Mobile App,,2026-06-02,2026,6,Tuesday,Clothing,1442.39,1918.22,5754.66,4327.17,1427.49
TXN-100161,2026-05-03 10:33:00,STR-110,CUST-5184,PRD-1014,1,7309.63,0.2,5847.7,Cash,Online,,2026-05-03,2026,5,Sunday,Beauty & Care,5089.02,5847.704000000001,5847.7,5089.02,758.68
TXN-100162,2026-05-27 19:07:00,STR-103,CUST-5004,PRD-1009,2,20274.45,0.0,40548.9,Net Banking,Online,,2026-05-27,2026,5,Wednesday,Home & Kitchen,14553.78,20274.45,40548.9,29107.56,11441.34
TXN-100163,2026-06-26 11:26:00,STR-108,CUST-5198,PRD-1026,2,15872.06,0.15,26982.5,Cash,Online,,2026-06-26,2026,6,Friday,Clothing,11621.18,13491.250999999998,26982.5,23242.36,3740.14
TXN-100164,2026-05-13 11:35:00,STR-105,CUST-5169,PRD-1047,1,13096.34,0.05,12441.52,Net Banking,Mobile App,,2026-05-13,2026,5,Wednesday,Electronics,8041.8,12441.523,12441.52,8041.8,4399.72
TXN-100165,2026-04-28 16:21:00,STR-108,CUST-5090,PRD-1024,3,9368.27,0.05,26699.57,Debit Card,Mobile App,,2026-04-28,2026,4,Tuesday,Beauty & Care,7301.49,8899.8565,26699.57,21904.47,4795.1
TXN-100166,2026-03-13 16:19:00,STR-103,CUST-5076,PRD-1030,2,3232.14,0.05,6141.07,Debit Card,Mobile App,,2026-03-13,2026,3,Friday,Home & Kitchen,2100.88,3070.533,6141.07,4201.76,1939.31
TXN-100167,2026-05-03 13:35:00,STR-114,CUST-5184,PRD-1013,4,24637.91,0.1,88696.48,Debit Card,Online,,2026-05-03,2026,5,Sunday,Home & Kitchen,18397.7,22174.119,88696.48,73590.8,15105.68
TXN-100168,2026-04-08 14:52:00,STR-105,CUST-5197,PRD-1007,5,23951.68,0.2,95806.72,Credit Card,Online,,2026-04-08,2026,4,Wednesday,Clothing,15027.69,19161.344,95806.72,75138.45,20668.27
TXN-100169,2026-03-30 15:41:00,STR-104,CUST-5191,PRD-1002,3,14966.66,0.0,44899.98,Net Banking,In-Store,,2026-03-30,2026,3,Monday,Electronics,8341.07,14966.66,44899.98,25023.21,19876.77
TXN-100170,2026-05-24 19:17:00,STR-102,CUST-5027,PRD-1012,5,5210.26,0.1,23446.17,Cash,Mobile App,,2026-05-24,2026,5,Sunday,Sports & Outdoors,2949.0,4689.234,23446.17,14745.0,8701.17
TXN-100171,2026-01-13 18:57:00,STR-108,CUST-5057,PRD-1037,2,1918.22,0.05,3644.62,Credit Card,In-Store,,2026-01-13,2026,1,Tuesday,Clothing,1442.39,1822.309,3644.62,2884.78,759.84
TXN-100172,2026-05-01 09:43:00,STR-112,CUST-5035,PRD-1006,4,17604.11,0.1,63374.8,UPI,Mobile App,,2026-05-01,2026,5,Friday,Clothing,11059.92,15843.699,63374.8,44239.68,19135.12
TXN-100173,2026-05-03 18:12:00,STR-112,CUST-5073,PRD-1010,4,24341.31,0.15,82760.45,Debit Card,Online,,2026-05-03,2026,5,Sunday,Electronics,15506.95,20690.1135,82760.45,62027.8,20732.65
TXN-100174,2026-06-16 17:14:00,STR-108,CUST-5189,PRD-1041,1,23258.31,0.0,23258.31,UPI,In-Store,,2026-06-16,2026,6,Tuesday,Clothing,16832.29,23258.31,23258.31,16832.29,6426.02
TXN-100175,2026-04-12 20:31:00,STR-102,CUST-5191,PRD-1026,2,15872.06,0.0,31744.12,Debit Card,In-Store,,2026-04-12,2026,4,Sunday,Clothing,11621.18,15872.06,31744.12,23242.36,8501.76
TXN-100176,2026-06-04 09:59:00,STR-105,CUST-5072,PRD-1000,3,1111.79,0.2,2668.3,Net Banking,Mobile App,,2026-06-04,2026,6,Thursday,Electronics,681.81,889.432,2668.3,2045.43,622.87
TXN-100177,2026-02-04 21:32:00,STR-107,CUST-5069,PRD-1034,5,9660.26,0.15,41056.11,Credit Card,In-Store,,2026-02-04,2026,2,Wednesday,Clothing,5672.08,8211.221,41056.1,28360.4,12695.7
TXN-100178,2026-06-15 12:45:00,STR-102,CUST-5003,PRD-1021,2,5708.56,0.15,9704.55,Debit Card,Online,,2026-06-15,2026,6,Monday,Home & Kitchen,3795.18,4852.276,9704.55,7590.36,2114.19
TXN-100179,2026-06-06 21:40:00,STR-114,CUST-5103,PRD-1036,2,22028.56,0.05,41854.26,Net Banking,Mobile App,,2026-06-06,2026,6,Saturday,Home & Kitchen,16329.4,20927.132,41854.26,32658.8,9195.46
TXN-100180,2026-06-21 09:11:00,STR-102,CUST-5122,PRD-1020,1,2120.69,0.15,1802.59,Debit Card,In-Store,,2026-06-21,2026,6,Sunday,Home & Kitchen,1611.77,1802.5865,1802.59,1611.77,190.82
TXN-100181,2026-03-02 15:48:00,STR-104,CUST-5084,PRD-1000,3,1111.79,0.15,2835.06,Debit Card,Mobile App,,2026-03-02,2026,3,Monday,Electronics,681.81,945.0215,2835.06,2045.43,789.63
TXN-100182,2026-03-08 18:23:00,STR-111,CUST-5060,PRD-1046,5,2150.38,0.0,10751.9,UPI,Mobile App,,2026-03-08,2026,3,Sunday,Clothing,1198.25,2150.38,10751.9,5991.25,4760.65
TXN-100183,2026-02-10 14:43:00,STR-108,CUST-5180,PRD-1007,4,23951.68,0.1,86226.05,Debit Card,Mobile App,,2026-02-10,2026,2,Tuesday,Clothing,15027.69,21556.512000000002,86226.05,60110.76,26115.29
TXN-100184,2026-06-07 11:14:00,STR-102,CUST-5122,PRD-1007,3,23951.68,0.1,64669.54,Credit Card,Online,,2026-06-07,2026,6,Sunday,Clothing,15027.69,21556.512000000002,64669.54,45083.07,19586.47
TXN-100185,2026-04-17 19:35:00,STR-114,CUST-5120,PRD-1047,5,13096.34,0.1,58933.53,Cash,Mobile App,,2026-04-17,2026,4,Friday,Electronics,8041.8,11786.706,58933.53,40209.0,18724.53
TXN-100186,2026-01-21 16:28:00,STR-108,CUST-5180,PRD-1013,2,24637.91,0.2,39420.66,Debit Card,In-Store,,2026-01-21,2026,1,Wednesday,Home & Kitchen,18397.7,19710.328,39420.66,36795.4,2625.26
TXN-100187,2026-05-21 16:12:00,STR-109,CUST-5137,PRD-1036,1,22028.56,0.0,22028.56,Credit Card,In-Store,,2026-05-21,2026,5,Thursday,Home & Kitchen,16329.4,22028.56,22028.56,16329.4,5699.16
TXN-100188,2026-01-30 18:13:00,STR-111,CUST-5149,PRD-1020,5,2120.69,0.15,9012.93,Net Banking,In-Store,,2026-01-30,2026,1,Friday,Home & Kitchen,1611.77,1802.5865,9012.93,8058.85,954.08
TXN-100189,2026-04-27 10:32:00,STR-106,CUST-5116,PRD-1032,4,19167.84,0.0,76671.36,Cash,In-Store,,2026-04-27,2026,4,Monday,Sports & Outdoors,12780.48,19167.84,76671.36,51121.92,25549.44
TXN-100190,2026-01-06 14:16:00,STR-113,CUST-5000,PRD-1035,4,15173.74,0.1,54625.46,Credit Card,Mobile App,,2026-01-06,2026,1,Tuesday,Electronics,10050.77,13656.366,54625.46,40203.08,14422.38
TXN-100191,2026-03-30 19:04:00,STR-108,CUST-5015,PRD-1004,1,18042.2,0.15,15335.87,UPI,Online,,2026-03-30,2026,3,Monday,Clothing,12833.5,15335.87,15335.87,12833.5,2502.37
TXN-100192,2026-02-16 20:08:00,STR-112,CUST-5164,PRD-1002,3,14966.66,0.15,38164.98,Net Banking,Online,,2026-02-16,2026,2,Monday,Electronics,8341.07,12721.661,38164.98,25023.21,13141.77
TXN-100193,2026-04-07 09:43:00,STR-110,CUST-5138,PRD-1024,4,9368.27,0.15,31852.12,Credit Card,Mobile App,,2026-04-07,2026,4,Tuesday,Beauty & Care,7301.49,7963.029500000001,31852.12,29205.96,2646.16
TXN-100194,2026-05-18 14:33:00,STR-102,CUST-5186,PRD-1022,1,6988.83,0.05,6639.39,Credit Card,In-Store,,2026-05-18,2026,5,Monday,Clothing,4240.29,6639.3885,6639.39,4240.29,2399.1
TXN-100195,2026-04-29 18:46:00,STR-108,CUST-5108,PRD-1048,1,13710.77,0.1,12339.69,Cash,Online,,2026-04-29,2026,4,Wednesday,Clothing,9822.0,12339.693000000001,12339.69,9822.0,2517.69
TXN-100196,2026-03-30 10:17:00,STR-103,CUST-5185,PRD-1014,2,7309.63,0.15,12426.37,UPI,In-Store,,2026-03-30,2026,3,Monday,Beauty & Care,5089.02,6213.1855,12426.37,10178.04,2248.33
TXN-100197,2026-01-05 11:13:00,STR-101,CUST-5025,PRD-1042,4,10274.71,0.2,32879.07,Cash,In-Store,,2026-01-05,2026,1,Monday,Home & Kitchen,7238.41,8219.768,32879.07,28953.64,3925.43
TXN-100198,2026-03-04 19:02:00,STR-106,CUST-5112,PRD-1028,5,6658.9,0.0,33294.5,Credit Card,Mobile App,,2026-03-04,2026,3,Wednesday,Sports & Outdoors,4509.69,6658.9,33294.5,22548.45,10746.05
TXN-100199,2026-05-09 12:14:00,STR-113,CUST-5187,PRD-1013,1,24637.91,0.05,23406.01,Cash,Online,,2026-05-09,2026,5,Saturday,Home & Kitchen,18397.7,23406.014499999997,23406.01,18397.7,5008.31
TXN-100200,2026-03-02 12:56:00,STR-102,CUST-5169,PRD-1036,5,22028.56,0.1,99128.52,Cash,In-Store,,2026-03-02,2026,3,Monday,Home & Kitchen,16329.4,19825.704,99128.52,81647.0,17481.52
TXN-100201,2026-01-16 16:37:00,STR-114,CUST-5188,PRD-1026,3,15872.06,0.1,42854.56,Credit Card,Mobile App,,2026-01-16,2026,1,Friday,Clothing,11621.18,14284.854,42854.56,34863.54,7991.02
TXN-100202,2026-05-07 08:22:00,STR-110,CUST-5171,PRD-1043,4,22540.44,0.2,72129.41,Net Banking,Mobile App,,2026-05-07,2026,5,Thursday,Beauty & Care,14737.88,18032.352,72129.41,58951.52,13177.89
TXN-100203,2026-02-08 12:24:00,STR-102,CUST-5193,PRD-1020,4,2120.69,0.15,7210.35,Cash,Online,,2026-02-08,2026,2,Sunday,Home & Kitchen,1611.77,1802.5865,7210.35,6447.08,763.27
TXN-100204,2026-02-06 20:29:00,STR-114,CUST-5014,PRD-1015,2,9568.8,0.1,17223.84,Cash,Online,,2026-02-06,2026,2,Friday,Clothing,5723.93,8611.92,17223.84,11447.86,5775.98
TXN-100205,2026-02-04 14:15:00,STR-104,CUST-5052,PRD-1026,5,15872.06,0.2,63488.24,Debit Card,Mobile App,,2026-02-04,2026,2,Wednesday,Clothing,11621.18,12697.648000000001,63488.24,58105.9,5382.34
TXN-100206,2026-01-24 16:46:00,STR-113,CUST-5048,PRD-1005,4,11505.07,0.1,41418.25,UPI,Online,,2026-01-24,2026,1,Saturday,Clothing,7063.93,10354.563,41418.25,28255.72,13162.53
TXN-100207,2026-01-11 21:04:00,STR-103,CUST-5194,PRD-1024,5,9368.27,0.2,37473.08,Cash,Mobile App,,2026-01-11,2026,1,Sunday,Beauty & Care,7301.49,7494.616000000001,37473.08,36507.45,965.63
TXN-100208,2026-05-03 11:55:00,STR-114,CUST-5085,PRD-1042,5,10274.71,0.05,48804.87,Debit Card,In-Store,,2026-05-03,2026,5,Sunday,Home & Kitchen,7238.41,9760.974499999998,48804.87,36192.05,12612.82
TXN-100209,2026-05-03 11:44:00,STR-109,CUST-5180,PRD-1013,2,24637.91,0.0,49275.82,Credit Card,Online,,2026-05-03,2026,5,Sunday,Home & Kitchen,18397.7,24637.91,49275.82,36795.4,12480.42
TXN-100210,2026-03-14 14:29:00,STR-108,CUST-5166,PRD-1015,5,9568.8,0.1,43059.6,Debit Card,Online,,2026-03-14,2026,3,Saturday,Clothing,5723.93,8611.92,43059.6,28619.65,14439.95
TXN-100211,2026-05-08 15:06:00,STR-112,CUST-5184,PRD-1016,3,15423.32,0.2,37015.97,Net Banking,Online,,2026-05-08,2026,5,Friday,Electronics,9089.92,12338.656,37015.97,27269.76,9746.21
TXN-100212,2026-04-16 08:36:00,STR-113,CUST-5056,PRD-1013,3,24637.91,0.1,66522.36,Credit Card,In-Store,,2026-04-16,2026,4,Thursday,Home & Kitchen,18397.7,22174.119,66522.36,55193.1,11329.26
TXN-100213,2026-05-29 19:26:00,STR-104,CUST-5039,PRD-1016,5,15423.32,0.2,61693.28,Credit Card,Online,,2026-05-29,2026,5,Friday,Electronics,9089.92,12338.656,61693.28,45449.6,16243.68
TXN-100214,2026-03-04 15:35:00,STR-110,CUST-5175,PRD-1014,4,7309.63,0.2,23390.82,Debit Card,Online,,2026-03-04,2026,3,Wednesday,Beauty & Care,5089.02,5847.704000000001,23390.82,20356.08,3034.74
TXN-100215,2026-04-28 10:46:00,STR-112,CUST-5090,PRD-1048,4,13710.77,0.15,46616.62,Credit Card,In-Store,,2026-04-28,2026,4,Tuesday,Clothing,9822.0,11654.1545,46616.62,39288.0,7328.62
TXN-100216,2026-02-17 16:41:00,STR-100,CUST-5134,PRD-1046,5,2150.38,0.15,9139.12,UPI,In-Store,,2026-02-17,2026,2,Tuesday,Clothing,1198.25,1827.823,9139.12,5991.25,3147.87
TXN-100217,2026-04-16 10:53:00,STR-110,CUST-5059,PRD-1042,1,10274.71,0.0,10274.71,UPI,Mobile App,,2026-04-16,2026,4,Thursday,Home & Kitchen,7238.41,10274.71,10274.71,7238.41,3036.3
TXN-100218,2026-05-10 15:23:00,STR-100,CUST-5158,PRD-1009,1,20274.45,0.05,19260.73,Cash,Online,,2026-05-10,2026,5,Sunday,Home & Kitchen,14553.78,19260.7275,19260.73,14553.78,4706.95
TXN-100219,2026-01-02 16:35:00,STR-106,CUST-5003,PRD-1042,4,10274.71,0.0,41098.84,UPI,Mobile App,,2026-01-02,2026,1,Friday,Home & Kitchen,7238.41,10274.71,41098.84,28953.64,12145.2
TXN-100220,2026-03-15 08:32:00,STR-113,CUST-5178,PRD-1046,3,2150.38,0.2,5160.91,Net Banking,In-Store,,2026-03-15,2026,3,Sunday,Clothing,1198.25,1720.304,5160.91,3594.75,1566.16
TXN-100221,2026-02-08 11:12:00,STR-109,CUST-5134,PRD-1006,1,17604.11,0.2,14083.29,Debit Card,Online,,2026-02-08,2026,2,Sunday,Clothing,11059.92,14083.288,14083.29,11059.92,3023.37
TXN-100222,2026-04-06 14:29:00,STR-109,CUST-5062,PRD-1017,4,11824.84,0.0,47299.36,Credit Card,Online,,2026-04-06,2026,4,Monday,Clothing,7237.84,11824.84,47299.36,28951.36,18348.0
TXN-100223,2026-01-24 14:24:00,STR-106,CUST-5141,PRD-1043,1,22540.44,0.0,22540.44,Net Banking,In-Store,,2026-01-24,2026,1,Saturday,Beauty & Care,14737.88,22540.44,22540.44,14737.88,7802.56
TXN-100224,2026-01-22 15:54:00,STR-106,CUST-5165,PRD-1040,1,6993.15,0.05,6643.49,Debit Card,Mobile App,,2026-01-22,2026,1,Thursday,Clothing,5249.48,6643.492499999999,6643.49,5249.48,1394.01
TXN-100225,2026-02-28 11:57:00,STR-113,CUST-5177,PRD-1006,5,17604.11,0.0,88020.55,Cash,Online,,2026-02-28,2026,2,Saturday,Clothing,11059.92,17604.11,88020.55,55299.6,32720.95
TXN-100226,2026-06-25 12:57:00,STR-108,CUST-5144,PRD-1017,1,11824.84,0.0,11824.84,UPI,In-Store,,2026-06-25,2026,6,Thursday,Clothing,7237.84,11824.84,11824.84,7237.84,4587.0
TXN-100227,2026-05-31 10:48:00,STR-113,CUST-5182,PRD-1020,1,2120.69,0.05,2014.66,Net Banking,In-Store,,2026-05-31,2026,5,Sunday,Home & Kitchen,1611.77,2014.6554999999998,2014.66,1611.77,402.89
TXN-100228,2026-03-03 17:53:00,STR-113,CUST-5099,PRD-1019,2,20633.99,0.2,33014.38,Cash,Online,,2026-03-03,2026,3,Tuesday,Clothing,15169.3,16507.192000000003,33014.38,30338.6,2675.78
TXN-100229,2026-05-09 19:22:00,STR-100,CUST-5025,PRD-1024,2,9368.27,0.0,18736.54,Net Banking,In-Store,,2026-05-09,2026,5,Saturday,Beauty & Care,7301.49,9368.27,18736.54,14602.98,4133.56
TXN-100230,2026-06-07 17:25:00,STR-112,CUST-5083,PRD-1004,3,18042.2,0.2,43301.28,UPI,Mobile App,,2026-06-07,2026,6,Sunday,Clothing,12833.5,14433.760000000002,43301.28,38500.5,4800.78
TXN-100231,2026-02-28 13:35:00,STR-106,CUST-5110,PRD-1017,4,11824.84,0.15,40204.46,Credit Card,Mobile App,,2026-02-28,2026,2,Saturday,Clothing,7237.84,10051.114,40204.46,28951.36,11253.1
TXN-100232,2026-06-08 12:51:00,STR-103,CUST-5182,PRD-1037,4,1918.22,0.0,7672.88,UPI,In-Store,,2026-06-08,2026,6,Monday,Clothing,1442.39,1918.22,7672.88,5769.56,1903.32
TXN-100233,2026-06-12 10:47:00,STR-106,CUST-5081,PRD-1017,2,11824.84,0.15,20102.23,Debit Card,In-Store,,2026-06-12,2026,6,Friday,Clothing,7237.84,10051.114,20102.23,14475.68,5626.55
TXN-100234,2026-04-24 13:48:00,STR-104,CUST-5026,PRD-1005,1,11505.07,0.1,10354.56,Credit Card,In-Store,,2026-04-24,2026,4,Friday,Clothing,7063.93,10354.563,10354.56,7063.93,3290.63
TXN-100235,2026-05-23 16:32:00,STR-106,CUST-5026,PRD-1011,4,20820.24,0.15,70788.82,UPI,In-Store,,2026-05-23,2026,5,Saturday,Home & Kitchen,14413.01,17697.204,70788.82,57652.04,13136.78
TXN-100236,2026-06-02 17:50:00,STR-105,CUST-5098,PRD-1022,5,6988.83,0.0,34944.15,UPI,Online,,2026-06-02,2026,6,Tuesday,Clothing,4240.29,6988.83,34944.15,21201.45,13742.7
TXN-100237,2026-05-24 11:36:00,STR-108,CUST-5043,PRD-1026,4,15872.06,0.0,63488.24,Net Banking,In-Store,,2026-05-24,2026,5,Sunday,Clothing,11621.18,15872.06,63488.24,46484.72,17003.52
TXN-100238,2026-03-10 15:09:00,STR-101,CUST-5042,PRD-1008,3,2868.65,0.1,7745.36,Net Banking,Online,,2026-03-10,2026,3,Tuesday,Beauty & Care,2136.93,2581.7850000000003,7745.36,6410.79,1334.57
TXN-100239,2026-01-20 13:16:00,STR-103,CUST-5184,PRD-1026,3,15872.06,0.15,40473.75,Net Banking,Mobile App,,2026-01-20,2026,1,Tuesday,Clothing,11621.18,13491.250999999998,40473.75,34863.54,5610.21
TXN-100240,2026-01-28 10:19:00,STR-100,CUST-5101,PRD-1039,2,3644.72,0.15,6196.02,Debit Card,Mobile App,,2026-01-28,2026,1,Wednesday,Clothing,2403.02,3098.0119999999997,6196.02,4806.04,1389.98
TXN-100241,2026-03-27 14:52:00,STR-113,CUST-5166,PRD-1024,3,9368.27,0.15,23889.09,Cash,In-Store,,2026-03-27,2026,3,Friday,Beauty & Care,7301.49,7963.029500000001,23889.09,21904.47,1984.62
TXN-100242,2026-06-27 11:30:00,STR-105,CUST-5045,PRD-1019,3,20633.99,0.2,49521.58,Net Banking,Online,,2026-06-27,2026,6,Saturday,Clothing,15169.3,16507.192000000003,49521.58,45507.9,4013.68
TXN-100243,2026-03-04 13:24:00,STR-104,CUST-5100,PRD-1018,4,17272.73,0.2,55272.74,Debit Card,In-Store,,2026-03-04,2026,3,Wednesday,Clothing,12848.42,13818.184000000001,55272.74,51393.68,3879.06
TXN-100244,2026-05-20 10:43:00,STR-112,CUST-5140,PRD-1036,2,22028.56,0.2,35245.7,UPI,Mobile App,,2026-05-20,2026,5,Wednesday,Home & Kitchen,16329.4,17622.848,35245.7,32658.8,2586.9
TXN-100245,2026-03-16 21:44:00,STR-101,CUST-5104,PRD-1029,2,17201.59,0.15,29242.7,Net Banking,In-Store,,2026-03-16,2026,3,Monday,Electronics,11585.33,14621.351499999999,29242.7,23170.66,6072.04
TXN-100246,2026-03-06 18:09:00,STR-111,CUST-5108,PRD-1040,3,6993.15,0.05,19930.48,Net Banking,In-Store,,2026-03-06,2026,3,Friday,Clothing,5249.48,6643.492499999999,19930.48,15748.44,4182.04
TXN-100247,2026-05-30 14:34:00,STR-108,CUST-5177,PRD-1028,5,6658.9,0.15,28300.33,Net Banking,Mobile App,,2026-05-30,2026,5,Saturday,Sports & Outdoors,4509.69,5660.065,28300.32,22548.45,5751.87
TXN-100248,2026-06-02 18:58:00,STR-101,CUST-5027,PRD-1002,3,14966.66,0.2,35919.98,Credit Card,Mobile App,,2026-06-02,2026,6,Tuesday,Electronics,8341.07,11973.328000000001,35919.98,25023.21,10896.77
TXN-100249,2026-06-15 17:02:00,STR-109,CUST-5165,PRD-1042,3,10274.71,0.05,29282.92,Net Banking,Online,,2026-06-15,2026,6,Monday,Home & Kitchen,7238.41,9760.974499999998,29282.92,21715.23,7567.69
TXN-100250,2026-01-26 12:14:00,STR-108,CUST-5191,PRD-1027,1,2055.49,0.0,2055.49,Cash,Mobile App,,2026-01-26,2026,1,Monday,Sports & Outdoors,1310.93,2055.49,2055.49,1310.93,744.56
TXN-100251,2026-04-25 13:25:00,STR-107,CUST-5197,PRD-1037,5,1918.22,0.05,9111.55,Cash,Mobile App,,2026-04-25,2026,4,Saturday,Clothing,1442.39,1822.309,9111.54,7211.95,1899.59
TXN-100252,2026-01-07 15:06:00,STR-104,CUST-5106,PRD-1032,2,19167.84,0.1,34502.11,UPI,In-Store,,2026-01-07,2026,1,Wednesday,Sports & Outdoors,12780.48,17251.056,34502.11,25560.96,8941.15
TXN-100253,2026-03-21 13:29:00,STR-112,CUST-5052,PRD-1046,2,2150.38,0.1,3870.68,Cash,Online,,2026-03-21,2026,3,Saturday,Clothing,1198.25,1935.342,3870.68,2396.5,1474.18
TXN-100254,2026-04-23 19:44:00,STR-107,CUST-5081,PRD-1022,4,6988.83,0.0,27955.32,UPI,Online,,2026-04-23,2026,4,Thursday,Clothing,4240.29,6988.83,27955.32,16961.16,10994.16
TXN-100255,2026-03-29 18:06:00,STR-110,CUST-5042,PRD-1002,1,14966.66,0.0,14966.66,Credit Card,Mobile App,,2026-03-29,2026,3,Sunday,Electronics,8341.07,14966.66,14966.66,8341.07,6625.59
TXN-100256,2026-03-26 16:27:00,STR-107,CUST-5059,PRD-1011,5,20820.24,0.05,98896.14,Net Banking,Mobile App,,2026-03-26,2026,3,Thursday,Home & Kitchen,14413.01,19779.228,98896.14,72065.05,26831.09
TXN-100257,2026-04-12 08:47:00,STR-109,CUST-5050,PRD-1011,2,20820.24,0.15,35394.41,Net Banking,Mobile App,,2026-04-12,2026,4,Sunday,Home & Kitchen,14413.01,17697.204,35394.41,28826.02,6568.39
TXN-100258,2026-06-30 11:13:00,STR-104,CUST-5192,PRD-1027,4,2055.49,0.0,8221.96,UPI,Mobile App,,2026-06-30,2026,6,Tuesday,Sports & Outdoors,1310.93,2055.49,8221.96,5243.72,2978.24
TXN-100259,2026-04-04 13:12:00,STR-107,CUST-5029,PRD-1006,5,17604.11,0.05,83619.52,Debit Card,Mobile App,,2026-04-04,2026,4,Saturday,Clothing,11059.92,16723.9045,83619.52,55299.6,28319.92
TXN-100260,2026-06-02 14:39:00,STR-106,CUST-5150,PRD-1031,5,23868.44,0.1,107407.98,UPI,Online,,2026-06-02,2026,6,Tuesday,Electronics,17935.85,21481.595999999998,107407.98,89679.25,17728.73
TXN-100261,2026-02-14 21:43:00,STR-111,CUST-5076,PRD-1022,4,6988.83,0.2,22364.26,Cash,Mobile App,,2026-02-14,2026,2,Saturday,Clothing,4240.29,5591.064,22364.26,16961.16,5403.1
TXN-100262,2026-01-31 11:19:00,STR-101,CUST-5046,PRD-1005,2,11505.07,0.1,20709.13,Debit Card,Mobile App,,2026-01-31,2026,1,Saturday,Clothing,7063.93,10354.563,20709.13,14127.86,6581.27
TXN-100263,2026-04-18 17:08:00,STR-109,CUST-5098,PRD-1009,5,20274.45,0.15,86166.41,Net Banking,In-Store,,2026-04-18,2026,4,Saturday,Home & Kitchen,14553.78,17233.2825,86166.41,72768.9,13397.51
TXN-100264,2026-05-23 10:31:00,STR-104,CUST-5035,PRD-1031,5,23868.44,0.05,113375.09,Credit Card,Online,,2026-05-23,2026,5,Saturday,Electronics,17935.85,22675.017999999996,113375.09,89679.25,23695.84
TXN-100265,2026-04-02 08:31:00,STR-102,CUST-5049,PRD-1028,5,6658.9,0.0,33294.5,Net Banking,Mobile App,,2026-04-02,2026,4,Thursday,Sports & Outdoors,4509.69,6658.9,33294.5,22548.45,10746.05
TXN-100266,2026-06-25 15:26:00,STR-111,CUST-5113,PRD-1032,4,19167.84,0.15,65170.66,Net Banking,In-Store,,2026-06-25,2026,6,Thursday,Sports & Outdoors,12780.48,16292.663999999999,65170.66,51121.92,14048.74
TXN-100267,2026-02-26 12:02:00,STR-104,CUST-5057,PRD-1005,5,11505.07,0.0,57525.35,Cash,Online,,2026-02-26,2026,2,Thursday,Clothing,7063.93,11505.07,57525.35,35319.65,22205.7
TXN-100268,2026-05-07 16:32:00,STR-101,CUST-5146,PRD-1010,4,24341.31,0.2,77892.19,UPI,Online,,2026-05-07,2026,5,Thursday,Electronics,15506.95,19473.048000000003,77892.19,62027.8,15864.39
TXN-100269,2026-05-19 21:48:00,STR-100,CUST-5194,PRD-1049,5,12079.91,0.1,54359.6,Net Banking,Mobile App,,2026-05-19,2026,5,Tuesday,Sports & Outdoors,8823.92,10871.919,54359.6,44119.6,10240.0
TXN-100270,2026-06-17 20:15:00,STR-104,CUST-5008,PRD-1013,4,24637.91,0.0,98551.64,Net Banking,Online,,2026-06-17,2026,6,Wednesday,Home & Kitchen,18397.7,24637.91,98551.64,73590.8,24960.84
TXN-100271,2026-01-31 20:51:00,STR-103,CUST-5053,PRD-1022,1,6988.83,0.15,5940.51,Cash,Mobile App,,2026-01-31,2026,1,Saturday,Clothing,4240.29,5940.5055,5940.51,4240.29,1700.22
TXN-100272,2026-02-12 17:08:00,STR-112,CUST-5052,PRD-1022,5,6988.83,0.15,29702.53,Credit Card,In-Store,,2026-02-12,2026,2,Thursday,Clothing,4240.29,5940.5055,29702.53,21201.45,8501.08
TXN-100273,2026-03-13 17:34:00,STR-102,CUST-5082,PRD-1036,3,22028.56,0.2,52868.54,Debit Card,Online,,2026-03-13,2026,3,Friday,Home & Kitchen,16329.4,17622.848,52868.54,48988.2,3880.34
TXN-100274,2026-06-23 21:06:00,STR-102,CUST-5192,PRD-1036,3,22028.56,0.2,52868.54,Net Banking,In-Store,,2026-06-23,2026,6,Tuesday,Home & Kitchen,16329.4,17622.848,52868.54,48988.2,3880.34
TXN-100275,2026-03-05 10:45:00,STR-105,CUST-5063,PRD-1017,2,11824.84,0.05,22467.2,Net Banking,Online,,2026-03-05,2026,3,Thursday,Clothing,7237.84,11233.598,22467.2,14475.68,7991.52
TXN-100276,2026-06-10 14:24:00,STR-107,CUST-5019,PRD-1009,5,20274.45,0.1,91235.03,UPI,Online,,2026-06-10,2026,6,Wednesday,Home & Kitchen,14553.78,18247.005,91235.02,72768.9,18466.12
TXN-100277,2026-04-27 15:20:00,STR-109,CUST-5000,PRD-1032,3,19167.84,0.1,51753.17,UPI,Mobile App,,2026-04-27,2026,4,Monday,Sports & Outdoors,12780.48,17251.056,51753.17,38341.44,13411.73
TXN-100278,2026-05-17 14:13:00,STR-106,CUST-5054,PRD-1029,3,17201.59,0.0,51604.77,Net Banking,Online,,2026-05-17,2026,5,Sunday,Electronics,11585.33,17201.59,51604.77,34755.99,16848.78
TXN-100279,2026-05-21 17:08:00,STR-109,CUST-5124,PRD-1020,3,2120.69,0.1,5725.86,Debit Card,Mobile App,,2026-05-21,2026,5,Thursday,Home & Kitchen,1611.77,1908.621,5725.86,4835.31,890.55
TXN-100280,2026-01-26 18:50:00,STR-113,CUST-5117,PRD-1048,1,13710.77,0.0,13710.77,UPI,In-Store,,2026-01-26,2026,1,Monday,Clothing,9822.0,13710.77,13710.77,9822.0,3888.77
TXN-100281,2026-01-01 14:12:00,STR-111,CUST-5033,PRD-1010,4,24341.31,0.15,82760.45,Debit Card,In-Store,,2026-01-01,2026,1,Thursday,Electronics,15506.95,20690.1135,82760.45,62027.8,20732.65
TXN-100282,2026-03-06 09:23:00,STR-110,CUST-5166,PRD-1017,1,11824.84,0.1,10642.36,Credit Card,In-Store,,2026-03-06,2026,3,Friday,Clothing,7237.84,10642.356,10642.36,7237.84,3404.52
TXN-100283,2026-04-20 18:05:00,STR-111,CUST-5024,PRD-1025,3,12590.63,0.05,35883.3,UPI,In-Store,,2026-04-20,2026,4,Monday,Sports & Outdoors,9113.47,11961.098499999998,35883.3,27340.41,8542.89
TXN-100284,2026-06-01 11:33:00,STR-110,CUST-5113,PRD-1030,1,3232.14,0.05,3070.53,UPI,In-Store,,2026-06-01,2026,6,Monday,Home & Kitchen,2100.88,3070.533,3070.53,2100.88,969.65
TXN-100285,2026-04-19 19:08:00,STR-107,CUST-5018,PRD-1044,3,2067.7,0.0,6203.1,Credit Card,Online,,2026-04-19,2026,4,Sunday,Clothing,1147.24,2067.7,6203.1,3441.72,2761.38
TXN-100286,2026-03-22 13:56:00,STR-104,CUST-5035,PRD-1005,1,11505.07,0.0,11505.07,Net Banking,In-Store,,2026-03-22,2026,3,Sunday,Clothing,7063.93,11505.07,11505.07,7063.93,4441.14
TXN-100287,2026-05-16 17:00:00,STR-109,CUST-5166,PRD-1041,2,23258.31,0.0,46516.62,Credit Card,Online,,2026-05-16,2026,5,Saturday,Clothing,16832.29,23258.31,46516.62,33664.58,12852.04
TXN-100288,2026-04-16 17:43:00,STR-107,CUST-5055,PRD-1022,2,6988.83,0.05,13278.78,UPI,In-Store,,2026-04-16,2026,4,Thursday,Clothing,4240.29,6639.3885,13278.78,8480.58,4798.2
TXN-100289,2026-04-09 13:27:00,STR-105,CUST-5035,PRD-1008,1,2868.65,0.2,2294.92,Credit Card,Online,,2026-04-09,2026,4,Thursday,Beauty & Care,2136.93,2294.92,2294.92,2136.93,157.99
TXN-100290,2026-05-22 17:38:00,STR-111,CUST-5155,PRD-1041,1,23258.31,0.05,22095.39,Debit Card,Mobile App,,2026-05-22,2026,5,Friday,Clothing,16832.29,22095.3945,22095.39,16832.29,5263.1
TXN-100291,2026-05-13 17:32:00,STR-103,CUST-5191,PRD-1001,3,18543.28,0.05,52848.35,Net Banking,Online,,2026-05-13,2026,5,Wednesday,Clothing,13084.9,17616.115999999998,52848.35,39254.7,13593.65
TXN-100292,2026-05-07 14:07:00,STR-103,CUST-5127,PRD-1041,1,23258.31,0.05,22095.39,Cash,In-Store,,2026-05-07,2026,5,Thursday,Clothing,16832.29,22095.3945,22095.39,16832.29,5263.1
TXN-100293,2026-03-23 10:24:00,STR-113,CUST-5145,PRD-1033,1,21120.74,0.1,19008.67,Net Banking,Online,,2026-03-23,2026,3,Monday,Home & Kitchen,14082.52,19008.666,19008.67,14082.52,4926.15
TXN-100294,2026-01-19 08:37:00,STR-101,CUST-5003,PRD-1034,2,9660.26,0.15,16422.44,Debit Card,In-Store,,2026-01-19,2026,1,Monday,Clothing,5672.08,8211.221,16422.44,11344.16,5078.28
TXN-100295,2026-05-10 12:40:00,STR-111,CUST-5128,PRD-1002,1,14966.66,0.15,12721.66,Net Banking,Online,,2026-05-10,2026,5,Sunday,Electronics,8341.07,12721.661,12721.66,8341.07,4380.59
TXN-100296,2026-06-13 16:34:00,STR-109,CUST-5039,PRD-1044,4,2067.7,0.0,8270.8,Debit Card,In-Store,,2026-06-13,2026,6,Saturday,Clothing,1147.24,2067.7,8270.8,4588.96,3681.84
TXN-100297,2026-02-22 20:09:00,STR-108,CUST-5083,PRD-1019,1,20633.99,0.2,16507.19,Net Banking,Mobile App,,2026-02-22,2026,2,Sunday,Clothing,15169.3,16507.192000000003,16507.19,15169.3,1337.89
TXN-100298,2026-06-28 14:46:00,STR-113,CUST-5061,PRD-1040,1,6993.15,0.1,6293.84,UPI,In-Store,,2026-06-28,2026,6,Sunday,Clothing,5249.48,6293.835,6293.84,5249.48,1044.36
TXN-100299,2026-04-27 17:38:00,STR-100,CUST-5079,PRD-1005,4,11505.07,0.0,46020.28,Credit Card,In-Store,,2026-04-27,2026,4,Monday,Clothing,7063.93,11505.07,46020.28,28255.72,17764.56
TXN-100300,2026-02-11 15:22:00,STR-108,CUST-5132,PRD-1000,2,1111.79,0.0,2223.58,Debit Card,In-Store,,2026-02-11,2026,2,Wednesday,Electronics,681.81,1111.79,2223.58,1363.62,859.96
TXN-100301,2026-01-31 20:57:00,STR-100,CUST-5085,PRD-1023,2,6936.43,0.1,12485.57,Net Banking,Online,,2026-01-31,2026,1,Saturday,Sports & Outdoors,4747.67,6242.787,12485.57,9495.34,2990.23
TXN-100302,2026-05-28 18:04:00,STR-107,CUST-5116,PRD-1033,1,21120.74,0.1,19008.67,Cash,Online,,2026-05-28,2026,5,Thursday,Home & Kitchen,14082.52,19008.666,19008.67,14082.52,4926.15
TXN-100303,2026-02-12 13:10:00,STR-104,CUST-5197,PRD-1003,4,6199.42,0.2,19838.14,UPI,Mobile App,,2026-02-12,2026,2,Thursday,Clothing,4268.08,4959.536,19838.14,17072.32,2765.82
TXN-100304,2026-05-11 08:02:00,STR-113,CUST-5003,PRD-1043,1,22540.44,0.05,21413.42,Credit Card,In-Store,,2026-05-11,2026,5,Monday,Beauty & Care,14737.88,21413.417999999998,21413.42,14737.88,6675.54
TXN-100305,2026-02-08 10:59:00,STR-113,CUST-5009,PRD-1030,3,3232.14,0.15,8241.96,Cash,Mobile App,,2026-02-08,2026,2,Sunday,Home & Kitchen,2100.88,2747.319,8241.96,6302.64,1939.32
TXN-100306,2026-03-24 11:26:00,STR-114,CUST-5184,PRD-1047,4,13096.34,0.05,49766.09,Debit Card,Online,,2026-03-24,2026,3,Tuesday,Electronics,8041.8,12441.523,49766.09,32167.2,17598.89
TXN-100307,2026-01-31 16:43:00,STR-114,CUST-5013,PRD-1004,5,18042.2,0.1,81189.9,Credit Card,In-Store,,2026-01-31,2026,1,Saturday,Clothing,12833.5,16237.980000000001,81189.9,64167.5,17022.4
TXN-100308,2026-01-18 15:55:00,STR-104,CUST-5198,PRD-1033,1,21120.74,0.15,17952.63,Debit Card,Online,,2026-01-18,2026,1,Sunday,Home & Kitchen,14082.52,17952.629,17952.63,14082.52,3870.11
TXN-100309,2026-01-03 13:12:00,STR-104,CUST-5144,PRD-1005,5,11505.07,0.15,48896.55,Debit Card,Mobile App,,2026-01-03,2026,1,Saturday,Clothing,7063.93,9779.3095,48896.55,35319.65,13576.9
TXN-100310,2026-04-05 17:31:00,STR-112,CUST-5198,PRD-1039,2,3644.72,0.15,6196.02,Credit Card,Mobile App,,2026-04-05,2026,4,Sunday,Clothing,2403.02,3098.0119999999997,6196.02,4806.04,1389.98
TXN-100311,2026-01-02 14:01:00,STR-103,CUST-5138,PRD-1034,2,9660.26,0.05,18354.49,Debit Card,Mobile App,,2026-01-02,2026,1,Friday,Clothing,5672.08,9177.247,18354.49,11344.16,7010.33
TXN-100312,2026-01-01 20:42:00,STR-106,CUST-5188,PRD-1044,1,2067.7,0.1,1860.93,Debit Card,In-Store,,2026-01-01,2026,1,Thursday,Clothing,1147.24,1860.9299999999998,1860.93,1147.24,713.69
TXN-100313,2026-04-18 15:03:00,STR-102,CUST-5182,PRD-1013,5,24637.91,0.05,117030.07,Debit Card,In-Store,,2026-04-18,2026,4,Saturday,Home & Kitchen,18397.7,23406.014499999997,117030.07,91988.5,25041.57
TXN-100314,2026-04-16 19:57:00,STR-105,CUST-5117,PRD-1002,2,14966.66,0.2,23946.66,UPI,Mobile App,,2026-04-16,2026,4,Thursday,Electronics,8341.07,11973.328000000001,23946.66,16682.14,7264.52
TXN-100315,2026-06-13 21:25:00,STR-101,CUST-5151,PRD-1006,5,17604.11,0.05,83619.52,Cash,In-Store,,2026-06-13,2026,6,Saturday,Clothing,11059.92,16723.9045,83619.52,55299.6,28319.92
TXN-100316,2026-03-16 12:54:00,STR-105,CUST-5100,PRD-1027,2,2055.49,0.05,3905.43,Debit Card,Online,,2026-03-16,2026,3,Monday,Sports & Outdoors,1310.93,1952.7154999999998,3905.43,2621.86,1283.57
TXN-100317,2026-01-20 11:08:00,STR-112,CUST-5197,PRD-1028,3,6658.9,0.05,18977.86,Cash,In-Store,,2026-01-20,2026,1,Tuesday,Sports & Outdoors,4509.69,6325.954999999999,18977.86,13529.07,5448.79
TXN-100318,2026-04-26 15:20:00,STR-106,CUST-5030,PRD-1009,1,20274.45,0.05,19260.73,Cash,Online,,2026-04-26,2026,4,Sunday,Home & Kitchen,14553.78,19260.7275,19260.73,14553.78,4706.95
TXN-100319,2026-03-20 15:16:00,STR-113,CUST-5030,PRD-1049,2,12079.91,0.15,20535.85,UPI,In-Store,,2026-03-20,2026,3,Friday,Sports & Outdoors,8823.92,10267.923499999999,20535.85,17647.84,2888.01
TXN-100320,2026-01-11 11:53:00,STR-113,CUST-5083,PRD-1043,3,22540.44,0.2,54097.06,Credit Card,In-Store,,2026-01-11,2026,1,Sunday,Beauty & Care,14737.88,18032.352,54097.06,44213.64,9883.42
TXN-100321,2026-04-12 16:03:00,STR-110,CUST-5076,PRD-1045,2,14916.37,0.1,26849.47,Debit Card,In-Store,,2026-04-12,2026,4,Sunday,Clothing,8228.67,13424.733,26849.47,16457.34,10392.13
TXN-100322,2026-05-23 19:35:00,STR-103,CUST-5024,PRD-1001,4,18543.28,0.15,63047.15,Net Banking,In-Store,,2026-05-23,2026,5,Saturday,Clothing,13084.9,15761.787999999999,63047.15,52339.6,10707.55
TXN-100323,2026-01-16 21:49:00,STR-103,CUST-5033,PRD-1008,1,2868.65,0.0,2868.65,Credit Card,Online,,2026-01-16,2026,1,Friday,Beauty & Care,2136.93,2868.65,2868.65,2136.93,731.72
TXN-100324,2026-05-31 12:58:00,STR-113,CUST-5019,PRD-1023,1,6936.43,0.2,5549.14,UPI,In-Store,,2026-05-31,2026,5,Sunday,Sports & Outdoors,4747.67,5549.144,5549.14,4747.67,801.47
TXN-100325,2026-01-24 21:53:00,STR-112,CUST-5084,PRD-1012,4,5210.26,0.05,19798.99,UPI,In-Store,,2026-01-24,2026,1,Saturday,Sports & Outdoors,2949.0,4949.747,19798.99,11796.0,8002.99
TXN-100326,2026-05-27 14:52:00,STR-111,CUST-5101,PRD-1029,1,17201.59,0.05,16341.51,Net Banking,In-Store,,2026-05-27,2026,5,Wednesday,Electronics,11585.33,16341.510499999999,16341.51,11585.33,4756.18
TXN-100327,2026-04-01 11:58:00,STR-102,CUST-5070,PRD-1024,4,9368.27,0.05,35599.43,Debit Card,Online,,2026-04-01,2026,4,Wednesday,Beauty & Care,7301.49,8899.8565,35599.43,29205.96,6393.47
TXN-100328,2026-06-08 17:15:00,STR-110,CUST-5075,PRD-1009,1,20274.45,0.2,16219.56,Net Banking,Online,,2026-06-08,2026,6,Monday,Home & Kitchen,14553.78,16219.560000000001,16219.56,14553.78,1665.78
TXN-100329,2026-01-23 12:24:00,STR-102,CUST-5107,PRD-1035,4,15173.74,0.0,60694.96,Credit Card,Mobile App,,2026-01-23,2026,1,Friday,Electronics,10050.77,15173.74,60694.96,40203.08,20491.88
TXN-100330,2026-01-05 14:50:00,STR-111,CUST-5091,PRD-1033,2,21120.74,0.2,33793.18,Net Banking,Mobile App,,2026-01-05,2026,1,Monday,Home & Kitchen,14082.52,16896.592,33793.18,28165.04,5628.14
TXN-100331,2026-05-09 13:24:00,STR-104,CUST-5046,PRD-1031,3,23868.44,0.2,57284.26,UPI,Online,,2026-05-09,2026,5,Saturday,Electronics,17935.85,19094.752,57284.26,53807.55,3476.71
TXN-100332,2026-03-13 08:51:00,STR-107,CUST-5135,PRD-1038,2,18431.47,0.0,36862.94,Debit Card,Mobile App,,2026-03-13,2026,3,Friday,Electronics,13596.63,18431.47,36862.94,27193.26,9669.68
TXN-100333,2026-03-05 18:15:00,STR-104,CUST-5136,PRD-1014,2,7309.63,0.0,14619.26,UPI,In-Store,,2026-03-05,2026,3,Thursday,Beauty & Care,5089.02,7309.63,14619.26,10178.04,4441.22
TXN-100334,2026-02-14 10:15:00,STR-109,CUST-5081,PRD-1036,4,22028.56,0.1,79302.82,Debit Card,Mobile App,,2026-02-14,2026,2,Saturday,Home & Kitchen,16329.4,19825.704,79302.82,65317.6,13985.22
TXN-100335,2026-05-25 10:36:00,STR-103,CUST-5126,PRD-1001,3,18543.28,0.2,44503.87,Cash,Online,,2026-05-25,2026,5,Monday,Clothing,13084.9,14834.624,44503.87,39254.7,5249.17
TXN-100336,2026-01-24 08:14:00,STR-109,CUST-5056,PRD-1011,4,20820.24,0.0,83280.96,UPI,Mobile App,,2026-01-24,2026,1,Saturday,Home & Kitchen,14413.01,20820.24,83280.96,57652.04,25628.92
TXN-100337,2026-06-07 11:51:00,STR-102,CUST-5087,PRD-1030,1,3232.14,0.1,2908.93,Credit Card,Online,,2026-06-07,2026,6,Sunday,Home & Kitchen,2100.88,2908.926,2908.93,2100.88,808.05
TXN-100338,2026-05-31 19:58:00,STR-102,CUST-5198,PRD-1003,1,6199.42,0.05,5889.45,UPI,Mobile App,,2026-05-31,2026,5,Sunday,Clothing,4268.08,5889.449,5889.45,4268.08,1621.37
TXN-100339,2026-06-30 18:25:00,STR-109,CUST-5025,PRD-1023,1,6936.43,0.1,6242.79,Debit Card,Online,,2026-06-30,2026,6,Tuesday,Sports & Outdoors,4747.67,6242.787,6242.79,4747.67,1495.12
TXN-100340,2026-04-22 20:40:00,STR-107,CUST-5166,PRD-1020,2,2120.69,0.05,4029.31,Debit Card,In-Store,,2026-04-22,2026,4,Wednesday,Home & Kitchen,1611.77,2014.6554999999998,4029.31,3223.54,805.77
TXN-100341,2026-04-02 11:42:00,STR-109,CUST-5044,PRD-1045,5,14916.37,0.2,59665.48,Net Banking,Online,,2026-04-02,2026,4,Thursday,Clothing,8228.67,11933.096000000001,59665.48,41143.35,18522.13
TXN-100342,2026-02-15 19:00:00,STR-111,CUST-5146,PRD-1046,3,2150.38,0.05,6128.58,Net Banking,Mobile App,,2026-02-15,2026,2,Sunday,Clothing,1198.25,2042.861,6128.58,3594.75,2533.83
TXN-100343,2026-03-23 20:39:00,STR-103,CUST-5163,PRD-1002,2,14966.66,0.2,23946.66,Cash,In-Store,,2026-03-23,2026,3,Monday,Electronics,8341.07,11973.328000000001,23946.66,16682.14,7264.52
TXN-100344,2026-01-20 11:22:00,STR-105,CUST-5042,PRD-1031,2,23868.44,0.1,42963.19,UPI,Mobile App,,2026-01-20,2026,1,Tuesday,Electronics,17935.85,21481.595999999998,42963.19,35871.7,7091.49
TXN-100345,2026-01-03 12:13:00,STR-103,CUST-5177,PRD-1042,3,10274.71,0.15,26200.51,UPI,Online,,2026-01-03,2026,1,Saturday,Home & Kitchen,7238.41,8733.503499999999,26200.51,21715.23,4485.28
TXN-100346,2026-01-13 14:28:00,STR-111,CUST-5107,PRD-1016,1,15423.32,0.0,15423.32,Credit Card,Online,,2026-01-13,2026,1,Tuesday,Electronics,9089.92,15423.32,15423.32,9089.92,6333.4
TXN-100347,2026-05-20 14:06:00,STR-113,CUST-5122,PRD-1031,4,23868.44,0.1,85926.38,Cash,Mobile App,,2026-05-20,2026,5,Wednesday,Electronics,17935.85,21481.595999999998,85926.38,71743.4,14182.98
TXN-100348,2026-04-26 09:51:00,STR-113,CUST-5008,PRD-1048,2,13710.77,0.05,26050.46,Debit Card,In-Store,,2026-04-26,2026,4,Sunday,Clothing,9822.0,13025.2315,26050.46,19644.0,6406.46
TXN-100349,2026-01-19 13:10:00,STR-114,CUST-5096,PRD-1020,3,2120.69,0.0,6362.07,Credit Card,Mobile App,,2026-01-19,2026,1,Monday,Home & Kitchen,1611.77,2120.69,6362.07,4835.31,1526.76
TXN-100350,2026-03-28 17:39:00,STR-114,CUST-5123,PRD-1004,5,18042.2,0.0,90211.0,UPI,Online,,2026-03-28,2026,3,Saturday,Clothing,12833.5,18042.2,90211.0,64167.5,26043.5
TXN-100351,2026-04-22 10:03:00,STR-101,CUST-5084,PRD-1041,2,23258.31,0.2,37213.3,Credit Card,In-Store,,2026-04-22,2026,4,Wednesday,Clothing,16832.29,18606.648,37213.3,33664.58,3548.72
TXN-100352,2026-03-09 18:18:00,STR-104,CUST-5060,PRD-1026,5,15872.06,0.2,63488.24,UPI,In-Store,,2026-03-09,2026,3,Monday,Clothing,11621.18,12697.648000000001,63488.24,58105.9,5382.34
TXN-100353,2026-05-06 10:03:00,STR-105,CUST-5000,PRD-1025,5,12590.63,0.2,50362.52,Net Banking,In-Store,,2026-05-06,2026,5,Wednesday,Sports & Outdoors,9113.47,10072.504,50362.52,45567.35,4795.17
TXN-100354,2026-02-21 09:01:00,STR-103,CUST-5043,PRD-1018,5,17272.73,0.15,73409.1,Debit Card,In-Store,,2026-02-21,2026,2,Saturday,Clothing,12848.42,14681.8205,73409.1,64242.1,9167.0
TXN-100355,2026-04-12 15:31:00,STR-114,CUST-5169,PRD-1030,1,3232.14,0.1,2908.93,Debit Card,In-Store,,2026-04-12,2026,4,Sunday,Home & Kitchen,2100.88,2908.926,2908.93,2100.88,808.05
TXN-100356,2026-02-17 13:56:00,STR-106,CUST-5094,PRD-1041,5,23258.31,0.15,98847.82,Credit Card,Online,,2026-02-17,2026,2,Tuesday,Clothing,16832.29,19769.5635,98847.82,84161.45,14686.37
TXN-100357,2026-04-30 12:14:00,STR-113,CUST-5068,PRD-1002,3,14966.66,0.15,38164.98,Cash,In-Store,,2026-04-30,2026,4,Thursday,Electronics,8341.07,12721.661,38164.98,25023.21,13141.77
TXN-100358,2026-06-21 13:51:00,STR-108,CUST-5105,PRD-1009,1,20274.45,0.0,20274.45,Cash,In-Store,,2026-06-21,2026,6,Sunday,Home & Kitchen,14553.78,20274.45,20274.45,14553.78,5720.67
TXN-100359,2026-05-14 14:34:00,STR-110,CUST-5121,PRD-1035,1,15173.74,0.15,12897.68,Cash,In-Store,,2026-05-14,2026,5,Thursday,Electronics,10050.77,12897.679,12897.68,10050.77,2846.91
TXN-100360,2026-04-12 21:45:00,STR-100,CUST-5128,PRD-1030,3,3232.14,0.0,9696.42,Cash,Mobile App,,2026-04-12,2026,4,Sunday,Home & Kitchen,2100.88,3232.14,9696.42,6302.64,3393.78
TXN-100361,2026-01-31 20:28:00,STR-102,CUST-5042,PRD-1036,5,22028.56,0.05,104635.66,Credit Card,In-Store,,2026-01-31,2026,1,Saturday,Home & Kitchen,16329.4,20927.132,104635.66,81647.0,22988.66
TXN-100362,2026-01-21 18:27:00,STR-103,CUST-5160,PRD-1008,1,2868.65,0.15,2438.35,Credit Card,Mobile App,,2026-01-21,2026,1,Wednesday,Beauty & Care,2136.93,2438.3525,2438.35,2136.93,301.42
TXN-100363,2026-01-23 14:35:00,STR-106,CUST-5141,PRD-1016,3,15423.32,0.0,46269.96,Debit Card,Online,,2026-01-23,2026,1,Friday,Electronics,9089.92,15423.32,46269.96,27269.76,19000.2
TXN-100364,2026-06-29 17:37:00,STR-108,CUST-5107,PRD-1033,4,21120.74,0.0,84482.96,UPI,Online,,2026-06-29,2026,6,Monday,Home & Kitchen,14082.52,21120.74,84482.96,56330.08,28152.88
TXN-100365,2026-05-31 17:48:00,STR-101,CUST-5027,PRD-1009,2,20274.45,0.2,32439.12,Cash,In-Store,,2026-05-31,2026,5,Sunday,Home & Kitchen,14553.78,16219.560000000001,32439.12,29107.56,3331.56
TXN-100366,2026-04-16 12:24:00,STR-110,CUST-5124,PRD-1018,5,17272.73,0.1,77727.29,Cash,Mobile App,,2026-04-16,2026,4,Thursday,Clothing,12848.42,15545.457,77727.28,64242.1,13485.18
TXN-100367,2026-03-12 14:09:00,STR-109,CUST-5155,PRD-1030,1,3232.14,0.05,3070.53,Net Banking,In-Store,,2026-03-12,2026,3,Thursday,Home & Kitchen,2100.88,3070.533,3070.53,2100.88,969.65
TXN-100368,2026-01-13 19:30:00,STR-114,CUST-5068,PRD-1025,3,12590.63,0.05,35883.3,Debit Card,In-Store,,2026-01-13,2026,1,Tuesday,Sports & Outdoors,9113.47,11961.098499999998,35883.3,27340.41,8542.89
TXN-100369,2026-03-13 21:31:00,STR-113,CUST-5178,PRD-1021,3,5708.56,0.1,15413.11,UPI,In-Store,,2026-03-13,2026,3,Friday,Home & Kitchen,3795.18,5137.704000000001,15413.11,11385.54,4027.57
TXN-100370,2026-03-24 12:46:00,STR-106,CUST-5154,PRD-1008,3,2868.65,0.15,7315.06,UPI,In-Store,,2026-03-24,2026,3,Tuesday,Beauty & Care,2136.93,2438.3525,7315.06,6410.79,904.27
TXN-100371,2026-05-05 20:33:00,STR-113,CUST-5095,PRD-1028,2,6658.9,0.15,11320.13,UPI,Mobile App,,2026-05-05,2026,5,Tuesday,Sports & Outdoors,4509.69,5660.065,11320.13,9019.38,2300.75
TXN-100372,2026-05-10 14:08:00,STR-112,CUST-5134,PRD-1010,1,24341.31,0.1,21907.18,Cash,In-Store,,2026-05-10,2026,5,Sunday,Electronics,15506.95,21907.179,21907.18,15506.95,6400.23
TXN-100373,2026-01-15 11:02:00,STR-107,CUST-5012,PRD-1011,2,20820.24,0.05,39558.46,Debit Card,Mobile App,,2026-01-15,2026,1,Thursday,Home & Kitchen,14413.01,19779.228,39558.46,28826.02,10732.44
TXN-100374,2026-04-29 16:25:00,STR-110,CUST-5031,PRD-1012,3,5210.26,0.1,14067.7,UPI,In-Store,,2026-04-29,2026,4,Wednesday,Sports & Outdoors,2949.0,4689.234,14067.7,8847.0,5220.7
TXN-100375,2026-04-25 10:55:00,STR-107,CUST-5150,PRD-1023,4,6936.43,0.2,22196.58,Cash,Online,,2026-04-25,2026,4,Saturday,Sports & Outdoors,4747.67,5549.144,22196.58,18990.68,3205.9
TXN-100376,2026-06-26 09:18:00,STR-100,CUST-5098,PRD-1022,2,6988.83,0.1,12579.89,UPI,In-Store,,2026-06-26,2026,6,Friday,Clothing,4240.29,6289.947,12579.89,8480.58,4099.31
TXN-100377,2026-06-15 11:43:00,STR-103,CUST-5068,PRD-1036,2,22028.56,0.05,41854.26,Net Banking,Mobile App,,2026-06-15,2026,6,Monday,Home & Kitchen,16329.4,20927.132,41854.26,32658.8,9195.46
TXN-100378,2026-02-03 18:11:00,STR-109,CUST-5002,PRD-1001,1,18543.28,0.15,15761.79,Credit Card,Online,,2026-02-03,2026,2,Tuesday,Clothing,13084.9,15761.787999999999,15761.79,13084.9,2676.89
TXN-100379,2026-04-19 14:54:00,STR-105,CUST-5117,PRD-1038,3,18431.47,0.1,49764.97,Debit Card,In-Store,,2026-04-19,2026,4,Sunday,Electronics,13596.63,16588.323,49764.97,40789.89,8975.08
TXN-100380,2026-06-09 14:37:00,STR-101,CUST-5001,PRD-1029,3,17201.59,0.2,41283.82,Cash,Mobile App,,2026-06-09,2026,6,Tuesday,Electronics,11585.33,13761.272,41283.82,34755.99,6527.83
TXN-100381,2026-06-05 12:19:00,STR-110,CUST-5027,PRD-1023,5,6936.43,0.2,27745.72,Net Banking,In-Store,,2026-06-05,2026,6,Friday,Sports & Outdoors,4747.67,5549.144,27745.72,23738.35,4007.37
TXN-100382,2026-03-12 12:41:00,STR-111,CUST-5166,PRD-1021,3,5708.56,0.1,15413.11,Debit Card,In-Store,,2026-03-12,2026,3,Thursday,Home & Kitchen,3795.18,5137.704000000001,15413.11,11385.54,4027.57
TXN-100383,2026-01-15 20:54:00,STR-112,CUST-5153,PRD-1009,5,20274.45,0.05,96303.64,Net Banking,Mobile App,,2026-01-15,2026,1,Thursday,Home & Kitchen,14553.78,19260.7275,96303.64,72768.9,23534.74
TXN-100384,2026-06-17 15:18:00,STR-104,CUST-5107,PRD-1020,2,2120.69,0.0,4241.38,Net Banking,Online,,2026-06-17,2026,6,Wednesday,Home & Kitchen,1611.77,2120.69,4241.38,3223.54,1017.84
TXN-100385,2026-05-27 21:12:00,STR-105,CUST-5185,PRD-1047,1,13096.34,0.2,10477.07,Credit Card,Mobile App,,2026-05-27,2026,5,Wednesday,Electronics,8041.8,10477.072,10477.07,8041.8,2435.27
TXN-100386,2026-05-10 12:54:00,STR-102,CUST-5168,PRD-1034,4,9660.26,0.1,34776.94,Cash,In-Store,,2026-05-10,2026,5,Sunday,Clothing,5672.08,8694.234,34776.94,22688.32,12088.62
TXN-100387,2026-02-02 19:16:00,STR-111,CUST-5143,PRD-1018,1,17272.73,0.15,14681.82,Credit Card,Mobile App,,2026-02-02,2026,2,Monday,Clothing,12848.42,14681.8205,14681.82,12848.42,1833.4
TXN-100388,2026-04-01 11:47:00,STR-113,CUST-5078,PRD-1021,1,5708.56,0.05,5423.13,Net Banking,Online,,2026-04-01,2026,4,Wednesday,Home & Kitchen,3795.18,5423.1320000000005,5423.13,3795.18,1627.95
TXN-100389,2026-03-17 15:54:00,STR-101,CUST-5120,PRD-1023,3,6936.43,0.2,16647.43,UPI,Mobile App,,2026-03-17,2026,3,Tuesday,Sports & Outdoors,4747.67,5549.144,16647.43,14243.01,2404.42
TXN-100390,2026-01-19 15:56:00,STR-103,CUST-5128,PRD-1037,5,1918.22,0.2,7672.88,UPI,Mobile App,,2026-01-19,2026,1,Monday,Clothing,1442.39,1534.576,7672.88,7211.95,460.93
TXN-100391,2026-04-16 08:55:00,STR-113,CUST-5038,PRD-1024,5,9368.27,0.1,42157.22,Credit Card,In-Store,,2026-04-16,2026,4,Thursday,Beauty & Care,7301.49,8431.443000000001,42157.22,36507.45,5649.77
TXN-100392,2026-04-28 10:20:00,STR-113,CUST-5183,PRD-1021,4,5708.56,0.2,18267.39,Credit Card,In-Store,,2026-04-28,2026,4,Tuesday,Home & Kitchen,3795.18,4566.848000000001,18267.39,15180.72,3086.67
TXN-100393,2026-03-22 18:03:00,STR-100,CUST-5115,PRD-1031,3,23868.44,0.05,68025.05,Debit Card,In-Store,,2026-03-22,2026,3,Sunday,Electronics,17935.85,22675.017999999996,68025.05,53807.55,14217.5
TXN-100394,2026-02-10 15:50:00,STR-112,CUST-5199,PRD-1048,2,13710.77,0.2,21937.23,UPI,In-Store,,2026-02-10,2026,2,Tuesday,Clothing,9822.0,10968.616000000002,21937.23,19644.0,2293.23
TXN-100395,2026-04-14 14:30:00,STR-106,CUST-5001,PRD-1039,4,3644.72,0.15,12392.05,UPI,Mobile App,,2026-04-14,2026,4,Tuesday,Clothing,2403.02,3098.0119999999997,12392.05,9612.08,2779.97
TXN-100396,2026-03-24 20:53:00,STR-108,CUST-5048,PRD-1012,3,5210.26,0.0,15630.78,UPI,Mobile App,,2026-03-24,2026,3,Tuesday,Sports & Outdoors,2949.0,5210.26,15630.78,8847.0,6783.78
TXN-100397,2026-06-27 13:19:00,STR-102,CUST-5026,PRD-1000,2,1111.79,0.05,2112.4,Net Banking,Mobile App,,2026-06-27,2026,6,Saturday,Electronics,681.81,1056.2005,2112.4,1363.62,748.78
TXN-100398,2026-01-17 21:02:00,STR-104,CUST-5074,PRD-1037,3,1918.22,0.05,5466.93,Net Banking,Mobile App,,2026-01-17,2026,1,Saturday,Clothing,1442.39,1822.309,5466.93,4327.17,1139.76
TXN-100399,2026-03-28 14:56:00,STR-110,CUST-5034,PRD-1033,5,21120.74,0.2,84482.96,Debit Card,Online,,2026-03-28,2026,3,Saturday,Home & Kitchen,14082.52,16896.592,84482.96,70412.6,14070.36
TXN-100400,2026-04-14 08:14:00,STR-103,CUST-5186,PRD-1022,2,6988.83,0.05,13278.78,Credit Card,In-Store,,2026-04-14,2026,4,Tuesday,Clothing,4240.29,6639.3885,13278.78,8480.58,4798.2
TXN-100401,2026-05-10 10:07:00,STR-105,CUST-5182,PRD-1046,1,2150.38,0.2,1720.3,UPI,Online,,2026-05-10,2026,5,Sunday,Clothing,1198.25,1720.304,1720.3,1198.25,522.05
TXN-100402,2026-06-09 08:38:00,STR-100,CUST-5169,PRD-1040,3,6993.15,0.2,16783.56,UPI,Mobile App,,2026-06-09,2026,6,Tuesday,Clothing,5249.48,5594.52,16783.56,15748.44,1035.12
TXN-100403,2026-04-17 15:24:00,STR-101,CUST-5140,PRD-1001,1,18543.28,0.0,18543.28,Debit Card,Online,,2026-04-17,2026,4,Friday,Clothing,13084.9,18543.28,18543.28,13084.9,5458.38
TXN-100404,2026-06-27 18:40:00,STR-100,CUST-5077,PRD-1044,2,2067.7,0.05,3928.63,Net Banking,Mobile App,,2026-06-27,2026,6,Saturday,Clothing,1147.24,1964.3149999999998,3928.63,2294.48,1634.15
TXN-100405,2026-06-09 17:44:00,STR-102,CUST-5107,PRD-1006,5,17604.11,0.1,79218.5,UPI,Mobile App,,2026-06-09,2026,6,Tuesday,Clothing,11059.92,15843.699,79218.5,55299.6,23918.9
TXN-100406,2026-03-14 09:50:00,STR-101,CUST-5127,PRD-1046,5,2150.38,0.0,10751.9,Credit Card,Mobile App,,2026-03-14,2026,3,Saturday,Clothing,1198.25,2150.38,10751.9,5991.25,4760.65
TXN-100407,2026-02-21 13:45:00,STR-106,CUST-5075,PRD-1012,3,5210.26,0.2,12504.62,Credit Card,In-Store,,2026-02-21,2026,2,Saturday,Sports & Outdoors,2949.0,4168.2080000000005,12504.62,8847.0,3657.62
TXN-100408,2026-06-26 15:21:00,STR-103,CUST-5000,PRD-1035,4,15173.74,0.05,57660.21,UPI,Mobile App,,2026-06-26,2026,6,Friday,Electronics,10050.77,14415.053,57660.21,40203.08,17457.13
TXN-100409,2026-06-21 15:09:00,STR-101,CUST-5199,PRD-1005,1,11505.07,0.2,9204.06,Cash,In-Store,,2026-06-21,2026,6,Sunday,Clothing,7063.93,9204.056,9204.06,7063.93,2140.13
TXN-100410,2026-06-14 11:29:00,STR-104,CUST-5067,PRD-1046,1,2150.38,0.1,1935.34,Net Banking,In-Store,,2026-06-14,2026,6,Sunday,Clothing,1198.25,1935.342,1935.34,1198.25,737.09
TXN-100411,2026-03-16 13:51:00,STR-110,CUST-5080,PRD-1006,2,17604.11,0.0,35208.22,Net Banking,Mobile App,,2026-03-16,2026,3,Monday,Clothing,11059.92,17604.11,35208.22,22119.84,13088.38
TXN-100412,2026-01-03 21:08:00,STR-110,CUST-5165,PRD-1007,1,23951.68,0.0,23951.68,Credit Card,Online,,2026-01-03,2026,1,Saturday,Clothing,15027.69,23951.68,23951.68,15027.69,8923.99
TXN-100413,2026-03-10 19:05:00,STR-105,CUST-5087,PRD-1022,4,6988.83,0.2,22364.26,Credit Card,In-Store,,2026-03-10,2026,3,Tuesday,Clothing,4240.29,5591.064,22364.26,16961.16,5403.1
TXN-100414,2026-03-11 21:24:00,STR-111,CUST-5122,PRD-1025,4,12590.63,0.15,42808.14,Net Banking,Mobile App,,2026-03-11,2026,3,Wednesday,Sports & Outdoors,9113.47,10702.035499999998,42808.14,36453.88,6354.26
TXN-100415,2026-06-28 19:03:00,STR-113,CUST-5040,PRD-1010,1,24341.31,0.05,23124.24,UPI,Online,,2026-06-28,2026,6,Sunday,Electronics,15506.95,23124.2445,23124.24,15506.95,7617.29
TXN-100416,2026-06-23 15:11:00,STR-109,CUST-5097,PRD-1037,4,1918.22,0.2,6138.3,Debit Card,Mobile App,,2026-06-23,2026,6,Tuesday,Clothing,1442.39,1534.576,6138.3,5769.56,368.74
TXN-100417,2026-05-05 09:56:00,STR-106,CUST-5112,PRD-1001,2,18543.28,0.15,31523.58,UPI,In-Store,,2026-05-05,2026,5,Tuesday,Clothing,13084.9,15761.787999999999,31523.58,26169.8,5353.78
TXN-100418,2026-06-30 21:43:00,STR-108,CUST-5196,PRD-1016,3,15423.32,0.0,46269.96,Cash,Mobile App,,2026-06-30,2026,6,Tuesday,Electronics,9089.92,15423.32,46269.96,27269.76,19000.2
TXN-100419,2026-05-13 16:44:00,STR-111,CUST-5158,PRD-1036,2,22028.56,0.1,39651.41,UPI,Online,,2026-05-13,2026,5,Wednesday,Home & Kitchen,16329.4,19825.704,39651.41,32658.8,6992.61
TXN-100420,2026-03-30 18:43:00,STR-110,CUST-5098,PRD-1042,2,10274.71,0.15,17467.01,Credit Card,Mobile App,,2026-03-30,2026,3,Monday,Home & Kitchen,7238.41,8733.503499999999,17467.01,14476.82,2990.19
TXN-100421,2026-06-14 10:32:00,STR-113,CUST-5120,PRD-1039,1,3644.72,0.0,3644.72,Net Banking,In-Store,,2026-06-14,2026,6,Sunday,Clothing,2403.02,3644.72,3644.72,2403.02,1241.7
TXN-100422,2026-03-03 13:17:00,STR-100,CUST-5129,PRD-1004,4,18042.2,0.1,64951.92,Credit Card,Mobile App,,2026-03-03,2026,3,Tuesday,Clothing,12833.5,16237.980000000001,64951.92,51334.0,13617.92
TXN-100423,2026-03-02 09:29:00,STR-107,CUST-5146,PRD-1041,4,23258.31,0.15,79078.25,Net Banking,In-Store,,2026-03-02,2026,3,Monday,Clothing,16832.29,19769.5635,79078.25,67329.16,11749.09
TXN-100424,2026-01-31 15:47:00,STR-110,CUST-5004,PRD-1031,4,23868.44,0.1,85926.38,UPI,Online,,2026-01-31,2026,1,Saturday,Electronics,17935.85,21481.595999999998,85926.38,71743.4,14182.98
TXN-100425,2026-05-21 08:52:00,STR-101,CUST-5154,PRD-1026,1,15872.06,0.2,12697.65,Cash,Mobile App,,2026-05-21,2026,5,Thursday,Clothing,11621.18,12697.648000000001,12697.65,11621.18,1076.47
TXN-100426,2026-02-22 18:42:00,STR-107,CUST-5087,PRD-1019,5,20633.99,0.2,82535.96,Debit Card,In-Store,,2026-02-22,2026,2,Sunday,Clothing,15169.3,16507.192000000003,82535.96,75846.5,6689.46
TXN-100427,2026-05-24 20:39:00,STR-109,CUST-5121,PRD-1014,4,7309.63,0.1,26314.67,Debit Card,Mobile App,,2026-05-24,2026,5,Sunday,Beauty & Care,5089.02,6578.667,26314.67,20356.08,5958.59
TXN-100428,2026-06-18 11:00:00,STR-105,CUST-5090,PRD-1028,1,6658.9,0.0,6658.9,Debit Card,Mobile App,,2026-06-18,2026,6,Thursday,Sports & Outdoors,4509.69,6658.9,6658.9,4509.69,2149.21
TXN-100429,2026-01-12 10:31:00,STR-102,CUST-5183,PRD-1033,3,21120.74,0.0,63362.22,Net Banking,In-Store,,2026-01-12,2026,1,Monday,Home & Kitchen,14082.52,21120.74,63362.22,42247.56,21114.66
TXN-100430,2026-02-18 09:59:00,STR-113,CUST-5100,PRD-1016,5,15423.32,0.05,73260.77,Credit Card,Online,,2026-02-18,2026,2,Wednesday,Electronics,9089.92,14652.153999999999,73260.77,45449.6,27811.17
TXN-100431,2026-04-17 08:59:00,STR-110,CUST-5172,PRD-1012,3,5210.26,0.0,15630.78,Cash,In-Store,,2026-04-17,2026,4,Friday,Sports & Outdoors,2949.0,5210.26,15630.78,8847.0,6783.78
TXN-100432,2026-06-18 17:32:00,STR-102,CUST-5127,PRD-1049,4,12079.91,0.15,41071.69,UPI,Mobile App,,2026-06-18,2026,6,Thursday,Sports & Outdoors,8823.92,10267.923499999999,41071.69,35295.68,5776.01
TXN-100433,2026-04-21 21:37:00,STR-107,CUST-5130,PRD-1047,1,13096.34,0.2,10477.07,Credit Card,Mobile App,,2026-04-21,2026,4,Tuesday,Electronics,8041.8,10477.072,10477.07,8041.8,2435.27
TXN-100434,2026-01-27 14:42:00,STR-109,CUST-5155,PRD-1037,2,1918.22,0.05,3644.62,Debit Card,Mobile App,,2026-01-27,2026,1,Tuesday,Clothing,1442.39,1822.309,3644.62,2884.78,759.84
TXN-100435,2026-06-27 20:15:00,STR-104,CUST-5101,PRD-1024,4,9368.27,0.2,29978.46,Debit Card,Online,,2026-06-27,2026,6,Saturday,Beauty & Care,7301.49,7494.616000000001,29978.46,29205.96,772.5
TXN-100436,2026-04-16 17:44:00,STR-114,CUST-5191,PRD-1028,2,6658.9,0.05,12651.91,Cash,Online,,2026-04-16,2026,4,Thursday,Sports & Outdoors,4509.69,6325.954999999999,12651.91,9019.38,3632.53
TXN-100437,2026-05-22 18:13:00,STR-103,CUST-5053,PRD-1044,5,2067.7,0.1,9304.65,Cash,Mobile App,,2026-05-22,2026,5,Friday,Clothing,1147.24,1860.9299999999998,9304.65,5736.2,3568.45
TXN-100438,2026-06-16 10:32:00,STR-108,CUST-5177,PRD-1018,3,17272.73,0.05,49227.28,Debit Card,Mobile App,,2026-06-16,2026,6,Tuesday,Clothing,12848.42,16409.0935,49227.28,38545.26,10682.02
TXN-100439,2026-05-03 17:36:00,STR-110,CUST-5181,PRD-1007,3,23951.68,0.2,57484.03,Net Banking,Mobile App,,2026-05-03,2026,5,Sunday,Clothing,15027.69,19161.344,57484.03,45083.07,12400.96
TXN-100440,2026-04-19 20:00:00,STR-108,CUST-5027,PRD-1047,5,13096.34,0.1,58933.53,UPI,Online,,2026-04-19,2026,4,Sunday,Electronics,8041.8,11786.706,58933.53,40209.0,18724.53
TXN-100441,2026-02-21 12:48:00,STR-112,CUST-5041,PRD-1009,1,20274.45,0.0,20274.45,Debit Card,Mobile App,,2026-02-21,2026,2,Saturday,Home & Kitchen,14553.78,20274.45,20274.45,14553.78,5720.67
TXN-100442,2026-06-26 20:18:00,STR-103,CUST-5192,PRD-1016,2,15423.32,0.0,30846.64,Cash,In-Store,,2026-06-26,2026,6,Friday,Electronics,9089.92,15423.32,30846.64,18179.84,12666.8
TXN-100443,2026-06-07 21:43:00,STR-111,CUST-5143,PRD-1022,4,6988.83,0.0,27955.32,Credit Card,Mobile App,,2026-06-07,2026,6,Sunday,Clothing,4240.29,6988.83,27955.32,16961.16,10994.16
TXN-100444,2026-03-02 16:50:00,STR-112,CUST-5178,PRD-1041,5,23258.31,0.15,98847.82,Debit Card,Mobile App,,2026-03-02,2026,3,Monday,Clothing,16832.29,19769.5635,98847.82,84161.45,14686.37
TXN-100445,2026-04-10 14:50:00,STR-110,CUST-5080,PRD-1042,1,10274.71,0.15,8733.5,Cash,In-Store,,2026-04-10,2026,4,Friday,Home & Kitchen,7238.41,8733.503499999999,8733.5,7238.41,1495.09
TXN-100446,2026-06-08 21:49:00,STR-113,CUST-5113,PRD-1000,3,1111.79,0.05,3168.6,Credit Card,Mobile App,,2026-06-08,2026,6,Monday,Electronics,681.81,1056.2005,3168.6,2045.43,1123.17
TXN-100447,2026-05-20 19:38:00,STR-103,CUST-5198,PRD-1045,3,14916.37,0.2,35799.29,Credit Card,Online,,2026-05-20,2026,5,Wednesday,Clothing,8228.67,11933.096000000001,35799.29,24686.01,11113.28
TXN-100448,2026-02-17 10:47:00,STR-108,CUST-5030,PRD-1028,2,6658.9,0.0,13317.8,Net Banking,In-Store,,2026-02-17,2026,2,Tuesday,Sports & Outdoors,4509.69,6658.9,13317.8,9019.38,4298.42
TXN-100449,2026-03-09 10:10:00,STR-109,CUST-5065,PRD-1027,3,2055.49,0.2,4933.18,UPI,Online,,2026-03-09,2026,3,Monday,Sports & Outdoors,1310.93,1644.3919999999998,4933.18,3932.79,1000.39
TXN-100450,2026-02-09 13:38:00,STR-100,CUST-5198,PRD-1029,2,17201.59,0.0,34403.18,Cash,Mobile App,,2026-02-09,2026,2,Monday,Electronics,11585.33,17201.59,34403.18,23170.66,11232.52
TXN-100451,2026-05-21 13:04:00,STR-112,CUST-5181,PRD-1019,4,20633.99,0.2,66028.77,Debit Card,Mobile App,,2026-05-21,2026,5,Thursday,Clothing,15169.3,16507.192000000003,66028.77,60677.2,5351.57
TXN-100452,2026-01-18 20:32:00,STR-102,CUST-5106,PRD-1014,2,7309.63,0.2,11695.41,Cash,Mobile App,,2026-01-18,2026,1,Sunday,Beauty & Care,5089.02,5847.704000000001,11695.41,10178.04,1517.37
TXN-100453,2026-02-26 11:42:00,STR-105,CUST-5084,PRD-1025,1,12590.63,0.1,11331.57,Debit Card,Online,,2026-02-26,2026,2,Thursday,Sports & Outdoors,9113.47,11331.567,11331.57,9113.47,2218.1
TXN-100454,2026-05-02 16:52:00,STR-112,CUST-5166,PRD-1013,5,24637.91,0.2,98551.64,UPI,In-Store,,2026-05-02,2026,5,Saturday,Home & Kitchen,18397.7,19710.328,98551.64,91988.5,6563.14
TXN-100455,2026-03-03 18:39:00,STR-114,CUST-5159,PRD-1042,3,10274.71,0.15,26200.51,Credit Card,In-Store,,2026-03-03,2026,3,Tuesday,Home & Kitchen,7238.41,8733.503499999999,26200.51,21715.23,4485.28
TXN-100456,2026-01-30 14:16:00,STR-108,CUST-5185,PRD-1043,3,22540.44,0.15,57478.12,Debit Card,In-Store,,2026-01-30,2026,1,Friday,Beauty & Care,14737.88,19159.374,57478.12,44213.64,13264.48
TXN-100457,2026-05-11 15:31:00,STR-100,CUST-5075,PRD-1033,3,21120.74,0.2,50689.78,Credit Card,Online,,2026-05-11,2026,5,Monday,Home & Kitchen,14082.52,16896.592,50689.78,42247.56,8442.22
TXN-100458,2026-02-12 20:34:00,STR-108,CUST-5001,PRD-1032,1,19167.84,0.0,19167.84,UPI,In-Store,,2026-02-12,2026,2,Thursday,Sports & Outdoors,12780.48,19167.84,19167.84,12780.48,6387.36
TXN-100459,2026-01-27 11:34:00,STR-113,CUST-5179,PRD-1042,2,10274.71,0.15,17467.01,Net Banking,Mobile App,,2026-01-27,2026,1,Tuesday,Home & Kitchen,7238.41,8733.503499999999,17467.01,14476.82,2990.19
TXN-100460,2026-04-28 19:21:00,STR-100,CUST-5022,PRD-1004,2,18042.2,0.0,36084.4,UPI,In-Store,,2026-04-28,2026,4,Tuesday,Clothing,12833.5,18042.2,36084.4,25667.0,10417.4
TXN-100461,2026-01-19 17:52:00,STR-103,CUST-5066,PRD-1011,3,20820.24,0.2,49968.58,Net Banking,Online,,2026-01-19,2026,1,Monday,Home & Kitchen,14413.01,16656.192000000003,49968.58,43239.03,6729.55
TXN-100462,2026-03-22 08:24:00,STR-110,CUST-5030,PRD-1028,4,6658.9,0.15,22640.26,Cash,In-Store,,2026-03-22,2026,3,Sunday,Sports & Outdoors,4509.69,5660.065,22640.26,18038.76,4601.5
TXN-100463,2026-05-30 08:44:00,STR-113,CUST-5018,PRD-1041,5,23258.31,0.0,116291.55,Debit Card,Mobile App,,2026-05-30,2026,5,Saturday,Clothing,16832.29,23258.31,116291.55,84161.45,32130.1
TXN-100464,2026-06-05 09:18:00,STR-112,CUST-5112,PRD-1006,3,17604.11,0.1,47531.1,Net Banking,Online,,2026-06-05,2026,6,Friday,Clothing,11059.92,15843.699,47531.1,33179.76,14351.34
TXN-100465,2026-02-10 16:14:00,STR-102,CUST-5191,PRD-1042,1,10274.71,0.15,8733.5,Net Banking,Mobile App,,2026-02-10,2026,2,Tuesday,Home & Kitchen,7238.41,8733.503499999999,8733.5,7238.41,1495.09
TXN-100466,2026-06-23 20:55:00,STR-111,CUST-5165,PRD-1018,2,17272.73,0.1,31090.91,Debit Card,In-Store,,2026-06-23,2026,6,Tuesday,Clothing,12848.42,15545.457,31090.91,25696.84,5394.07
TXN-100467,2026-02-01 08:00:00,STR-109,CUST-5152,PRD-1035,5,15173.74,0.05,72075.26,Net Banking,Mobile App,,2026-02-01,2026,2,Sunday,Electronics,10050.77,14415.053,72075.26,50253.85,21821.41
TXN-100468,2026-02-23 19:47:00,STR-114,CUST-5185,PRD-1035,1,15173.74,0.1,13656.37,Debit Card,In-Store,,2026-02-23,2026,2,Monday,Electronics,10050.77,13656.366,13656.37,10050.77,3605.6
TXN-100469,2026-02-11 10:14:00,STR-109,CUST-5064,PRD-1026,5,15872.06,0.05,75392.29,Credit Card,In-Store,,2026-02-11,2026,2,Wednesday,Clothing,11621.18,15078.456999999999,75392.28,58105.9,17286.38
TXN-100470,2026-05-21 15:41:00,STR-108,CUST-5018,PRD-1011,5,20820.24,0.0,104101.2,Debit Card,Mobile App,,2026-05-21,2026,5,Thursday,Home & Kitchen,14413.01,20820.24,104101.2,72065.05,32036.15
TXN-100471,2026-02-20 19:37:00,STR-107,CUST-5084,PRD-1004,3,18042.2,0.0,54126.6,Debit Card,In-Store,,2026-02-20,2026,2,Friday,Clothing,12833.5,18042.2,54126.6,38500.5,15626.1
TXN-100472,2026-03-14 17:04:00,STR-114,CUST-5049,PRD-1042,2,10274.71,0.0,20549.42,Debit Card,Online,,2026-03-14,2026,3,Saturday,Home & Kitchen,7238.41,10274.71,20549.42,14476.82,6072.6
TXN-100473,2026-06-18 12:44:00,STR-109,CUST-5039,PRD-1028,3,6658.9,0.2,15981.36,Cash,Mobile App,,2026-06-18,2026,6,Thursday,Sports & Outdoors,4509.69,5327.12,15981.36,13529.07,2452.29
TXN-100474,2026-02-13 08:20:00,STR-103,CUST-5056,PRD-1023,3,6936.43,0.15,17687.9,Net Banking,Online,,2026-02-13,2026,2,Friday,Sports & Outdoors,4747.67,5895.9655,17687.9,14243.01,3444.89
TXN-100475,2026-05-03 15:28:00,STR-105,CUST-5198,PRD-1023,2,6936.43,0.1,12485.57,Debit Card,Online,,2026-05-03,2026,5,Sunday,Sports & Outdoors,4747.67,6242.787,12485.57,9495.34,2990.23
TXN-100476,2026-06-15 17:05:00,STR-113,CUST-5071,PRD-1035,1,15173.74,0.05,14415.05,Credit Card,Mobile App,,2026-06-15,2026,6,Monday,Electronics,10050.77,14415.053,14415.05,10050.77,4364.28
TXN-100477,2026-01-20 08:54:00,STR-108,CUST-5161,PRD-1012,3,5210.26,0.0,15630.78,UPI,Mobile App,,2026-01-20,2026,1,Tuesday,Sports & Outdoors,2949.0,5210.26,15630.78,8847.0,6783.78
TXN-100478,2026-02-24 08:35:00,STR-104,CUST-5139,PRD-1037,4,1918.22,0.2,6138.3,Cash,Online,,2026-02-24,2026,2,Tuesday,Clothing,1442.39,1534.576,6138.3,5769.56,368.74
TXN-100479,2026-04-11 11:57:00,STR-112,CUST-5150,PRD-1041,2,23258.31,0.1,41864.96,Debit Card,In-Store,,2026-04-11,2026,4,Saturday,Clothing,16832.29,20932.479000000003,41864.96,33664.58,8200.38
TXN-100480,2026-01-24 14:23:00,STR-108,CUST-5002,PRD-1029,5,17201.59,0.2,68806.36,Credit Card,Mobile App,,2026-01-24,2026,1,Saturday,Electronics,11585.33,13761.272,68806.36,57926.65,10879.71
TXN-100481,2026-02-05 15:10:00,STR-102,CUST-5144,PRD-1043,2,22540.44,0.2,36064.7,Cash,Mobile App,,2026-02-05,2026,2,Thursday,Beauty & Care,14737.88,18032.352,36064.7,29475.76,6588.94
TXN-100482,2026-01-11 11:48:00,STR-107,CUST-5059,PRD-1009,4,20274.45,0.1,72988.02,UPI,Online,,2026-01-11,2026,1,Sunday,Home & Kitchen,14553.78,18247.005,72988.02,58215.12,14772.9
TXN-100483,2026-06-21 11:33:00,STR-114,CUST-5092,PRD-1023,2,6936.43,0.0,13872.86,Net Banking,Online,,2026-06-21,2026,6,Sunday,Sports & Outdoors,4747.67,6936.43,13872.86,9495.34,4377.52
TXN-100484,2026-06-16 13:06:00,STR-111,CUST-5133,PRD-1029,1,17201.59,0.0,17201.59,Debit Card,Mobile App,,2026-06-16,2026,6,Tuesday,Electronics,11585.33,17201.59,17201.59,11585.33,5616.26
TXN-100485,2026-05-26 10:24:00,STR-110,CUST-5096,PRD-1016,5,15423.32,0.2,61693.28,Debit Card,Mobile App,,2026-05-26,2026,5,Tuesday,Electronics,9089.92,12338.656,61693.28,45449.6,16243.68
TXN-100486,2026-03-06 14:58:00,STR-103,CUST-5132,PRD-1041,1,23258.31,0.2,18606.65,Net Banking,Online,,2026-03-06,2026,3,Friday,Clothing,16832.29,18606.648,18606.65,16832.29,1774.36
TXN-100487,2026-06-04 08:32:00,STR-114,CUST-5035,PRD-1022,4,6988.83,0.15,23762.02,Net Banking,In-Store,,2026-06-04,2026,6,Thursday,Clothing,4240.29,5940.5055,23762.02,16961.16,6800.86
TXN-100488,2026-06-14 12:13:00,STR-102,CUST-5047,PRD-1014,1,7309.63,0.2,5847.7,Credit Card,Online,,2026-06-14,2026,6,Sunday,Beauty & Care,5089.02,5847.704000000001,5847.7,5089.02,758.68
TXN-100489,2026-04-17 20:21:00,STR-111,CUST-5029,PRD-1038,1,18431.47,0.05,17509.9,Net Banking,Mobile App,,2026-04-17,2026,4,Friday,Electronics,13596.63,17509.8965,17509.9,13596.63,3913.27
TXN-100490,2026-06-01 10:41:00,STR-113,CUST-5105,PRD-1030,4,3232.14,0.05,12282.13,UPI,In-Store,,2026-06-01,2026,6,Monday,Home & Kitchen,2100.88,3070.533,12282.13,8403.52,3878.61
TXN-100491,2026-06-01 10:08:00,STR-110,CUST-5131,PRD-1002,2,14966.66,0.2,23946.66,UPI,Mobile App,,2026-06-01,2026,6,Monday,Electronics,8341.07,11973.328000000001,23946.66,16682.14,7264.52
TXN-100492,2026-03-08 10:33:00,STR-106,CUST-5153,PRD-1009,1,20274.45,0.05,19260.73,Cash,Mobile App,,2026-03-08,2026,3,Sunday,Home & Kitchen,14553.78,19260.7275,19260.73,14553.78,4706.95
TXN-100493,2026-02-25 15:38:00,STR-107,CUST-5123,PRD-1001,3,18543.28,0.0,55629.84,Credit Card,In-Store,,2026-02-25,2026,2,Wednesday,Clothing,13084.9,18543.28,55629.84,39254.7,16375.14
TXN-100494,2026-05-30 21:49:00,STR-102,CUST-5159,PRD-1026,5,15872.06,0.05,75392.29,Cash,Online,,2026-05-30,2026,5,Saturday,Clothing,11621.18,15078.456999999999,75392.28,58105.9,17286.38
TXN-100495,2026-06-02 17:04:00,STR-103,CUST-5096,PRD-1010,3,24341.31,0.15,62070.34,Net Banking,In-Store,,2026-06-02,2026,6,Tuesday,Electronics,15506.95,20690.1135,62070.34,46520.85,15549.49
TXN-100496,2026-05-14 21:58:00,STR-108,CUST-5175,PRD-1006,1,17604.11,0.05,16723.9,Net Banking,In-Store,,2026-05-14,2026,5,Thursday,Clothing,11059.92,16723.9045,16723.9,11059.92,5663.98
TXN-100497,2026-05-02 17:38:00,STR-100,CUST-5136,PRD-1038,1,18431.47,0.05,17509.9,Cash,In-Store,,2026-05-02,2026,5,Saturday,Electronics,13596.63,17509.8965,17509.9,13596.63,3913.27
TXN-100498,2026-06-04 16:52:00,STR-100,CUST-5198,PRD-1005,4,11505.07,0.05,43719.27,Net Banking,Mobile App,,2026-06-04,2026,6,Thursday,Clothing,7063.93,10929.816499999999,43719.27,28255.72,15463.55
TXN-100499,2026-06-28 16:27:00,STR-103,CUST-5123,PRD-1026,3,15872.06,0.0,47616.18,Net Banking,Online,,2026-06-28,2026,6,Sunday,Clothing,11621.18,15872.06,47616.18,34863.54,12752.64
TXN-100500,2026-04-19 10:16:00,STR-107,CUST-5196,PRD-1037,5,1918.22,0.0,9591.1,Credit Card,In-Store,,2026-04-19,2026,4,Sunday,Clothing,1442.39,1918.22,9591.1,7211.95,2379.15
TXN-100501,2026-04-15 12:12:00,STR-100,CUST-5181,PRD-1018,5,17272.73,0.2,69090.92,UPI,Mobile App,,2026-04-15,2026,4,Wednesday,Clothing,12848.42,13818.184000000001,69090.92,64242.1,4848.82
TXN-100502,2026-01-02 14:41:00,STR-103,CUST-5176,PRD-1033,1,21120.74,0.2,16896.59,Debit Card,Online,,2026-01-02,2026,1,Friday,Home & Kitchen,14082.52,16896.592,16896.59,14082.52,2814.07
TXN-100503,2026-04-20 18:37:00,STR-104,CUST-5066,PRD-1023,1,6936.43,0.05,6589.61,Cash,Online,,2026-04-20,2026,4,Monday,Sports & Outdoors,4747.67,6589.6085,6589.61,4747.67,1841.94
TXN-100504,2026-03-12 18:25:00,STR-112,CUST-5052,PRD-1036,3,22028.56,0.2,52868.54,Net Banking,Mobile App,,2026-03-12,2026,3,Thursday,Home & Kitchen,16329.4,17622.848,52868.54,48988.2,3880.34
TXN-100505,2026-04-05 16:35:00,STR-107,CUST-5064,PRD-1035,4,15173.74,0.05,57660.21,Debit Card,Mobile App,,2026-04-05,2026,4,Sunday,Electronics,10050.77,14415.053,57660.21,40203.08,17457.13
TXN-100506,2026-06-18 09:47:00,STR-103,CUST-5114,PRD-1022,4,6988.83,0.05,26557.55,Credit Card,In-Store,,2026-06-18,2026,6,Thursday,Clothing,4240.29,6639.3885,26557.55,16961.16,9596.39
TXN-100507,2026-03-28 20:35:00,STR-109,CUST-5178,PRD-1013,5,24637.91,0.15,104711.12,UPI,In-Store,,2026-03-28,2026,3,Saturday,Home & Kitchen,18397.7,20942.2235,104711.12,91988.5,12722.62
TXN-100508,2026-02-07 15:59:00,STR-109,CUST-5111,PRD-1024,1,9368.27,0.0,9368.27,UPI,In-Store,,2026-02-07,2026,2,Saturday,Beauty & Care,7301.49,9368.27,9368.27,7301.49,2066.78
TXN-100509,2026-01-21 17:02:00,STR-111,CUST-5098,PRD-1016,2,15423.32,0.1,27761.98,Net Banking,Mobile App,,2026-01-21,2026,1,Wednesday,Electronics,9089.92,13880.988,27761.98,18179.84,9582.14
TXN-100510,2026-06-02 08:49:00,STR-113,CUST-5044,PRD-1041,5,23258.31,0.1,104662.4,Net Banking,Online,,2026-06-02,2026,6,Tuesday,Clothing,16832.29,20932.479000000003,104662.4,84161.45,20500.95
TXN-100511,2026-03-15 11:02:00,STR-112,CUST-5153,PRD-1000,2,1111.79,0.2,1778.86,Cash,Mobile App,,2026-03-15,2026,3,Sunday,Electronics,681.81,889.432,1778.86,1363.62,415.24
TXN-100512,2026-02-13 18:02:00,STR-105,CUST-5061,PRD-1044,2,2067.7,0.2,3308.32,UPI,In-Store,,2026-02-13,2026,2,Friday,Clothing,1147.24,1654.1599999999999,3308.32,2294.48,1013.84
TXN-100513,2026-04-01 18:25:00,STR-106,CUST-5150,PRD-1005,3,11505.07,0.15,29337.93,Credit Card,Mobile App,,2026-04-01,2026,4,Wednesday,Clothing,7063.93,9779.3095,29337.93,21191.79,8146.14
TXN-100514,2026-05-21 12:46:00,STR-113,CUST-5143,PRD-1000,1,1111.79,0.0,1111.79,Cash,Online,,2026-05-21,2026,5,Thursday,Electronics,681.81,1111.79,1111.79,681.81,429.98
TXN-100515,2026-06-05 11:29:00,STR-114,CUST-5103,PRD-1022,3,6988.83,0.05,19918.17,Cash,In-Store,,2026-06-05,2026,6,Friday,Clothing,4240.29,6639.3885,19918.17,12720.87,7197.3
TXN-100516,2026-05-10 09:35:00,STR-101,CUST-5128,PRD-1016,2,15423.32,0.15,26219.64,Debit Card,Online,,2026-05-10,2026,5,Sunday,Electronics,9089.92,13109.822,26219.64,18179.84,8039.8
TXN-100517,2026-05-18 21:50:00,STR-109,CUST-5064,PRD-1007,5,23951.68,0.1,107782.56,Net Banking,Online,,2026-05-18,2026,5,Monday,Clothing,15027.69,21556.512000000002,107782.56,75138.45,32644.11
TXN-100518,2026-03-28 20:29:00,STR-110,CUST-5117,PRD-1036,4,22028.56,0.05,83708.53,Cash,In-Store,,2026-03-28,2026,3,Saturday,Home & Kitchen,16329.4,20927.132,83708.53,65317.6,18390.93
TXN-100519,2026-01-18 14:40:00,STR-112,CUST-5056,PRD-1030,1,3232.14,0.1,2908.93,Credit Card,Online,,2026-01-18,2026,1,Sunday,Home & Kitchen,2100.88,2908.926,2908.93,2100.88,808.05
TXN-100520,2026-05-18 08:44:00,STR-113,CUST-5067,PRD-1026,3,15872.06,0.2,38092.94,Credit Card,Online,,2026-05-18,2026,5,Monday,Clothing,11621.18,12697.648000000001,38092.94,34863.54,3229.4
TXN-100521,2026-01-20 16:59:00,STR-102,CUST-5121,PRD-1005,4,11505.07,0.1,41418.25,Debit Card,Online,,2026-01-20,2026,1,Tuesday,Clothing,7063.93,10354.563,41418.25,28255.72,13162.53
TXN-100522,2026-02-16 19:43:00,STR-114,CUST-5048,PRD-1013,5,24637.91,0.1,110870.6,Net Banking,Mobile App,,2026-02-16,2026,2,Monday,Home & Kitchen,18397.7,22174.119,110870.6,91988.5,18882.1
TXN-100523,2026-03-09 11:14:00,STR-103,CUST-5063,PRD-1012,2,5210.26,0.05,9899.49,Cash,Online,,2026-03-09,2026,3,Monday,Sports & Outdoors,2949.0,4949.747,9899.49,5898.0,4001.49
TXN-100524,2026-01-21 18:42:00,STR-107,CUST-5157,PRD-1009,1,20274.45,0.0,20274.45,UPI,Mobile App,,2026-01-21,2026,1,Wednesday,Home & Kitchen,14553.78,20274.45,20274.45,14553.78,5720.67
TXN-100525,2026-06-08 13:31:00,STR-114,CUST-5147,PRD-1002,4,14966.66,0.1,53879.98,Debit Card,Online,,2026-06-08,2026,6,Monday,Electronics,8341.07,13469.994,53879.98,33364.28,20515.7
TXN-100526,2026-04-12 11:48:00,STR-109,CUST-5032,PRD-1011,5,20820.24,0.1,93691.08,UPI,Mobile App,,2026-04-12,2026,4,Sunday,Home & Kitchen,14413.01,18738.216,93691.08,72065.05,21626.03
TXN-100527,2026-01-09 16:22:00,STR-106,CUST-5175,PRD-1027,4,2055.49,0.2,6577.57,Credit Card,Online,,2026-01-09,2026,1,Friday,Sports & Outdoors,1310.93,1644.3919999999998,6577.57,5243.72,1333.85
TXN-100528,2026-03-22 19:00:00,STR-100,CUST-5172,PRD-1007,5,23951.68,0.15,101794.64,Credit Card,Online,,2026-03-22,2026,3,Sunday,Clothing,15027.69,20358.928,101794.64,75138.45,26656.19
TXN-100529,2026-04-03 17:55:00,STR-104,CUST-5047,PRD-1037,1,1918.22,0.1,1726.4,Cash,Online,,2026-04-03,2026,4,Friday,Clothing,1442.39,1726.3980000000001,1726.4,1442.39,284.01
TXN-100530,2026-06-06 13:23:00,STR-102,CUST-5127,PRD-1015,3,9568.8,0.15,24400.44,Net Banking,In-Store,,2026-06-06,2026,6,Saturday,Clothing,5723.93,8133.48,24400.44,17171.79,7228.65
TXN-100531,2026-04-13 12:28:00,STR-102,CUST-5146,PRD-1026,3,15872.06,0.1,42854.56,Credit Card,Mobile App,,2026-04-13,2026,4,Monday,Clothing,11621.18,14284.854,42854.56,34863.54,7991.02
TXN-100532,2026-03-11 20:15:00,STR-108,CUST-5110,PRD-1043,2,22540.44,0.0,45080.88,Net Banking,In-Store,,2026-03-11,2026,3,Wednesday,Beauty & Care,14737.88,22540.44,45080.88,29475.76,15605.12
TXN-100533,2026-01-03 10:26:00,STR-107,CUST-5034,PRD-1009,2,20274.45,0.15,34466.57,Cash,Mobile App,,2026-01-03,2026,1,Saturday,Home & Kitchen,14553.78,17233.2825,34466.56,29107.56,5359.0
TXN-100534,2026-03-18 12:35:00,STR-113,CUST-5145,PRD-1046,3,2150.38,0.15,5483.47,UPI,Online,,2026-03-18,2026,3,Wednesday,Clothing,1198.25,1827.823,5483.47,3594.75,1888.72
TXN-100535,2026-02-25 21:16:00,STR-107,CUST-5161,PRD-1006,2,17604.11,0.0,35208.22,UPI,Online,,2026-02-25,2026,2,Wednesday,Clothing,11059.92,17604.11,35208.22,22119.84,13088.38
TXN-100536,2026-04-03 13:35:00,STR-108,CUST-5065,PRD-1047,3,13096.34,0.1,35360.12,Debit Card,In-Store,,2026-04-03,2026,4,Friday,Electronics,8041.8,11786.706,35360.12,24125.4,11234.72
TXN-100537,2026-06-23 17:12:00,STR-109,CUST-5147,PRD-1026,1,15872.06,0.1,14284.85,Cash,In-Store,,2026-06-23,2026,6,Tuesday,Clothing,11621.18,14284.854,14284.85,11621.18,2663.67
TXN-100538,2026-03-25 18:32:00,STR-107,CUST-5198,PRD-1049,3,12079.91,0.1,32615.76,Net Banking,In-Store,,2026-03-25,2026,3,Wednesday,Sports & Outdoors,8823.92,10871.919,32615.76,26471.76,6144.0
TXN-100539,2026-04-29 18:09:00,STR-113,CUST-5042,PRD-1024,5,9368.27,0.1,42157.22,Debit Card,Online,,2026-04-29,2026,4,Wednesday,Beauty & Care,7301.49,8431.443000000001,42157.22,36507.45,5649.77
TXN-100540,2026-04-14 21:58:00,STR-101,CUST-5020,PRD-1040,5,6993.15,0.2,27972.6,Credit Card,Online,,2026-04-14,2026,4,Tuesday,Clothing,5249.48,5594.52,27972.6,26247.4,1725.2
TXN-100541,2026-06-17 12:45:00,STR-104,CUST-5154,PRD-1014,3,7309.63,0.1,19736.0,Net Banking,Online,,2026-06-17,2026,6,Wednesday,Beauty & Care,5089.02,6578.667,19736.0,15267.06,4468.94
TXN-100542,2026-05-14 15:26:00,STR-102,CUST-5047,PRD-1028,3,6658.9,0.2,15981.36,UPI,In-Store,,2026-05-14,2026,5,Thursday,Sports & Outdoors,4509.69,5327.12,15981.36,13529.07,2452.29
TXN-100543,2026-06-29 19:05:00,STR-103,CUST-5042,PRD-1046,2,2150.38,0.1,3870.68,Net Banking,In-Store,,2026-06-29,2026,6,Monday,Clothing,1198.25,1935.342,3870.68,2396.5,1474.18
TXN-100544,2026-05-21 08:01:00,STR-112,CUST-5101,PRD-1006,1,17604.11,0.15,14963.49,Cash,In-Store,,2026-05-21,2026,5,Thursday,Clothing,11059.92,14963.4935,14963.49,11059.92,3903.57
TXN-100545,2026-02-09 09:41:00,STR-114,CUST-5099,PRD-1006,3,17604.11,0.2,42249.86,Debit Card,In-Store,,2026-02-09,2026,2,Monday,Clothing,11059.92,14083.288,42249.86,33179.76,9070.1
TXN-100546,2026-06-10 10:08:00,STR-108,CUST-5043,PRD-1015,3,9568.8,0.15,24400.44,UPI,In-Store,,2026-06-10,2026,6,Wednesday,Clothing,5723.93,8133.48,24400.44,17171.79,7228.65
TXN-100547,2026-05-02 15:55:00,STR-108,CUST-5069,PRD-1042,3,10274.71,0.1,27741.72,Cash,Online,,2026-05-02,2026,5,Saturday,Home & Kitchen,7238.41,9247.239,27741.72,21715.23,6026.49
TXN-100548,2026-06-01 17:29:00,STR-110,CUST-5191,PRD-1008,5,2868.65,0.05,13626.09,Cash,Online,,2026-06-01,2026,6,Monday,Beauty & Care,2136.93,2725.2174999999997,13626.09,10684.65,2941.44
TXN-100549,2026-03-30 15:34:00,STR-103,CUST-5022,PRD-1033,5,21120.74,0.1,95043.33,Net Banking,Online,,2026-03-30,2026,3,Monday,Home & Kitchen,14082.52,19008.666,95043.33,70412.6,24630.73
TXN-100550,2026-02-09 12:00:00,STR-100,CUST-5133,PRD-1023,4,6936.43,0.1,24971.15,Credit Card,Online,,2026-02-09,2026,2,Monday,Sports & Outdoors,4747.67,6242.787,24971.15,18990.68,5980.47
TXN-100551,2026-01-03 19:59:00,STR-107,CUST-5193,PRD-1018,4,17272.73,0.2,55272.74,Net Banking,Online,,2026-01-03,2026,1,Saturday,Clothing,12848.42,13818.184000000001,55272.74,51393.68,3879.06
TXN-100552,2026-06-02 11:50:00,STR-100,CUST-5140,PRD-1000,4,1111.79,0.1,4002.44,Debit Card,In-Store,,2026-06-02,2026,6,Tuesday,Electronics,681.81,1000.611,4002.44,2727.24,1275.2
TXN-100553,2026-04-12 11:10:00,STR-111,CUST-5188,PRD-1026,5,15872.06,0.15,67456.26,Net Banking,Online,,2026-04-12,2026,4,Sunday,Clothing,11621.18,13491.250999999998,67456.25,58105.9,9350.35
TXN-100554,2026-04-19 18:15:00,STR-108,CUST-5195,PRD-1014,3,7309.63,0.0,21928.89,Cash,Mobile App,,2026-04-19,2026,4,Sunday,Beauty & Care,5089.02,7309.63,21928.89,15267.06,6661.83
TXN-100555,2026-06-16 19:34:00,STR-112,CUST-5068,PRD-1043,3,22540.44,0.1,60859.19,Net Banking,In-Store,,2026-06-16,2026,6,Tuesday,Beauty & Care,14737.88,20286.396,60859.19,44213.64,16645.55
TXN-100556,2026-03-16 09:40:00,STR-107,CUST-5158,PRD-1004,2,18042.2,0.05,34280.18,Net Banking,Online,,2026-03-16,2026,3,Monday,Clothing,12833.5,17140.09,34280.18,25667.0,8613.18
TXN-100557,2026-02-18 13:01:00,STR-102,CUST-5012,PRD-1044,5,2067.7,0.15,8787.73,Cash,In-Store,,2026-02-18,2026,2,Wednesday,Clothing,1147.24,1757.5449999999998,8787.72,5736.2,3051.52
TXN-100558,2026-03-10 10:45:00,STR-107,CUST-5186,PRD-1011,1,20820.24,0.1,18738.22,UPI,In-Store,,2026-03-10,2026,3,Tuesday,Home & Kitchen,14413.01,18738.216,18738.22,14413.01,4325.21
TXN-100559,2026-05-07 11:21:00,STR-106,CUST-5079,PRD-1005,2,11505.07,0.0,23010.14,Net Banking,Online,,2026-05-07,2026,5,Thursday,Clothing,7063.93,11505.07,23010.14,14127.86,8882.28
TXN-100560,2026-01-21 21:48:00,STR-102,CUST-5014,PRD-1029,1,17201.59,0.1,15481.43,Debit Card,Online,,2026-01-21,2026,1,Wednesday,Electronics,11585.33,15481.431,15481.43,11585.33,3896.1
TXN-100561,2026-02-16 11:57:00,STR-113,CUST-5064,PRD-1004,5,18042.2,0.15,76679.35,Net Banking,In-Store,,2026-02-16,2026,2,Monday,Clothing,12833.5,15335.87,76679.35,64167.5,12511.85
TXN-100562,2026-04-24 11:47:00,STR-100,CUST-5050,PRD-1007,2,23951.68,0.15,40717.86,Net Banking,Mobile App,,2026-04-24,2026,4,Friday,Clothing,15027.69,20358.928,40717.86,30055.38,10662.48
TXN-100563,2026-06-20 11:30:00,STR-106,CUST-5174,PRD-1049,1,12079.91,0.2,9663.93,Debit Card,Online,,2026-06-20,2026,6,Saturday,Sports & Outdoors,8823.92,9663.928,9663.93,8823.92,840.01
TXN-100564,2026-05-14 09:16:00,STR-107,CUST-5163,PRD-1010,1,24341.31,0.2,19473.05,Debit Card,In-Store,,2026-05-14,2026,5,Thursday,Electronics,15506.95,19473.048000000003,19473.05,15506.95,3966.1
TXN-100565,2026-01-29 11:40:00,STR-106,CUST-5083,PRD-1023,1,6936.43,0.05,6589.61,UPI,In-Store,,2026-01-29,2026,1,Thursday,Sports & Outdoors,4747.67,6589.6085,6589.61,4747.67,1841.94
TXN-100566,2026-04-12 20:15:00,STR-100,CUST-5010,PRD-1017,5,11824.84,0.0,59124.2,Cash,Mobile App,,2026-04-12,2026,4,Sunday,Clothing,7237.84,11824.84,59124.2,36189.2,22935.0
TXN-100567,2026-04-06 20:05:00,STR-103,CUST-5040,PRD-1030,5,3232.14,0.05,15352.66,Net Banking,In-Store,,2026-04-06,2026,4,Monday,Home & Kitchen,2100.88,3070.533,15352.66,10504.4,4848.26
TXN-100568,2026-06-10 08:03:00,STR-105,CUST-5165,PRD-1043,5,22540.44,0.1,101431.98,Credit Card,Mobile App,,2026-06-10,2026,6,Wednesday,Beauty & Care,14737.88,20286.396,101431.98,73689.4,27742.58
TXN-100569,2026-05-05 11:20:00,STR-108,CUST-5165,PRD-1034,1,9660.26,0.05,9177.25,Debit Card,Online,,2026-05-05,2026,5,Tuesday,Clothing,5672.08,9177.247,9177.25,5672.08,3505.17
TXN-100570,2026-06-26 14:22:00,STR-111,CUST-5034,PRD-1046,2,2150.38,0.0,4300.76,Debit Card,In-Store,,2026-06-26,2026,6,Friday,Clothing,1198.25,2150.38,4300.76,2396.5,1904.26
TXN-100571,2026-03-17 16:44:00,STR-107,CUST-5048,PRD-1031,4,23868.44,0.2,76379.01,Cash,In-Store,,2026-03-17,2026,3,Tuesday,Electronics,17935.85,19094.752,76379.01,71743.4,4635.61
TXN-100572,2026-04-30 12:55:00,STR-113,CUST-5153,PRD-1034,3,9660.26,0.1,26082.7,Cash,In-Store,,2026-04-30,2026,4,Thursday,Clothing,5672.08,8694.234,26082.7,17016.24,9066.46
TXN-100573,2026-04-26 12:52:00,STR-104,CUST-5138,PRD-1004,5,18042.2,0.05,85700.45,Debit Card,Online,,2026-04-26,2026,4,Sunday,Clothing,12833.5,17140.09,85700.45,64167.5,21532.95
TXN-100574,2026-02-17 08:39:00,STR-113,CUST-5093,PRD-1000,5,1111.79,0.15,4725.11,Cash,In-Store,,2026-02-17,2026,2,Tuesday,Electronics,681.81,945.0215,4725.11,3409.05,1316.06
TXN-100575,2026-04-10 11:33:00,STR-110,CUST-5127,PRD-1020,1,2120.69,0.2,1696.55,Cash,In-Store,,2026-04-10,2026,4,Friday,Home & Kitchen,1611.77,1696.5520000000001,1696.55,1611.77,84.78
TXN-100576,2026-04-15 18:20:00,STR-101,CUST-5024,PRD-1039,3,3644.72,0.1,9840.74,Cash,Mobile App,,2026-04-15,2026,4,Wednesday,Clothing,2403.02,3280.248,9840.74,7209.06,2631.68
TXN-100577,2026-02-15 21:02:00,STR-103,CUST-5027,PRD-1004,1,18042.2,0.05,17140.09,Net Banking,In-Store,,2026-02-15,2026,2,Sunday,Clothing,12833.5,17140.09,17140.09,12833.5,4306.59
TXN-100578,2026-06-14 21:24:00,STR-110,CUST-5125,PRD-1006,1,17604.11,0.2,14083.29,Cash,Mobile App,,2026-06-14,2026,6,Sunday,Clothing,11059.92,14083.288,14083.29,11059.92,3023.37
TXN-100579,2026-01-13 13:14:00,STR-109,CUST-5183,PRD-1044,5,2067.7,0.1,9304.65,UPI,In-Store,,2026-01-13,2026,1,Tuesday,Clothing,1147.24,1860.9299999999998,9304.65,5736.2,3568.45
TXN-100580,2026-04-30 20:40:00,STR-100,CUST-5092,PRD-1013,4,24637.91,0.0,98551.64,Cash,Mobile App,,2026-04-30,2026,4,Thursday,Home & Kitchen,18397.7,24637.91,98551.64,73590.8,24960.84
TXN-100581,2026-06-07 12:33:00,STR-100,CUST-5187,PRD-1026,3,15872.06,0.0,47616.18,UPI,Online,,2026-06-07,2026,6,Sunday,Clothing,11621.18,15872.06,47616.18,34863.54,12752.64
TXN-100582,2026-01-25 09:46:00,STR-103,CUST-5136,PRD-1004,2,18042.2,0.2,28867.52,Net Banking,In-Store,,2026-01-25,2026,1,Sunday,Clothing,12833.5,14433.760000000002,28867.52,25667.0,3200.52
TXN-100583,2026-05-26 18:11:00,STR-108,CUST-5191,PRD-1012,5,5210.26,0.05,24748.74,Cash,Online,,2026-05-26,2026,5,Tuesday,Sports & Outdoors,2949.0,4949.747,24748.74,14745.0,10003.74
TXN-100584,2026-04-02 18:29:00,STR-111,CUST-5170,PRD-1047,1,13096.34,0.2,10477.07,Net Banking,In-Store,,2026-04-02,2026,4,Thursday,Electronics,8041.8,10477.072,10477.07,8041.8,2435.27
TXN-100585,2026-04-13 16:21:00,STR-110,CUST-5040,PRD-1010,2,24341.31,0.2,38946.1,Cash,Mobile App,,2026-04-13,2026,4,Monday,Electronics,15506.95,19473.048000000003,38946.1,31013.9,7932.2
TXN-100586,2026-05-21 13:54:00,STR-105,CUST-5105,PRD-1028,3,6658.9,0.1,17979.03,Net Banking,Mobile App,,2026-05-21,2026,5,Thursday,Sports & Outdoors,4509.69,5993.01,17979.03,13529.07,4449.96
TXN-100587,2026-05-25 16:13:00,STR-106,CUST-5196,PRD-1020,5,2120.69,0.05,10073.28,Cash,Mobile App,,2026-05-25,2026,5,Monday,Home & Kitchen,1611.77,2014.6554999999998,10073.28,8058.85,2014.43
TXN-100588,2026-04-25 14:00:00,STR-111,CUST-5008,PRD-1016,3,15423.32,0.15,39329.47,Debit Card,Mobile App,,2026-04-25,2026,4,Saturday,Electronics,9089.92,13109.822,39329.47,27269.76,12059.71
TXN-100589,2026-03-19 08:19:00,STR-103,CUST-5054,PRD-1001,5,18543.28,0.05,88080.58,Debit Card,In-Store,,2026-03-19,2026,3,Thursday,Clothing,13084.9,17616.115999999998,88080.58,65424.5,22656.08
TXN-100590,2026-05-11 16:36:00,STR-114,CUST-5146,PRD-1049,3,12079.91,0.2,28991.78,Credit Card,In-Store,,2026-05-11,2026,5,Monday,Sports & Outdoors,8823.92,9663.928,28991.78,26471.76,2520.02
TXN-100591,2026-02-09 10:16:00,STR-105,CUST-5149,PRD-1002,4,14966.66,0.1,53879.98,Credit Card,In-Store,,2026-02-09,2026,2,Monday,Electronics,8341.07,13469.994,53879.98,33364.28,20515.7
TXN-100592,2026-05-27 14:36:00,STR-114,CUST-5055,PRD-1016,3,15423.32,0.0,46269.96,UPI,Mobile App,,2026-05-27,2026,5,Wednesday,Electronics,9089.92,15423.32,46269.96,27269.76,19000.2
TXN-100593,2026-05-05 21:57:00,STR-111,CUST-5179,PRD-1020,4,2120.69,0.05,8058.62,Cash,In-Store,,2026-05-05,2026,5,Tuesday,Home & Kitchen,1611.77,2014.6554999999998,8058.62,6447.08,1611.54
TXN-100594,2026-05-28 14:05:00,STR-112,CUST-5014,PRD-1038,3,18431.47,0.0,55294.41,Debit Card,Online,,2026-05-28,2026,5,Thursday,Electronics,13596.63,18431.47,55294.41,40789.89,14504.52
TXN-100595,2026-02-28 19:41:00,STR-113,CUST-5154,PRD-1027,4,2055.49,0.0,8221.96,UPI,Mobile App,,2026-02-28,2026,2,Saturday,Sports & Outdoors,1310.93,2055.49,8221.96,5243.72,2978.24
TXN-100596,2026-03-20 16:02:00,STR-105,CUST-5138,PRD-1049,4,12079.91,0.0,48319.64,Cash,In-Store,,2026-03-20,2026,3,Friday,Sports & Outdoors,8823.92,12079.91,48319.64,35295.68,13023.96
TXN-100597,2026-02-09 08:43:00,STR-111,CUST-5100,PRD-1020,5,2120.69,0.05,10073.28,Net Banking,Mobile App,,2026-02-09,2026,2,Monday,Home & Kitchen,1611.77,2014.6554999999998,10073.28,8058.85,2014.43
TXN-100598,2026-02-26 14:18:00,STR-112,CUST-5100,PRD-1036,5,22028.56,0.0,110142.8,Credit Card,In-Store,,2026-02-26,2026,2,Thursday,Home & Kitchen,16329.4,22028.56,110142.8,81647.0,28495.8
TXN-100599,2026-05-27 19:03:00,STR-108,CUST-5102,PRD-1021,1,5708.56,0.15,4852.28,Debit Card,In-Store,,2026-05-27,2026,5,Wednesday,Home & Kitchen,3795.18,4852.276,4852.28,3795.18,1057.1
TXN-100600,2026-06-28 10:48:00,STR-102,CUST-5123,PRD-1025,5,12590.63,0.15,53510.18,Cash,In-Store,,2026-06-28,2026,6,Sunday,Sports & Outdoors,9113.47,10702.035499999998,53510.18,45567.35,7942.83
TXN-100601,2026-02-20 16:39:00,STR-111,CUST-5134,PRD-1031,4,23868.44,0.2,76379.01,Credit Card,In-Store,,2026-02-20,2026,2,Friday,Electronics,17935.85,19094.752,76379.01,71743.4,4635.61
TXN-100602,2026-03-24 18:59:00,STR-109,CUST-5022,PRD-1004,3,18042.2,0.15,46007.61,UPI,Mobile App,,2026-03-24,2026,3,Tuesday,Clothing,12833.5,15335.87,46007.61,38500.5,7507.11
TXN-100603,2026-03-31 11:20:00,STR-105,CUST-5152,PRD-1026,4,15872.06,0.1,57139.42,UPI,Online,,2026-03-31,2026,3,Tuesday,Clothing,11621.18,14284.854,57139.42,46484.72,10654.7
TXN-100604,2026-04-24 17:09:00,STR-107,CUST-5011,PRD-1010,3,24341.31,0.2,58419.14,Credit Card,In-Store,,2026-04-24,2026,4,Friday,Electronics,15506.95,19473.048000000003,58419.14,46520.85,11898.29
TXN-100605,2026-01-22 09:47:00,STR-100,CUST-5062,PRD-1043,3,22540.44,0.05,64240.25,Cash,In-Store,,2026-01-22,2026,1,Thursday,Beauty & Care,14737.88,21413.417999999998,64240.25,44213.64,20026.61
TXN-100606,2026-06-27 20:07:00,STR-104,CUST-5115,PRD-1018,1,17272.73,0.1,15545.46,Net Banking,In-Store,,2026-06-27,2026,6,Saturday,Clothing,12848.42,15545.457,15545.46,12848.42,2697.04
TXN-100607,2026-02-24 11:34:00,STR-108,CUST-5192,PRD-1021,2,5708.56,0.2,9133.7,Debit Card,Mobile App,,2026-02-24,2026,2,Tuesday,Home & Kitchen,3795.18,4566.848000000001,9133.7,7590.36,1543.34
TXN-100608,2026-06-27 19:42:00,STR-100,CUST-5096,PRD-1030,5,3232.14,0.05,15352.66,Cash,Mobile App,,2026-06-27,2026,6,Saturday,Home & Kitchen,2100.88,3070.533,15352.66,10504.4,4848.26
TXN-100609,2026-02-13 08:18:00,STR-103,CUST-5178,PRD-1033,1,21120.74,0.1,19008.67,Cash,Online,,2026-02-13,2026,2,Friday,Home & Kitchen,14082.52,19008.666,19008.67,14082.52,4926.15
TXN-100610,2026-01-18 14:42:00,STR-104,CUST-5169,PRD-1003,4,6199.42,0.0,24797.68,Debit Card,In-Store,,2026-01-18,2026,1,Sunday,Clothing,4268.08,6199.42,24797.68,17072.32,7725.36
TXN-100611,2026-03-01 14:32:00,STR-111,CUST-5025,PRD-1001,3,18543.28,0.15,47285.36,Debit Card,Online,,2026-03-01,2026,3,Sunday,Clothing,13084.9,15761.787999999999,47285.36,39254.7,8030.66
TXN-100612,2026-02-17 11:32:00,STR-107,CUST-5143,PRD-1038,5,18431.47,0.0,92157.35,UPI,In-Store,,2026-02-17,2026,2,Tuesday,Electronics,13596.63,18431.47,92157.35,67983.15,24174.2
TXN-100613,2026-03-27 15:25:00,STR-111,CUST-5040,PRD-1015,5,9568.8,0.1,43059.6,UPI,Online,,2026-03-27,2026,3,Friday,Clothing,5723.93,8611.92,43059.6,28619.65,14439.95
TXN-100614,2026-06-10 12:15:00,STR-108,CUST-5070,PRD-1043,3,22540.44,0.1,60859.19,UPI,Mobile App,,2026-06-10,2026,6,Wednesday,Beauty & Care,14737.88,20286.396,60859.19,44213.64,16645.55
TXN-100615,2026-05-23 12:14:00,STR-102,CUST-5087,PRD-1016,4,15423.32,0.0,61693.28,Net Banking,Mobile App,,2026-05-23,2026,5,Saturday,Electronics,9089.92,15423.32,61693.28,36359.68,25333.6
TXN-100616,2026-05-14 18:39:00,STR-113,CUST-5160,PRD-1008,1,2868.65,0.15,2438.35,Credit Card,Online,,2026-05-14,2026,5,Thursday,Beauty & Care,2136.93,2438.3525,2438.35,2136.93,301.42
TXN-100617,2026-04-20 12:58:00,STR-109,CUST-5084,PRD-1015,5,9568.8,0.05,45451.8,Net Banking,Mobile App,,2026-04-20,2026,4,Monday,Clothing,5723.93,9090.359999999999,45451.8,28619.65,16832.15
TXN-100618,2026-05-29 16:43:00,STR-112,CUST-5051,PRD-1008,2,2868.65,0.05,5450.43,Credit Card,Online,,2026-05-29,2026,5,Friday,Beauty & Care,2136.93,2725.2174999999997,5450.44,4273.86,1176.58
TXN-100619,2026-04-21 20:09:00,STR-110,CUST-5144,PRD-1044,5,2067.7,0.05,9821.57,Credit Card,Online,,2026-04-21,2026,4,Tuesday,Clothing,1147.24,1964.3149999999998,9821.57,5736.2,4085.37
TXN-100620,2026-01-31 10:20:00,STR-113,CUST-5037,PRD-1004,5,18042.2,0.2,72168.8,UPI,Online,,2026-01-31,2026,1,Saturday,Clothing,12833.5,14433.760000000002,72168.8,64167.5,8001.3
TXN-100621,2026-04-24 19:59:00,STR-113,CUST-5163,PRD-1026,4,15872.06,0.1,57139.42,Debit Card,In-Store,,2026-04-24,2026,4,Friday,Clothing,11621.18,14284.854,57139.42,46484.72,10654.7
TXN-100622,2026-02-03 10:01:00,STR-112,CUST-5156,PRD-1049,2,12079.91,0.0,24159.82,Cash,Online,,2026-02-03,2026,2,Tuesday,Sports & Outdoors,8823.92,12079.91,24159.82,17647.84,6511.98
TXN-100623,2026-03-01 17:14:00,STR-103,CUST-5175,PRD-1038,5,18431.47,0.2,73725.88,UPI,Online,,2026-03-01,2026,3,Sunday,Electronics,13596.63,14745.176000000001,73725.88,67983.15,5742.73
TXN-100624,2026-05-09 21:38:00,STR-107,CUST-5182,PRD-1005,4,11505.07,0.05,43719.27,Debit Card,In-Store,,2026-05-09,2026,5,Saturday,Clothing,7063.93,10929.816499999999,43719.27,28255.72,15463.55
TXN-100625,2026-02-05 10:12:00,STR-103,CUST-5008,PRD-1024,4,9368.27,0.15,31852.12,Net Banking,In-Store,,2026-02-05,2026,2,Thursday,Beauty & Care,7301.49,7963.029500000001,31852.12,29205.96,2646.16
TXN-100626,2026-06-21 11:48:00,STR-103,CUST-5016,PRD-1017,4,11824.84,0.05,44934.39,Credit Card,Online,,2026-06-21,2026,6,Sunday,Clothing,7237.84,11233.598,44934.39,28951.36,15983.03
TXN-100627,2026-04-28 11:27:00,STR-106,CUST-5198,PRD-1039,4,3644.72,0.1,13120.99,UPI,Mobile App,,2026-04-28,2026,4,Tuesday,Clothing,2403.02,3280.248,13120.99,9612.08,3508.91
TXN-100628,2026-04-11 17:47:00,STR-109,CUST-5152,PRD-1047,4,13096.34,0.1,47146.82,Cash,Mobile App,,2026-04-11,2026,4,Saturday,Electronics,8041.8,11786.706,47146.82,32167.2,14979.62
TXN-100629,2026-01-28 15:29:00,STR-113,CUST-5010,PRD-1041,1,23258.31,0.2,18606.65,Credit Card,Mobile App,,2026-01-28,2026,1,Wednesday,Clothing,16832.29,18606.648,18606.65,16832.29,1774.36
TXN-100630,2026-05-23 14:33:00,STR-112,CUST-5161,PRD-1034,4,9660.26,0.0,38641.04,UPI,In-Store,,2026-05-23,2026,5,Saturday,Clothing,5672.08,9660.26,38641.04,22688.32,15952.72
TXN-100631,2026-03-19 20:52:00,STR-104,CUST-5118,PRD-1018,4,17272.73,0.15,58727.28,Credit Card,Online,,2026-03-19,2026,3,Thursday,Clothing,12848.42,14681.8205,58727.28,51393.68,7333.6
TXN-100632,2026-06-26 16:57:00,STR-102,CUST-5118,PRD-1018,5,17272.73,0.0,86363.65,Net Banking,In-Store,,2026-06-26,2026,6,Friday,Clothing,12848.42,17272.73,86363.65,64242.1,22121.55
TXN-100633,2026-02-16 20:37:00,STR-114,CUST-5178,PRD-1046,5,2150.38,0.0,10751.9,Cash,In-Store,,2026-02-16,2026,2,Monday,Clothing,1198.25,2150.38,10751.9,5991.25,4760.65
TXN-100634,2026-04-26 08:11:00,STR-107,CUST-5151,PRD-1025,4,12590.63,0.1,45326.27,Credit Card,Online,,2026-04-26,2026,4,Sunday,Sports & Outdoors,9113.47,11331.567,45326.27,36453.88,8872.39
TXN-100635,2026-06-27 18:58:00,STR-111,CUST-5041,PRD-1005,3,11505.07,0.1,31063.69,UPI,In-Store,,2026-06-27,2026,6,Saturday,Clothing,7063.93,10354.563,31063.69,21191.79,9871.9
TXN-100636,2026-01-22 16:45:00,STR-106,CUST-5186,PRD-1007,4,23951.68,0.1,86226.05,Cash,Mobile App,,2026-01-22,2026,1,Thursday,Clothing,15027.69,21556.512000000002,86226.05,60110.76,26115.29
TXN-100637,2026-04-08 08:49:00,STR-102,CUST-5085,PRD-1010,4,24341.31,0.2,77892.19,Cash,Mobile App,,2026-04-08,2026,4,Wednesday,Electronics,15506.95,19473.048000000003,77892.19,62027.8,15864.39
TXN-100638,2026-02-15 20:45:00,STR-100,CUST-5107,PRD-1009,2,20274.45,0.05,38521.46,Debit Card,Online,,2026-02-15,2026,2,Sunday,Home & Kitchen,14553.78,19260.7275,38521.46,29107.56,9413.9
TXN-100639,2026-06-10 10:07:00,STR-114,CUST-5033,PRD-1046,4,2150.38,0.1,7741.37,Credit Card,In-Store,,2026-06-10,2026,6,Wednesday,Clothing,1198.25,1935.342,7741.37,4793.0,2948.37
TXN-100640,2026-04-28 15:54:00,STR-107,CUST-5139,PRD-1039,3,3644.72,0.0,10934.16,UPI,Mobile App,,2026-04-28,2026,4,Tuesday,Clothing,2403.02,3644.72,10934.16,7209.06,3725.1
TXN-100641,2026-05-31 18:30:00,STR-107,CUST-5104,PRD-1031,2,23868.44,0.05,45350.04,Net Banking,In-Store,,2026-05-31,2026,5,Sunday,Electronics,17935.85,22675.017999999996,45350.04,35871.7,9478.34
TXN-100642,2026-03-04 16:17:00,STR-109,CUST-5160,PRD-1038,5,18431.47,0.0,92157.35,Cash,In-Store,,2026-03-04,2026,3,Wednesday,Electronics,13596.63,18431.47,92157.35,67983.15,24174.2
TXN-100643,2026-01-15 18:22:00,STR-100,CUST-5037,PRD-1003,2,6199.42,0.05,11778.9,UPI,Mobile App,,2026-01-15,2026,1,Thursday,Clothing,4268.08,5889.449,11778.9,8536.16,3242.74
TXN-100644,2026-03-26 09:03:00,STR-101,CUST-5106,PRD-1036,5,22028.56,0.1,99128.52,Credit Card,In-Store,,2026-03-26,2026,3,Thursday,Home & Kitchen,16329.4,19825.704,99128.52,81647.0,17481.52
TXN-100645,2026-06-19 19:44:00,STR-109,CUST-5146,PRD-1043,3,22540.44,0.2,54097.06,Cash,In-Store,,2026-06-19,2026,6,Friday,Beauty & Care,14737.88,18032.352,54097.06,44213.64,9883.42
TXN-100646,2026-01-10 09:49:00,STR-104,CUST-5082,PRD-1029,5,17201.59,0.1,77407.15,Debit Card,Online,,2026-01-10,2026,1,Saturday,Electronics,11585.33,15481.431,77407.16,57926.65,19480.51
TXN-100647,2026-01-17 12:30:00,STR-102,CUST-5031,PRD-1004,4,18042.2,0.2,57735.04,Debit Card,Online,,2026-01-17,2026,1,Saturday,Clothing,12833.5,14433.760000000002,57735.04,51334.0,6401.04
TXN-100648,2026-02-23 19:13:00,STR-109,CUST-5014,PRD-1033,4,21120.74,0.2,67586.37,UPI,Mobile App,,2026-02-23,2026,2,Monday,Home & Kitchen,14082.52,16896.592,67586.37,56330.08,11256.29
TXN-100649,2026-05-04 19:44:00,STR-109,CUST-5180,PRD-1046,5,2150.38,0.0,10751.9,Debit Card,Online,,2026-05-04,2026,5,Monday,Clothing,1198.25,2150.38,10751.9,5991.25,4760.65
TXN-100650,2026-05-15 17:39:00,STR-105,CUST-5033,PRD-1038,3,18431.47,0.1,49764.97,Cash,Mobile App,,2026-05-15,2026,5,Friday,Electronics,13596.63,16588.323,49764.97,40789.89,8975.08
TXN-100651,2026-05-07 20:11:00,STR-114,CUST-5156,PRD-1031,5,23868.44,0.15,101440.87,Credit Card,Mobile App,,2026-05-07,2026,5,Thursday,Electronics,17935.85,20288.174,101440.87,89679.25,11761.62
TXN-100652,2026-01-31 08:29:00,STR-110,CUST-5030,PRD-1018,2,17272.73,0.0,34545.46,Credit Card,Mobile App,,2026-01-31,2026,1,Saturday,Clothing,12848.42,17272.73,34545.46,25696.84,8848.62
TXN-100653,2026-03-27 13:35:00,STR-112,CUST-5163,PRD-1026,4,15872.06,0.0,63488.24,Credit Card,In-Store,,2026-03-27,2026,3,Friday,Clothing,11621.18,15872.06,63488.24,46484.72,17003.52
TXN-100654,2026-03-07 20:04:00,STR-104,CUST-5076,PRD-1040,2,6993.15,0.1,12587.67,Cash,Mobile App,,2026-03-07,2026,3,Saturday,Clothing,5249.48,6293.835,12587.67,10498.96,2088.71
TXN-100655,2026-06-25 13:21:00,STR-106,CUST-5185,PRD-1020,1,2120.69,0.0,2120.69,Cash,Mobile App,,2026-06-25,2026,6,Thursday,Home & Kitchen,1611.77,2120.69,2120.69,1611.77,508.92
TXN-100656,2026-03-26 21:21:00,STR-114,CUST-5172,PRD-1001,2,18543.28,0.05,35232.23,Net Banking,Online,,2026-03-26,2026,3,Thursday,Clothing,13084.9,17616.115999999998,35232.23,26169.8,9062.43
TXN-100657,2026-02-09 18:29:00,STR-114,CUST-5137,PRD-1002,2,14966.66,0.15,25443.32,Debit Card,Online,,2026-02-09,2026,2,Monday,Electronics,8341.07,12721.661,25443.32,16682.14,8761.18
TXN-100658,2026-03-18 17:46:00,STR-110,CUST-5080,PRD-1026,1,15872.06,0.2,12697.65,Cash,Mobile App,,2026-03-18,2026,3,Wednesday,Clothing,11621.18,12697.648000000001,12697.65,11621.18,1076.47
TXN-100659,2026-06-25 13:51:00,STR-114,CUST-5090,PRD-1001,2,18543.28,0.2,29669.25,UPI,In-Store,,2026-06-25,2026,6,Thursday,Clothing,13084.9,14834.624,29669.25,26169.8,3499.45
TXN-100660,2026-04-07 18:34:00,STR-113,CUST-5042,PRD-1017,1,11824.84,0.1,10642.36,Cash,Mobile App,,2026-04-07,2026,4,Tuesday,Clothing,7237.84,10642.356,10642.36,7237.84,3404.52
TXN-100661,2026-01-30 21:50:00,STR-112,CUST-5078,PRD-1024,2,9368.27,0.2,14989.23,Debit Card,Mobile App,,2026-01-30,2026,1,Friday,Beauty & Care,7301.49,7494.616000000001,14989.23,14602.98,386.25
TXN-100662,2026-01-23 15:56:00,STR-103,CUST-5095,PRD-1002,3,14966.66,0.15,38164.98,Net Banking,Online,,2026-01-23,2026,1,Friday,Electronics,8341.07,12721.661,38164.98,25023.21,13141.77
TXN-100663,2026-02-14 09:23:00,STR-112,CUST-5009,PRD-1013,5,24637.91,0.1,110870.6,Credit Card,In-Store,,2026-02-14,2026,2,Saturday,Home & Kitchen,18397.7,22174.119,110870.6,91988.5,18882.1
TXN-100664,2026-05-04 16:09:00,STR-103,CUST-5087,PRD-1028,5,6658.9,0.0,33294.5,Net Banking,Mobile App,,2026-05-04,2026,5,Monday,Sports & Outdoors,4509.69,6658.9,33294.5,22548.45,10746.05
TXN-100665,2026-02-06 20:55:00,STR-101,CUST-5132,PRD-1033,3,21120.74,0.1,57026.0,Credit Card,In-Store,,2026-02-06,2026,2,Friday,Home & Kitchen,14082.52,19008.666,57026.0,42247.56,14778.44
TXN-100666,2026-04-10 19:55:00,STR-108,CUST-5029,PRD-1046,1,2150.38,0.15,1827.82,UPI,Online,,2026-04-10,2026,4,Friday,Clothing,1198.25,1827.823,1827.82,1198.25,629.57
TXN-100667,2026-03-27 15:56:00,STR-100,CUST-5026,PRD-1002,5,14966.66,0.0,74833.3,Cash,Mobile App,,2026-03-27,2026,3,Friday,Electronics,8341.07,14966.66,74833.3,41705.35,33127.95
TXN-100668,2026-05-28 20:19:00,STR-110,CUST-5053,PRD-1047,3,13096.34,0.0,39289.02,Debit Card,In-Store,,2026-05-28,2026,5,Thursday,Electronics,8041.8,13096.34,39289.02,24125.4,15163.62
TXN-100669,2026-05-17 13:49:00,STR-107,CUST-5171,PRD-1012,3,5210.26,0.1,14067.7,UPI,Online,,2026-05-17,2026,5,Sunday,Sports & Outdoors,2949.0,4689.234,14067.7,8847.0,5220.7
TXN-100670,2026-01-30 08:39:00,STR-108,CUST-5131,PRD-1009,2,20274.45,0.1,36494.01,UPI,In-Store,,2026-01-30,2026,1,Friday,Home & Kitchen,14553.78,18247.005,36494.01,29107.56,7386.45
TXN-100671,2026-03-23 12:09:00,STR-111,CUST-5072,PRD-1034,3,9660.26,0.2,23184.62,Cash,In-Store,,2026-03-23,2026,3,Monday,Clothing,5672.08,7728.2080000000005,23184.62,17016.24,6168.38
TXN-100672,2026-06-06 13:34:00,STR-107,CUST-5012,PRD-1010,1,24341.31,0.1,21907.18,Credit Card,In-Store,,2026-06-06,2026,6,Saturday,Electronics,15506.95,21907.179,21907.18,15506.95,6400.23
TXN-100673,2026-04-09 08:05:00,STR-106,CUST-5100,PRD-1030,1,3232.14,0.0,3232.14,Credit Card,Mobile App,,2026-04-09,2026,4,Thursday,Home & Kitchen,2100.88,3232.14,3232.14,2100.88,1131.26
TXN-100674,2026-06-07 13:19:00,STR-105,CUST-5050,PRD-1038,5,18431.47,0.15,78333.75,Cash,In-Store,,2026-06-07,2026,6,Sunday,Electronics,13596.63,15666.7495,78333.75,67983.15,10350.6
TXN-100675,2026-02-03 09:52:00,STR-112,CUST-5178,PRD-1048,4,13710.77,0.2,43874.46,Net Banking,In-Store,,2026-02-03,2026,2,Tuesday,Clothing,9822.0,10968.616000000002,43874.46,39288.0,4586.46
TXN-100676,2026-05-01 11:14:00,STR-102,CUST-5157,PRD-1029,3,17201.59,0.15,43864.05,Debit Card,Online,,2026-05-01,2026,5,Friday,Electronics,11585.33,14621.351499999999,43864.05,34755.99,9108.06
TXN-100677,2026-03-25 15:31:00,STR-100,CUST-5016,PRD-1025,2,12590.63,0.1,22663.13,Net Banking,In-Store,,2026-03-25,2026,3,Wednesday,Sports & Outdoors,9113.47,11331.567,22663.13,18226.94,4436.19
TXN-100678,2026-02-13 12:49:00,STR-105,CUST-5154,PRD-1022,4,6988.83,0.15,23762.02,Cash,In-Store,,2026-02-13,2026,2,Friday,Clothing,4240.29,5940.5055,23762.02,16961.16,6800.86
TXN-100679,2026-01-28 13:35:00,STR-110,CUST-5018,PRD-1032,1,19167.84,0.15,16292.66,Debit Card,Mobile App,,2026-01-28,2026,1,Wednesday,Sports & Outdoors,12780.48,16292.663999999999,16292.66,12780.48,3512.18
TXN-100680,2026-04-16 11:39:00,STR-103,CUST-5140,PRD-1029,4,17201.59,0.2,55045.09,Credit Card,Online,,2026-04-16,2026,4,Thursday,Electronics,11585.33,13761.272,55045.09,46341.32,8703.77
TXN-100681,2026-02-23 21:44:00,STR-109,CUST-5110,PRD-1024,1,9368.27,0.1,8431.44,Net Banking,Mobile App,,2026-02-23,2026,2,Monday,Beauty & Care,7301.49,8431.443000000001,8431.44,7301.49,1129.95
TXN-100682,2026-02-14 18:42:00,STR-101,CUST-5189,PRD-1021,5,5708.56,0.05,27115.66,Cash,Online,,2026-02-14,2026,2,Saturday,Home & Kitchen,3795.18,5423.1320000000005,27115.66,18975.9,8139.76
TXN-100683,2026-04-29 13:35:00,STR-101,CUST-5113,PRD-1007,5,23951.68,0.2,95806.72,Credit Card,Online,,2026-04-29,2026,4,Wednesday,Clothing,15027.69,19161.344,95806.72,75138.45,20668.27
TXN-100684,2026-01-28 18:52:00,STR-109,CUST-5197,PRD-1025,1,12590.63,0.2,10072.5,Net Banking,Online,,2026-01-28,2026,1,Wednesday,Sports & Outdoors,9113.47,10072.504,10072.5,9113.47,959.03
TXN-100685,2026-02-25 21:08:00,STR-114,CUST-5148,PRD-1031,1,23868.44,0.0,23868.44,UPI,In-Store,,2026-02-25,2026,2,Wednesday,Electronics,17935.85,23868.44,23868.44,17935.85,5932.59
TXN-100686,2026-05-17 12:24:00,STR-109,CUST-5147,PRD-1042,2,10274.71,0.15,17467.01,Net Banking,In-Store,,2026-05-17,2026,5,Sunday,Home & Kitchen,7238.41,8733.503499999999,17467.01,14476.82,2990.19
TXN-100687,2026-05-26 20:58:00,STR-110,CUST-5077,PRD-1013,3,24637.91,0.1,66522.36,Net Banking,Mobile App,,2026-05-26,2026,5,Tuesday,Home & Kitchen,18397.7,22174.119,66522.36,55193.1,11329.26
TXN-100688,2026-01-03 17:32:00,STR-106,CUST-5032,PRD-1022,1,6988.83,0.2,5591.06,Debit Card,In-Store,,2026-01-03,2026,1,Saturday,Clothing,4240.29,5591.064,5591.06,4240.29,1350.77
TXN-100689,2026-01-01 19:35:00,STR-113,CUST-5091,PRD-1023,5,6936.43,0.0,34682.15,UPI,Online,,2026-01-01,2026,1,Thursday,Sports & Outdoors,4747.67,6936.43,34682.15,23738.35,10943.8
TXN-100690,2026-06-29 17:25:00,STR-110,CUST-5081,PRD-1001,2,18543.28,0.15,31523.58,Net Banking,Online,,2026-06-29,2026,6,Monday,Clothing,13084.9,15761.787999999999,31523.58,26169.8,5353.78
TXN-100691,2026-02-24 18:11:00,STR-107,CUST-5035,PRD-1024,4,9368.27,0.2,29978.46,Credit Card,Mobile App,,2026-02-24,2026,2,Tuesday,Beauty & Care,7301.49,7494.616000000001,29978.46,29205.96,772.5
TXN-100692,2026-02-09 12:55:00,STR-110,CUST-5032,PRD-1024,3,9368.27,0.15,23889.09,Credit Card,In-Store,,2026-02-09,2026,2,Monday,Beauty & Care,7301.49,7963.029500000001,23889.09,21904.47,1984.62
TXN-100693,2026-05-05 18:27:00,STR-102,CUST-5021,PRD-1004,1,18042.2,0.05,17140.09,Credit Card,Mobile App,,2026-05-05,2026,5,Tuesday,Clothing,12833.5,17140.09,17140.09,12833.5,4306.59
TXN-100694,2026-04-19 17:11:00,STR-107,CUST-5130,PRD-1026,4,15872.06,0.2,50790.59,Net Banking,Mobile App,,2026-04-19,2026,4,Sunday,Clothing,11621.18,12697.648000000001,50790.59,46484.72,4305.87
TXN-100695,2026-02-27 10:27:00,STR-109,CUST-5001,PRD-1028,4,6658.9,0.1,23972.04,Cash,Online,,2026-02-27,2026,2,Friday,Sports & Outdoors,4509.69,5993.01,23972.04,18038.76,5933.28
TXN-100696,2026-03-10 14:59:00,STR-108,CUST-5147,PRD-1046,2,2150.38,0.2,3440.61,Debit Card,In-Store,,2026-03-10,2026,3,Tuesday,Clothing,1198.25,1720.304,3440.61,2396.5,1044.11
TXN-100697,2026-06-30 13:07:00,STR-109,CUST-5123,PRD-1002,5,14966.66,0.15,63608.31,UPI,In-Store,,2026-06-30,2026,6,Tuesday,Electronics,8341.07,12721.661,63608.3,41705.35,21902.95
TXN-100698,2026-04-30 16:05:00,STR-108,CUST-5156,PRD-1046,5,2150.38,0.1,9676.71,UPI,In-Store,,2026-04-30,2026,4,Thursday,Clothing,1198.25,1935.342,9676.71,5991.25,3685.46
TXN-100699,2026-05-29 12:39:00,STR-100,CUST-5087,PRD-1030,1,3232.14,0.2,2585.71,Cash,In-Store,,2026-05-29,2026,5,Friday,Home & Kitchen,2100.88,2585.712,2585.71,2100.88,484.83
TXN-100700,2026-05-01 17:46:00,STR-105,CUST-5107,PRD-1030,4,3232.14,0.2,10342.85,Debit Card,Online,,2026-05-01,2026,5,Friday,Home & Kitchen,2100.88,2585.712,10342.85,8403.52,1939.33
TXN-100701,2026-06-27 17:47:00,STR-104,CUST-5186,PRD-1018,2,17272.73,0.0,34545.46,Cash,Online,,2026-06-27,2026,6,Saturday,Clothing,12848.42,17272.73,34545.46,25696.84,8848.62
TXN-100702,2026-02-13 17:03:00,STR-110,CUST-5074,PRD-1003,4,6199.42,0.2,19838.14,Cash,In-Store,,2026-02-13,2026,2,Friday,Clothing,4268.08,4959.536,19838.14,17072.32,2765.82
TXN-100703,2026-02-02 16:04:00,STR-113,CUST-5071,PRD-1018,4,17272.73,0.0,69090.92,Debit Card,In-Store,,2026-02-02,2026,2,Monday,Clothing,12848.42,17272.73,69090.92,51393.68,17697.24
TXN-100704,2026-03-07 08:47:00,STR-101,CUST-5154,PRD-1039,3,3644.72,0.1,9840.74,Credit Card,Mobile App,,2026-03-07,2026,3,Saturday,Clothing,2403.02,3280.248,9840.74,7209.06,2631.68
TXN-100705,2026-04-05 20:11:00,STR-104,CUST-5179,PRD-1047,2,13096.34,0.15,22263.78,Credit Card,Online,,2026-04-05,2026,4,Sunday,Electronics,8041.8,11131.889,22263.78,16083.6,6180.18
TXN-100706,2026-03-29 09:09:00,STR-109,CUST-5039,PRD-1011,5,20820.24,0.0,104101.2,Net Banking,Online,,2026-03-29,2026,3,Sunday,Home & Kitchen,14413.01,20820.24,104101.2,72065.05,32036.15
TXN-100707,2026-06-19 15:46:00,STR-110,CUST-5042,PRD-1049,4,12079.91,0.05,45903.66,Credit Card,Mobile App,,2026-06-19,2026,6,Friday,Sports & Outdoors,8823.92,11475.914499999999,45903.66,35295.68,10607.98
TXN-100708,2026-06-14 12:48:00,STR-113,CUST-5029,PRD-1046,3,2150.38,0.0,6451.14,UPI,In-Store,,2026-06-14,2026,6,Sunday,Clothing,1198.25,2150.38,6451.14,3594.75,2856.39
TXN-100709,2026-03-19 15:47:00,STR-112,CUST-5136,PRD-1029,4,17201.59,0.15,58485.41,Credit Card,Online,,2026-03-19,2026,3,Thursday,Electronics,11585.33,14621.351499999999,58485.41,46341.32,12144.09
TXN-100710,2026-03-09 10:33:00,STR-113,CUST-5111,PRD-1043,4,22540.44,0.15,76637.5,UPI,Online,,2026-03-09,2026,3,Monday,Beauty & Care,14737.88,19159.374,76637.5,58951.52,17685.98
TXN-100711,2026-05-16 18:02:00,STR-101,CUST-5136,PRD-1028,4,6658.9,0.1,23972.04,Debit Card,Online,,2026-05-16,2026,5,Saturday,Sports & Outdoors,4509.69,5993.01,23972.04,18038.76,5933.28
TXN-100712,2026-03-11 12:51:00,STR-101,CUST-5065,PRD-1039,3,3644.72,0.1,9840.74,Cash,Online,,2026-03-11,2026,3,Wednesday,Clothing,2403.02,3280.248,9840.74,7209.06,2631.68
TXN-100713,2026-02-19 16:21:00,STR-110,CUST-5176,PRD-1029,2,17201.59,0.2,27522.54,Credit Card,Online,,2026-02-19,2026,2,Thursday,Electronics,11585.33,13761.272,27522.54,23170.66,4351.88
TXN-100714,2026-01-18 08:26:00,STR-101,CUST-5134,PRD-1035,1,15173.74,0.0,15173.74,UPI,Mobile App,,2026-01-18,2026,1,Sunday,Electronics,10050.77,15173.74,15173.74,10050.77,5122.97
TXN-100715,2026-03-14 12:12:00,STR-100,CUST-5006,PRD-1028,3,6658.9,0.05,18977.86,Cash,In-Store,,2026-03-14,2026,3,Saturday,Sports & Outdoors,4509.69,6325.954999999999,18977.86,13529.07,5448.79
TXN-100716,2026-06-03 18:07:00,STR-111,CUST-5030,PRD-1003,5,6199.42,0.05,29447.24,UPI,Mobile App,,2026-06-03,2026,6,Wednesday,Clothing,4268.08,5889.449,29447.24,21340.4,8106.84
TXN-100717,2026-02-17 09:44:00,STR-102,CUST-5064,PRD-1008,4,2868.65,0.2,9179.68,Debit Card,Online,,2026-02-17,2026,2,Tuesday,Beauty & Care,2136.93,2294.92,9179.68,8547.72,631.96
TXN-100718,2026-03-12 20:27:00,STR-111,CUST-5170,PRD-1042,1,10274.71,0.15,8733.5,Debit Card,Online,,2026-03-12,2026,3,Thursday,Home & Kitchen,7238.41,8733.503499999999,8733.5,7238.41,1495.09
TXN-100719,2026-01-16 14:24:00,STR-105,CUST-5015,PRD-1010,1,24341.31,0.1,21907.18,Debit Card,Online,,2026-01-16,2026,1,Friday,Electronics,15506.95,21907.179,21907.18,15506.95,6400.23
TXN-100720,2026-05-06 11:39:00,STR-106,CUST-5045,PRD-1011,4,20820.24,0.0,83280.96,Net Banking,In-Store,,2026-05-06,2026,5,Wednesday,Home & Kitchen,14413.01,20820.24,83280.96,57652.04,25628.92
TXN-100721,2026-02-25 17:41:00,STR-101,CUST-5113,PRD-1009,5,20274.45,0.15,86166.41,Debit Card,In-Store,,2026-02-25,2026,2,Wednesday,Home & Kitchen,14553.78,17233.2825,86166.41,72768.9,13397.51
TXN-100722,2026-05-27 19:16:00,STR-112,CUST-5114,PRD-1002,1,14966.66,0.0,14966.66,UPI,Online,,2026-05-27,2026,5,Wednesday,Electronics,8341.07,14966.66,14966.66,8341.07,6625.59
TXN-100723,2026-06-20 14:17:00,STR-102,CUST-5179,PRD-1009,1,20274.45,0.0,20274.45,Debit Card,Online,,2026-06-20,2026,6,Saturday,Home & Kitchen,14553.78,20274.45,20274.45,14553.78,5720.67
TXN-100724,2026-05-06 15:27:00,STR-106,CUST-5186,PRD-1036,1,22028.56,0.2,17622.85,UPI,Mobile App,,2026-05-06,2026,5,Wednesday,Home & Kitchen,16329.4,17622.848,17622.85,16329.4,1293.45
TXN-100725,2026-06-26 21:49:00,STR-107,CUST-5031,PRD-1014,1,7309.63,0.15,6213.19,Cash,Mobile App,,2026-06-26,2026,6,Friday,Beauty & Care,5089.02,6213.1855,6213.19,5089.02,1124.17
TXN-100726,2026-04-13 08:40:00,STR-110,CUST-5023,PRD-1022,3,6988.83,0.1,18869.84,Debit Card,Mobile App,,2026-04-13,2026,4,Monday,Clothing,4240.29,6289.947,18869.84,12720.87,6148.97
TXN-100727,2026-03-16 18:12:00,STR-102,CUST-5141,PRD-1021,1,5708.56,0.15,4852.28,UPI,Online,,2026-03-16,2026,3,Monday,Home & Kitchen,3795.18,4852.276,4852.28,3795.18,1057.1
TXN-100728,2026-06-28 14:57:00,STR-101,CUST-5161,PRD-1042,2,10274.71,0.1,18494.48,Debit Card,Online,,2026-06-28,2026,6,Sunday,Home & Kitchen,7238.41,9247.239,18494.48,14476.82,4017.66
TXN-100729,2026-02-05 08:12:00,STR-100,CUST-5184,PRD-1005,4,11505.07,0.05,43719.27,Cash,In-Store,,2026-02-05,2026,2,Thursday,Clothing,7063.93,10929.816499999999,43719.27,28255.72,15463.55
TXN-100730,2026-05-19 18:19:00,STR-107,CUST-5136,PRD-1031,4,23868.44,0.0,95473.76,Net Banking,In-Store,,2026-05-19,2026,5,Tuesday,Electronics,17935.85,23868.44,95473.76,71743.4,23730.36
TXN-100731,2026-03-28 20:46:00,STR-100,CUST-5103,PRD-1002,3,14966.66,0.0,44899.98,UPI,In-Store,,2026-03-28,2026,3,Saturday,Electronics,8341.07,14966.66,44899.98,25023.21,19876.77
TXN-100732,2026-06-23 21:55:00,STR-108,CUST-5038,PRD-1041,5,23258.31,0.15,98847.82,Cash,In-Store,,2026-06-23,2026,6,Tuesday,Clothing,16832.29,19769.5635,98847.82,84161.45,14686.37
TXN-100733,2026-05-06 18:01:00,STR-107,CUST-5158,PRD-1004,1,18042.2,0.05,17140.09,UPI,In-Store,,2026-05-06,2026,5,Wednesday,Clothing,12833.5,17140.09,17140.09,12833.5,4306.59
TXN-100734,2026-02-14 18:03:00,STR-114,CUST-5078,PRD-1044,2,2067.7,0.0,4135.4,UPI,Online,,2026-02-14,2026,2,Saturday,Clothing,1147.24,2067.7,4135.4,2294.48,1840.92
TXN-100735,2026-01-17 21:52:00,STR-101,CUST-5029,PRD-1039,2,3644.72,0.2,5831.55,Net Banking,Mobile App,,2026-01-17,2026,1,Saturday,Clothing,2403.02,2915.776,5831.55,4806.04,1025.51
TXN-100736,2026-02-21 14:21:00,STR-112,CUST-5188,PRD-1039,2,3644.72,0.0,7289.44,Net Banking,Online,,2026-02-21,2026,2,Saturday,Clothing,2403.02,3644.72,7289.44,4806.04,2483.4
TXN-100737,2026-02-05 13:53:00,STR-112,CUST-5054,PRD-1007,5,23951.68,0.2,95806.72,UPI,Mobile App,,2026-02-05,2026,2,Thursday,Clothing,15027.69,19161.344,95806.72,75138.45,20668.27
TXN-100738,2026-01-31 12:09:00,STR-112,CUST-5106,PRD-1011,3,20820.24,0.0,62460.72,Credit Card,Mobile App,,2026-01-31,2026,1,Saturday,Home & Kitchen,14413.01,20820.24,62460.72,43239.03,19221.69
TXN-100739,2026-04-23 11:59:00,STR-109,CUST-5010,PRD-1023,5,6936.43,0.05,32948.04,Credit Card,In-Store,,2026-04-23,2026,4,Thursday,Sports & Outdoors,4747.67,6589.6085,32948.04,23738.35,9209.69
TXN-100740,2026-02-10 08:56:00,STR-107,CUST-5020,PRD-1040,5,6993.15,0.15,29720.89,UPI,In-Store,,2026-02-10,2026,2,Tuesday,Clothing,5249.48,5944.1775,29720.89,26247.4,3473.49
TXN-100741,2026-03-14 14:44:00,STR-112,CUST-5197,PRD-1011,1,20820.24,0.2,16656.19,Net Banking,Mobile App,,2026-03-14,2026,3,Saturday,Home & Kitchen,14413.01,16656.192000000003,16656.19,14413.01,2243.18
TXN-100742,2026-06-13 12:33:00,STR-107,CUST-5105,PRD-1008,2,2868.65,0.05,5450.43,Credit Card,In-Store,,2026-06-13,2026,6,Saturday,Beauty & Care,2136.93,2725.2174999999997,5450.44,4273.86,1176.58
TXN-100743,2026-02-16 19:31:00,STR-109,CUST-5022,PRD-1039,1,3644.72,0.2,2915.78,Debit Card,Online,,2026-02-16,2026,2,Monday,Clothing,2403.02,2915.776,2915.78,2403.02,512.76
TXN-100744,2026-03-02 11:07:00,STR-108,CUST-5024,PRD-1026,1,15872.06,0.2,12697.65,Cash,Online,,2026-03-02,2026,3,Monday,Clothing,11621.18,12697.648000000001,12697.65,11621.18,1076.47
TXN-100745,2026-02-26 15:49:00,STR-110,CUST-5168,PRD-1048,5,13710.77,0.2,54843.08,Credit Card,Online,,2026-02-26,2026,2,Thursday,Clothing,9822.0,10968.616000000002,54843.08,49110.0,5733.08
TXN-100746,2026-02-08 18:54:00,STR-114,CUST-5121,PRD-1003,2,6199.42,0.0,12398.84,Net Banking,In-Store,,2026-02-08,2026,2,Sunday,Clothing,4268.08,6199.42,12398.84,8536.16,3862.68
TXN-100747,2026-06-15 13:18:00,STR-103,CUST-5111,PRD-1010,1,24341.31,0.0,24341.31,Debit Card,Online,,2026-06-15,2026,6,Monday,Electronics,15506.95,24341.31,24341.31,15506.95,8834.36
TXN-100748,2026-01-27 19:03:00,STR-114,CUST-5137,PRD-1039,4,3644.72,0.0,14578.88,Credit Card,In-Store,,2026-01-27,2026,1,Tuesday,Clothing,2403.02,3644.72,14578.88,9612.08,4966.8
TXN-100749,2026-01-30 09:57:00,STR-103,CUST-5184,PRD-1001,4,18543.28,0.2,59338.5,Net Banking,Mobile App,,2026-01-30,2026,1,Friday,Clothing,13084.9,14834.624,59338.5,52339.6,6998.9
TXN-100750,2026-02-20 19:43:00,STR-114,CUST-5083,PRD-1037,3,1918.22,0.15,4891.46,Credit Card,In-Store,,2026-02-20,2026,2,Friday,Clothing,1442.39,1630.487,4891.46,4327.17,564.29
TXN-100751,2026-03-02 19:26:00,STR-113,CUST-5051,PRD-1020,2,2120.69,0.0,4241.38,Net Banking,In-Store,,2026-03-02,2026,3,Monday,Home & Kitchen,1611.77,2120.69,4241.38,3223.54,1017.84
TXN-100752,2026-05-05 08:56:00,STR-106,CUST-5037,PRD-1004,4,18042.2,0.2,57735.04,Credit Card,Mobile App,,2026-05-05,2026,5,Tuesday,Clothing,12833.5,14433.760000000002,57735.04,51334.0,6401.04
TXN-100753,2026-04-06 10:29:00,STR-111,CUST-5049,PRD-1029,2,17201.59,0.15,29242.7,Debit Card,Online,,2026-04-06,2026,4,Monday,Electronics,11585.33,14621.351499999999,29242.7,23170.66,6072.04
TXN-100754,2026-01-09 19:36:00,STR-100,CUST-5071,PRD-1012,3,5210.26,0.05,14849.24,Credit Card,In-Store,,2026-01-09,2026,1,Friday,Sports & Outdoors,2949.0,4949.747,14849.24,8847.0,6002.24
TXN-100755,2026-02-13 20:21:00,STR-103,CUST-5075,PRD-1029,4,17201.59,0.15,58485.41,Cash,In-Store,,2026-02-13,2026,2,Friday,Electronics,11585.33,14621.351499999999,58485.41,46341.32,12144.09
TXN-100756,2026-05-28 16:54:00,STR-103,CUST-5022,PRD-1040,5,6993.15,0.05,33217.46,Net Banking,Mobile App,,2026-05-28,2026,5,Thursday,Clothing,5249.48,6643.492499999999,33217.46,26247.4,6970.06
TXN-100757,2026-05-02 21:29:00,STR-104,CUST-5003,PRD-1031,2,23868.44,0.2,38189.5,Net Banking,Mobile App,,2026-05-02,2026,5,Saturday,Electronics,17935.85,19094.752,38189.5,35871.7,2317.8
TXN-100758,2026-04-22 17:14:00,STR-114,CUST-5151,PRD-1015,2,9568.8,0.1,17223.84,Credit Card,Mobile App,,2026-04-22,2026,4,Wednesday,Clothing,5723.93,8611.92,17223.84,11447.86,5775.98
TXN-100759,2026-01-11 15:46:00,STR-112,CUST-5129,PRD-1000,4,1111.79,0.0,4447.16,UPI,Online,,2026-01-11,2026,1,Sunday,Electronics,681.81,1111.79,4447.16,2727.24,1719.92
TXN-100760,2026-06-28 21:06:00,STR-107,CUST-5126,PRD-1033,4,21120.74,0.15,71810.52,Credit Card,In-Store,,2026-06-28,2026,6,Sunday,Home & Kitchen,14082.52,17952.629,71810.52,56330.08,15480.44
TXN-100761,2026-02-25 10:22:00,STR-104,CUST-5061,PRD-1035,1,15173.74,0.15,12897.68,UPI,In-Store,,2026-02-25,2026,2,Wednesday,Electronics,10050.77,12897.679,12897.68,10050.77,2846.91
TXN-100762,2026-06-30 15:54:00,STR-109,CUST-5191,PRD-1030,3,3232.14,0.05,9211.6,Cash,In-Store,,2026-06-30,2026,6,Tuesday,Home & Kitchen,2100.88,3070.533,9211.6,6302.64,2908.96
TXN-100763,2026-06-30 14:11:00,STR-112,CUST-5094,PRD-1029,4,17201.59,0.05,65366.04,Net Banking,Mobile App,,2026-06-30,2026,6,Tuesday,Electronics,11585.33,16341.510499999999,65366.04,46341.32,19024.72
TXN-100764,2026-04-09 19:21:00,STR-108,CUST-5008,PRD-1040,1,6993.15,0.0,6993.15,Debit Card,Online,,2026-04-09,2026,4,Thursday,Clothing,5249.48,6993.15,6993.15,5249.48,1743.67
TXN-100765,2026-05-19 17:50:00,STR-103,CUST-5175,PRD-1048,3,13710.77,0.2,32905.85,UPI,Mobile App,,2026-05-19,2026,5,Tuesday,Clothing,9822.0,10968.616000000002,32905.85,29466.0,3439.85
TXN-100766,2026-06-22 13:56:00,STR-100,CUST-5028,PRD-1021,1,5708.56,0.2,4566.85,Net Banking,Online,,2026-06-22,2026,6,Monday,Home & Kitchen,3795.18,4566.848000000001,4566.85,3795.18,771.67
TXN-100767,2026-04-04 13:11:00,STR-110,CUST-5143,PRD-1029,5,17201.59,0.0,86007.95,UPI,Mobile App,,2026-04-04,2026,4,Saturday,Electronics,11585.33,17201.59,86007.95,57926.65,28081.3
TXN-100768,2026-03-27 11:34:00,STR-101,CUST-5166,PRD-1045,2,14916.37,0.05,28341.1,Net Banking,Mobile App,,2026-03-27,2026,3,Friday,Clothing,8228.67,14170.5515,28341.1,16457.34,11883.76
TXN-100769,2026-02-27 13:22:00,STR-114,CUST-5068,PRD-1048,5,13710.77,0.05,65126.16,Cash,Mobile App,,2026-02-27,2026,2,Friday,Clothing,9822.0,13025.2315,65126.16,49110.0,16016.16
TXN-100770,2026-01-17 13:22:00,STR-107,CUST-5124,PRD-1027,3,2055.49,0.0,6166.47,Cash,Mobile App,,2026-01-17,2026,1,Saturday,Sports & Outdoors,1310.93,2055.49,6166.47,3932.79,2233.68
TXN-100771,2026-06-23 21:34:00,STR-114,CUST-5074,PRD-1007,4,23951.68,0.2,76645.38,Net Banking,Mobile App,,2026-06-23,2026,6,Tuesday,Clothing,15027.69,19161.344,76645.38,60110.76,16534.62
TXN-100772,2026-04-28 09:05:00,STR-106,CUST-5045,PRD-1023,1,6936.43,0.05,6589.61,Debit Card,In-Store,,2026-04-28,2026,4,Tuesday,Sports & Outdoors,4747.67,6589.6085,6589.61,4747.67,1841.94
TXN-100773,2026-01-29 19:09:00,STR-107,CUST-5038,PRD-1006,2,17604.11,0.1,31687.4,Credit Card,Mobile App,,2026-01-29,2026,1,Thursday,Clothing,11059.92,15843.699,31687.4,22119.84,9567.56
TXN-100774,2026-04-17 18:34:00,STR-114,CUST-5033,PRD-1040,1,6993.15,0.1,6293.84,Net Banking,Online,,2026-04-17,2026,4,Friday,Clothing,5249.48,6293.835,6293.84,5249.48,1044.36
TXN-100775,2026-03-16 11:04:00,STR-100,CUST-5059,PRD-1026,4,15872.06,0.0,63488.24,Cash,Mobile App,,2026-03-16,2026,3,Monday,Clothing,11621.18,15872.06,63488.24,46484.72,17003.52
TXN-100776,2026-03-29 18:41:00,STR-112,CUST-5083,PRD-1021,4,5708.56,0.2,18267.39,Net Banking,Mobile App,,2026-03-29,2026,3,Sunday,Home & Kitchen,3795.18,4566.848000000001,18267.39,15180.72,3086.67
TXN-100777,2026-04-24 15:19:00,STR-109,CUST-5033,PRD-1042,5,10274.71,0.2,41098.84,Debit Card,In-Store,,2026-04-24,2026,4,Friday,Home & Kitchen,7238.41,8219.768,41098.84,36192.05,4906.79
TXN-100778,2026-04-06 12:49:00,STR-113,CUST-5012,PRD-1016,2,15423.32,0.15,26219.64,Credit Card,Online,,2026-04-06,2026,4,Monday,Electronics,9089.92,13109.822,26219.64,18179.84,8039.8
TXN-100779,2026-06-08 10:45:00,STR-108,CUST-5073,PRD-1018,4,17272.73,0.05,65636.37,Credit Card,In-Store,,2026-06-08,2026,6,Monday,Clothing,12848.42,16409.0935,65636.37,51393.68,14242.69
TXN-100780,2026-03-02 09:02:00,STR-105,CUST-5147,PRD-1045,2,14916.37,0.05,28341.1,Credit Card,Online,,2026-03-02,2026,3,Monday,Clothing,8228.67,14170.5515,28341.1,16457.34,11883.76
TXN-100781,2026-02-22 16:45:00,STR-100,CUST-5170,PRD-1016,3,15423.32,0.05,43956.46,Debit Card,Online,,2026-02-22,2026,2,Sunday,Electronics,9089.92,14652.153999999999,43956.46,27269.76,16686.7
TXN-100782,2026-05-19 10:34:00,STR-104,CUST-5031,PRD-1009,3,20274.45,0.15,51699.85,UPI,Online,,2026-05-19,2026,5,Tuesday,Home & Kitchen,14553.78,17233.2825,51699.85,43661.34,8038.51
TXN-100783,2026-03-23 10:00:00,STR-111,CUST-5139,PRD-1031,2,23868.44,0.15,40576.35,Cash,Online,,2026-03-23,2026,3,Monday,Electronics,17935.85,20288.174,40576.35,35871.7,4704.65
TXN-100784,2026-03-16 20:36:00,STR-110,CUST-5037,PRD-1041,3,23258.31,0.15,59308.69,Cash,Mobile App,,2026-03-16,2026,3,Monday,Clothing,16832.29,19769.5635,59308.69,50496.87,8811.82
TXN-100785,2026-05-03 08:08:00,STR-110,CUST-5141,PRD-1028,3,6658.9,0.0,19976.7,UPI,Online,,2026-05-03,2026,5,Sunday,Sports & Outdoors,4509.69,6658.9,19976.7,13529.07,6447.63
TXN-100786,2026-02-26 15:22:00,STR-101,CUST-5083,PRD-1001,4,18543.28,0.2,59338.5,UPI,Mobile App,,2026-02-26,2026,2,Thursday,Clothing,13084.9,14834.624,59338.5,52339.6,6998.9
TXN-100787,2026-05-15 11:50:00,STR-114,CUST-5196,PRD-1041,2,23258.31,0.2,37213.3,Debit Card,In-Store,,2026-05-15,2026,5,Friday,Clothing,16832.29,18606.648,37213.3,33664.58,3548.72
TXN-100788,2026-04-25 18:42:00,STR-101,CUST-5131,PRD-1001,1,18543.28,0.2,14834.62,Net Banking,In-Store,,2026-04-25,2026,4,Saturday,Clothing,13084.9,14834.624,14834.62,13084.9,1749.72
TXN-100789,2026-06-04 16:03:00,STR-114,CUST-5170,PRD-1031,3,23868.44,0.2,57284.26,Debit Card,Online,,2026-06-04,2026,6,Thursday,Electronics,17935.85,19094.752,57284.26,53807.55,3476.71
TXN-100790,2026-04-09 13:00:00,STR-104,CUST-5088,PRD-1009,4,20274.45,0.1,72988.02,Debit Card,Online,,2026-04-09,2026,4,Thursday,Home & Kitchen,14553.78,18247.005,72988.02,58215.12,14772.9
TXN-100791,2026-02-25 19:56:00,STR-107,CUST-5189,PRD-1028,5,6658.9,0.0,33294.5,Net Banking,Online,,2026-02-25,2026,2,Wednesday,Sports & Outdoors,4509.69,6658.9,33294.5,22548.45,10746.05
TXN-100792,2026-04-17 10:53:00,STR-109,CUST-5153,PRD-1018,2,17272.73,0.15,29363.64,UPI,In-Store,,2026-04-17,2026,4,Friday,Clothing,12848.42,14681.8205,29363.64,25696.84,3666.8
TXN-100793,2026-05-15 13:04:00,STR-114,CUST-5151,PRD-1013,3,24637.91,0.15,62826.67,Net Banking,In-Store,,2026-05-15,2026,5,Friday,Home & Kitchen,18397.7,20942.2235,62826.67,55193.1,7633.57
TXN-100794,2026-04-17 10:35:00,STR-107,CUST-5181,PRD-1000,4,1111.79,0.1,4002.44,Cash,In-Store,,2026-04-17,2026,4,Friday,Electronics,681.81,1000.611,4002.44,2727.24,1275.2
TXN-100795,2026-03-16 16:31:00,STR-100,CUST-5077,PRD-1012,2,5210.26,0.15,8857.44,Cash,Online,,2026-03-16,2026,3,Monday,Sports & Outdoors,2949.0,4428.7210000000005,8857.44,5898.0,2959.44
TXN-100796,2026-02-27 08:50:00,STR-100,CUST-5039,PRD-1031,5,23868.44,0.15,101440.87,Debit Card,Online,,2026-02-27,2026,2,Friday,Electronics,17935.85,20288.174,101440.87,89679.25,11761.62
TXN-100797,2026-06-17 18:57:00,STR-104,CUST-5106,PRD-1040,4,6993.15,0.0,27972.6,Credit Card,Online,,2026-06-17,2026,6,Wednesday,Clothing,5249.48,6993.15,27972.6,20997.92,6974.68
TXN-100798,2026-01-31 20:17:00,STR-107,CUST-5017,PRD-1044,2,2067.7,0.0,4135.4,Cash,Mobile App,,2026-01-31,2026,1,Saturday,Clothing,1147.24,2067.7,4135.4,2294.48,1840.92
TXN-100799,2026-05-25 14:55:00,STR-104,CUST-5160,PRD-1023,5,6936.43,0.15,29479.83,Net Banking,Mobile App,,2026-05-25,2026,5,Monday,Sports & Outdoors,4747.67,5895.9655,29479.83,23738.35,5741.48
TXN-100800,2026-05-28 08:54:00,STR-104,CUST-5041,PRD-1007,3,23951.68,0.2,57484.03,Cash,In-Store,,2026-05-28,2026,5,Thursday,Clothing,15027.69,19161.344,57484.03,45083.07,12400.96
TXN-100801,2026-06-27 10:22:00,STR-102,CUST-5013,PRD-1009,3,20274.45,0.15,51699.85,Debit Card,Online,,2026-06-27,2026,6,Saturday,Home & Kitchen,14553.78,17233.2825,51699.85,43661.34,8038.51
TXN-100802,2026-03-16 12:33:00,STR-110,CUST-5019,PRD-1026,3,15872.06,0.0,47616.18,Cash,In-Store,,2026-03-16,2026,3,Monday,Clothing,11621.18,15872.06,47616.18,34863.54,12752.64
TXN-100803,2026-06-03 20:10:00,STR-108,CUST-5082,PRD-1049,2,12079.91,0.0,24159.82,Debit Card,Mobile App,,2026-06-03,2026,6,Wednesday,Sports & Outdoors,8823.92,12079.91,24159.82,17647.84,6511.98
TXN-100804,2026-01-25 16:37:00,STR-105,CUST-5036,PRD-1019,3,20633.99,0.1,55711.77,UPI,In-Store,,2026-01-25,2026,1,Sunday,Clothing,15169.3,18570.591,55711.77,45507.9,10203.87
TXN-100805,2026-05-05 14:21:00,STR-114,CUST-5041,PRD-1033,3,21120.74,0.1,57026.0,UPI,In-Store,,2026-05-05,2026,5,Tuesday,Home & Kitchen,14082.52,19008.666,57026.0,42247.56,14778.44
TXN-100806,2026-02-18 20:57:00,STR-108,CUST-5157,PRD-1009,5,20274.45,0.05,96303.64,Cash,Mobile App,,2026-02-18,2026,2,Wednesday,Home & Kitchen,14553.78,19260.7275,96303.64,72768.9,23534.74
TXN-100807,2026-04-17 15:58:00,STR-101,CUST-5029,PRD-1045,5,14916.37,0.0,74581.85,Credit Card,In-Store,,2026-04-17,2026,4,Friday,Clothing,8228.67,14916.37,74581.85,41143.35,33438.5
TXN-100808,2026-06-26 13:08:00,STR-113,CUST-5113,PRD-1030,3,3232.14,0.1,8726.78,Cash,Mobile App,,2026-06-26,2026,6,Friday,Home & Kitchen,2100.88,2908.926,8726.78,6302.64,2424.14
TXN-100809,2026-03-19 08:47:00,STR-113,CUST-5030,PRD-1048,3,13710.77,0.05,39075.69,Credit Card,In-Store,,2026-03-19,2026,3,Thursday,Clothing,9822.0,13025.2315,39075.69,29466.0,9609.69
TXN-100810,2026-03-20 10:13:00,STR-102,CUST-5020,PRD-1044,2,2067.7,0.05,3928.63,Net Banking,Mobile App,,2026-03-20,2026,3,Friday,Clothing,1147.24,1964.3149999999998,3928.63,2294.48,1634.15
TXN-100811,2026-01-05 20:30:00,STR-112,CUST-5110,PRD-1048,1,13710.77,0.0,13710.77,UPI,In-Store,,2026-01-05,2026,1,Monday,Clothing,9822.0,13710.77,13710.77,9822.0,3888.77
TXN-100812,2026-06-01 08:30:00,STR-101,CUST-5064,PRD-1006,1,17604.11,0.2,14083.29,UPI,In-Store,,2026-06-01,2026,6,Monday,Clothing,11059.92,14083.288,14083.29,11059.92,3023.37
TXN-100813,2026-02-01 17:13:00,STR-109,CUST-5051,PRD-1019,1,20633.99,0.0,20633.99,Credit Card,Mobile App,,2026-02-01,2026,2,Sunday,Clothing,15169.3,20633.99,20633.99,15169.3,5464.69
TXN-100814,2026-02-07 21:47:00,STR-104,CUST-5148,PRD-1022,1,6988.83,0.0,6988.83,Debit Card,Online,,2026-02-07,2026,2,Saturday,Clothing,4240.29,6988.83,6988.83,4240.29,2748.54
TXN-100815,2026-03-03 16:36:00,STR-101,CUST-5025,PRD-1010,5,24341.31,0.2,97365.24,Cash,In-Store,,2026-03-03,2026,3,Tuesday,Electronics,15506.95,19473.048000000003,97365.24,77534.75,19830.49
TXN-100816,2026-03-14 10:57:00,STR-112,CUST-5137,PRD-1033,2,21120.74,0.05,40129.41,UPI,Mobile App,,2026-03-14,2026,3,Saturday,Home & Kitchen,14082.52,20064.703,40129.41,28165.04,11964.37
TXN-100817,2026-05-02 13:44:00,STR-109,CUST-5047,PRD-1006,2,17604.11,0.2,28166.58,Net Banking,Mobile App,,2026-05-02,2026,5,Saturday,Clothing,11059.92,14083.288,28166.58,22119.84,6046.74
TXN-100818,2026-04-08 14:13:00,STR-108,CUST-5058,PRD-1006,2,17604.11,0.1,31687.4,Net Banking,In-Store,,2026-04-08,2026,4,Wednesday,Clothing,11059.92,15843.699,31687.4,22119.84,9567.56
TXN-100819,2026-04-30 09:33:00,STR-102,CUST-5126,PRD-1048,3,13710.77,0.0,41132.31,Debit Card,Mobile App,,2026-04-30,2026,4,Thursday,Clothing,9822.0,13710.77,41132.31,29466.0,11666.31
TXN-100820,2026-01-22 13:31:00,STR-101,CUST-5098,PRD-1018,5,17272.73,0.0,86363.65,Debit Card,Online,,2026-01-22,2026,1,Thursday,Clothing,12848.42,17272.73,86363.65,64242.1,22121.55
TXN-100821,2026-02-27 16:26:00,STR-104,CUST-5109,PRD-1038,3,18431.47,0.15,47000.25,Credit Card,In-Store,,2026-02-27,2026,2,Friday,Electronics,13596.63,15666.7495,47000.25,40789.89,6210.36
TXN-100822,2026-01-04 18:31:00,STR-110,CUST-5026,PRD-1030,3,3232.14,0.05,9211.6,Net Banking,Online,,2026-01-04,2026,1,Sunday,Home & Kitchen,2100.88,3070.533,9211.6,6302.64,2908.96
TXN-100823,2026-02-06 14:25:00,STR-111,CUST-5151,PRD-1033,1,21120.74,0.0,21120.74,UPI,Mobile App,,2026-02-06,2026,2,Friday,Home & Kitchen,14082.52,21120.74,21120.74,14082.52,7038.22
TXN-100824,2026-02-20 13:12:00,STR-109,CUST-5103,PRD-1010,1,24341.31,0.1,21907.18,UPI,In-Store,,2026-02-20,2026,2,Friday,Electronics,15506.95,21907.179,21907.18,15506.95,6400.23
TXN-100825,2026-05-29 17:17:00,STR-112,CUST-5164,PRD-1027,4,2055.49,0.1,7399.76,Net Banking,Online,,2026-05-29,2026,5,Friday,Sports & Outdoors,1310.93,1849.9409999999998,7399.76,5243.72,2156.04
TXN-100826,2026-05-05 16:17:00,STR-102,CUST-5196,PRD-1030,5,3232.14,0.15,13736.59,Net Banking,In-Store,,2026-05-05,2026,5,Tuesday,Home & Kitchen,2100.88,2747.319,13736.6,10504.4,3232.2
TXN-100827,2026-05-08 11:40:00,STR-102,CUST-5007,PRD-1007,3,23951.68,0.15,61076.78,UPI,Mobile App,,2026-05-08,2026,5,Friday,Clothing,15027.69,20358.928,61076.78,45083.07,15993.71
TXN-100828,2026-06-23 08:11:00,STR-106,CUST-5154,PRD-1003,1,6199.42,0.15,5269.51,Debit Card,In-Store,,2026-06-23,2026,6,Tuesday,Clothing,4268.08,5269.507,5269.51,4268.08,1001.43
TXN-100829,2026-01-25 20:04:00,STR-110,CUST-5192,PRD-1019,5,20633.99,0.2,82535.96,Cash,Online,,2026-01-25,2026,1,Sunday,Clothing,15169.3,16507.192000000003,82535.96,75846.5,6689.46
TXN-100830,2026-06-19 15:31:00,STR-108,CUST-5066,PRD-1029,2,17201.59,0.1,30962.86,Cash,Online,,2026-06-19,2026,6,Friday,Electronics,11585.33,15481.431,30962.86,23170.66,7792.2
TXN-100831,2026-01-09 14:56:00,STR-114,CUST-5030,PRD-1034,5,9660.26,0.0,48301.3,Net Banking,Online,,2026-01-09,2026,1,Friday,Clothing,5672.08,9660.26,48301.3,28360.4,19940.9
TXN-100832,2026-04-28 08:02:00,STR-102,CUST-5142,PRD-1020,4,2120.69,0.15,7210.35,Debit Card,Mobile App,,2026-04-28,2026,4,Tuesday,Home & Kitchen,1611.77,1802.5865,7210.35,6447.08,763.27
TXN-100833,2026-02-04 12:45:00,STR-106,CUST-5124,PRD-1010,4,24341.31,0.15,82760.45,UPI,Mobile App,,2026-02-04,2026,2,Wednesday,Electronics,15506.95,20690.1135,82760.45,62027.8,20732.65
TXN-100834,2026-06-25 16:36:00,STR-107,CUST-5121,PRD-1043,4,22540.44,0.2,72129.41,Cash,In-Store,,2026-06-25,2026,6,Thursday,Beauty & Care,14737.88,18032.352,72129.41,58951.52,13177.89
TXN-100835,2026-03-09 15:37:00,STR-106,CUST-5157,PRD-1032,1,19167.84,0.15,16292.66,Debit Card,Online,,2026-03-09,2026,3,Monday,Sports & Outdoors,12780.48,16292.663999999999,16292.66,12780.48,3512.18
TXN-100836,2026-06-01 08:08:00,STR-113,CUST-5093,PRD-1020,1,2120.69,0.0,2120.69,Debit Card,Mobile App,,2026-06-01,2026,6,Monday,Home & Kitchen,1611.77,2120.69,2120.69,1611.77,508.92
TXN-100837,2026-04-08 09:27:00,STR-105,CUST-5091,PRD-1037,1,1918.22,0.1,1726.4,Net Banking,Online,,2026-04-08,2026,4,Wednesday,Clothing,1442.39,1726.3980000000001,1726.4,1442.39,284.01
TXN-100838,2026-03-02 18:19:00,STR-109,CUST-5021,PRD-1003,2,6199.42,0.05,11778.9,UPI,Online,,2026-03-02,2026,3,Monday,Clothing,4268.08,5889.449,11778.9,8536.16,3242.74
TXN-100839,2026-01-06 16:20:00,STR-100,CUST-5117,PRD-1007,3,23951.68,0.05,68262.29,Net Banking,Mobile App,,2026-01-06,2026,1,Tuesday,Clothing,15027.69,22754.095999999998,68262.29,45083.07,23179.22
TXN-100840,2026-01-06 19:30:00,STR-109,CUST-5005,PRD-1032,4,19167.84,0.1,69004.22,Debit Card,Online,,2026-01-06,2026,1,Tuesday,Sports & Outdoors,12780.48,17251.056,69004.22,51121.92,17882.3
TXN-100841,2026-05-27 09:51:00,STR-107,CUST-5025,PRD-1036,4,22028.56,0.1,79302.82,Credit Card,Online,,2026-05-27,2026,5,Wednesday,Home & Kitchen,16329.4,19825.704,79302.82,65317.6,13985.22
TXN-100842,2026-02-12 17:19:00,STR-105,CUST-5111,PRD-1031,5,23868.44,0.1,107407.98,Credit Card,Online,,2026-02-12,2026,2,Thursday,Electronics,17935.85,21481.595999999998,107407.98,89679.25,17728.73
TXN-100843,2026-02-24 12:16:00,STR-100,CUST-5076,PRD-1040,1,6993.15,0.2,5594.52,Cash,Online,,2026-02-24,2026,2,Tuesday,Clothing,5249.48,5594.52,5594.52,5249.48,345.04
TXN-100844,2026-05-29 09:37:00,STR-105,CUST-5069,PRD-1014,5,7309.63,0.0,36548.15,UPI,Mobile App,,2026-05-29,2026,5,Friday,Beauty & Care,5089.02,7309.63,36548.15,25445.1,11103.05
TXN-100845,2026-02-23 13:50:00,STR-101,CUST-5166,PRD-1033,4,21120.74,0.15,71810.52,Debit Card,Mobile App,,2026-02-23,2026,2,Monday,Home & Kitchen,14082.52,17952.629,71810.52,56330.08,15480.44
TXN-100846,2026-03-22 11:26:00,STR-106,CUST-5064,PRD-1019,4,20633.99,0.2,66028.77,Cash,Mobile App,,2026-03-22,2026,3,Sunday,Clothing,15169.3,16507.192000000003,66028.77,60677.2,5351.57
TXN-100847,2026-01-05 18:45:00,STR-108,CUST-5047,PRD-1029,5,17201.59,0.05,81707.55,Cash,Online,,2026-01-05,2026,1,Monday,Electronics,11585.33,16341.510499999999,81707.55,57926.65,23780.9
TXN-100848,2026-06-13 16:51:00,STR-109,CUST-5196,PRD-1013,4,24637.91,0.1,88696.48,Net Banking,Mobile App,,2026-06-13,2026,6,Saturday,Home & Kitchen,18397.7,22174.119,88696.48,73590.8,15105.68
TXN-100849,2026-02-21 13:29:00,STR-102,CUST-5061,PRD-1046,1,2150.38,0.2,1720.3,Credit Card,Mobile App,,2026-02-21,2026,2,Saturday,Clothing,1198.25,1720.304,1720.3,1198.25,522.05
TXN-100850,2026-04-16 13:55:00,STR-113,CUST-5016,PRD-1043,3,22540.44,0.15,57478.12,Credit Card,Online,,2026-04-16,2026,4,Thursday,Beauty & Care,14737.88,19159.374,57478.12,44213.64,13264.48
TXN-100851,2026-03-07 18:38:00,STR-103,CUST-5103,PRD-1017,3,11824.84,0.05,33700.79,Credit Card,In-Store,,2026-03-07,2026,3,Saturday,Clothing,7237.84,11233.598,33700.79,21713.52,11987.27
TXN-100852,2026-03-04 20:52:00,STR-104,CUST-5118,PRD-1009,2,20274.45,0.0,40548.9,Net Banking,Mobile App,,2026-03-04,2026,3,Wednesday,Home & Kitchen,14553.78,20274.45,40548.9,29107.56,11441.34
TXN-100853,2026-02-21 10:17:00,STR-102,CUST-5007,PRD-1027,4,2055.49,0.0,8221.96,Debit Card,Online,,2026-02-21,2026,2,Saturday,Sports & Outdoors,1310.93,2055.49,8221.96,5243.72,2978.24
TXN-100854,2026-06-14 21:02:00,STR-111,CUST-5124,PRD-1042,5,10274.71,0.05,48804.87,UPI,In-Store,,2026-06-14,2026,6,Sunday,Home & Kitchen,7238.41,9760.974499999998,48804.87,36192.05,12612.82
TXN-100855,2026-03-18 21:04:00,STR-114,CUST-5104,PRD-1005,3,11505.07,0.2,27612.17,Debit Card,Mobile App,,2026-03-18,2026,3,Wednesday,Clothing,7063.93,9204.056,27612.17,21191.79,6420.38
TXN-100856,2026-02-05 11:07:00,STR-109,CUST-5188,PRD-1042,1,10274.71,0.15,8733.5,Cash,In-Store,,2026-02-05,2026,2,Thursday,Home & Kitchen,7238.41,8733.503499999999,8733.5,7238.41,1495.09
TXN-100857,2026-03-06 15:56:00,STR-101,CUST-5060,PRD-1033,5,21120.74,0.2,84482.96,Cash,In-Store,,2026-03-06,2026,3,Friday,Home & Kitchen,14082.52,16896.592,84482.96,70412.6,14070.36
TXN-100858,2026-05-30 19:24:00,STR-112,CUST-5191,PRD-1049,3,12079.91,0.1,32615.76,Credit Card,Online,,2026-05-30,2026,5,Saturday,Sports & Outdoors,8823.92,10871.919,32615.76,26471.76,6144.0
TXN-100859,2026-02-14 11:17:00,STR-107,CUST-5104,PRD-1013,2,24637.91,0.0,49275.82,Debit Card,Mobile App,,2026-02-14,2026,2,Saturday,Home & Kitchen,18397.7,24637.91,49275.82,36795.4,12480.42
TXN-100860,2026-04-06 19:07:00,STR-105,CUST-5139,PRD-1003,4,6199.42,0.2,19838.14,Net Banking,Online,,2026-04-06,2026,4,Monday,Clothing,4268.08,4959.536,19838.14,17072.32,2765.82
TXN-100861,2026-02-07 13:30:00,STR-111,CUST-5094,PRD-1043,2,22540.44,0.1,40572.79,Debit Card,In-Store,,2026-02-07,2026,2,Saturday,Beauty & Care,14737.88,20286.396,40572.79,29475.76,11097.03
TXN-100862,2026-06-19 20:03:00,STR-111,CUST-5171,PRD-1041,5,23258.31,0.0,116291.55,Credit Card,Online,,2026-06-19,2026,6,Friday,Clothing,16832.29,23258.31,116291.55,84161.45,32130.1
TXN-100863,2026-06-13 19:23:00,STR-114,CUST-5175,PRD-1035,4,15173.74,0.1,54625.46,UPI,Mobile App,,2026-06-13,2026,6,Saturday,Electronics,10050.77,13656.366,54625.46,40203.08,14422.38
TXN-100864,2026-01-03 14:59:00,STR-114,CUST-5065,PRD-1015,4,9568.8,0.15,32533.92,Debit Card,In-Store,,2026-01-03,2026,1,Saturday,Clothing,5723.93,8133.48,32533.92,22895.72,9638.2
TXN-100865,2026-02-23 21:56:00,STR-102,CUST-5112,PRD-1048,2,13710.77,0.1,24679.39,Debit Card,Mobile App,,2026-02-23,2026,2,Monday,Clothing,9822.0,12339.693000000001,24679.39,19644.0,5035.39
TXN-100866,2026-01-21 21:49:00,STR-107,CUST-5120,PRD-1026,1,15872.06,0.1,14284.85,Net Banking,Online,,2026-01-21,2026,1,Wednesday,Clothing,11621.18,14284.854,14284.85,11621.18,2663.67
TXN-100867,2026-02-11 19:16:00,STR-108,CUST-5016,PRD-1045,4,14916.37,0.0,59665.48,Debit Card,Online,,2026-02-11,2026,2,Wednesday,Clothing,8228.67,14916.37,59665.48,32914.68,26750.8
TXN-100868,2026-04-27 19:01:00,STR-112,CUST-5013,PRD-1038,5,18431.47,0.1,82941.62,Credit Card,Mobile App,,2026-04-27,2026,4,Monday,Electronics,13596.63,16588.323,82941.62,67983.15,14958.47
TXN-100869,2026-04-13 11:40:00,STR-104,CUST-5080,PRD-1028,2,6658.9,0.0,13317.8,Cash,In-Store,,2026-04-13,2026,4,Monday,Sports & Outdoors,4509.69,6658.9,13317.8,9019.38,4298.42
TXN-100870,2026-05-13 19:49:00,STR-113,CUST-5166,PRD-1007,2,23951.68,0.05,45508.19,Credit Card,Mobile App,,2026-05-13,2026,5,Wednesday,Clothing,15027.69,22754.095999999998,45508.19,30055.38,15452.81
TXN-100871,2026-04-26 15:55:00,STR-111,CUST-5034,PRD-1043,4,22540.44,0.1,81145.58,Debit Card,In-Store,,2026-04-26,2026,4,Sunday,Beauty & Care,14737.88,20286.396,81145.58,58951.52,22194.06
TXN-100872,2026-03-14 11:05:00,STR-106,CUST-5094,PRD-1043,5,22540.44,0.1,101431.98,Credit Card,Online,,2026-03-14,2026,3,Saturday,Beauty & Care,14737.88,20286.396,101431.98,73689.4,27742.58
TXN-100873,2026-01-06 08:59:00,STR-108,CUST-5165,PRD-1024,5,9368.27,0.05,44499.28,Cash,Mobile App,,2026-01-06,2026,1,Tuesday,Beauty & Care,7301.49,8899.8565,44499.28,36507.45,7991.83
TXN-100874,2026-02-20 12:44:00,STR-113,CUST-5043,PRD-1014,1,7309.63,0.15,6213.19,UPI,Online,,2026-02-20,2026,2,Friday,Beauty & Care,5089.02,6213.1855,6213.19,5089.02,1124.17
TXN-100875,2026-03-08 10:05:00,STR-105,CUST-5043,PRD-1039,4,3644.72,0.2,11663.1,Cash,In-Store,,2026-03-08,2026,3,Sunday,Clothing,2403.02,2915.776,11663.1,9612.08,2051.02
TXN-100876,2026-04-27 21:43:00,STR-107,CUST-5030,PRD-1000,5,1111.79,0.15,4725.11,Credit Card,Mobile App,,2026-04-27,2026,4,Monday,Electronics,681.81,945.0215,4725.11,3409.05,1316.06
TXN-100877,2026-03-15 19:31:00,STR-106,CUST-5033,PRD-1013,2,24637.91,0.1,44348.24,Net Banking,In-Store,,2026-03-15,2026,3,Sunday,Home & Kitchen,18397.7,22174.119,44348.24,36795.4,7552.84
TXN-100878,2026-06-23 11:26:00,STR-102,CUST-5104,PRD-1038,2,18431.47,0.1,33176.65,Credit Card,In-Store,,2026-06-23,2026,6,Tuesday,Electronics,13596.63,16588.323,33176.65,27193.26,5983.39
TXN-100879,2026-06-08 15:58:00,STR-103,CUST-5094,PRD-1018,3,17272.73,0.05,49227.28,Cash,Mobile App,,2026-06-08,2026,6,Monday,Clothing,12848.42,16409.0935,49227.28,38545.26,10682.02
TXN-100880,2026-01-03 15:08:00,STR-113,CUST-5082,PRD-1041,4,23258.31,0.0,93033.24,Net Banking,Mobile App,,2026-01-03,2026,1,Saturday,Clothing,16832.29,23258.31,93033.24,67329.16,25704.08
TXN-100881,2026-06-02 12:04:00,STR-101,CUST-5142,PRD-1013,4,24637.91,0.15,83768.89,UPI,In-Store,,2026-06-02,2026,6,Tuesday,Home & Kitchen,18397.7,20942.2235,83768.89,73590.8,10178.09
TXN-100882,2026-04-01 17:42:00,STR-112,CUST-5153,PRD-1021,2,5708.56,0.15,9704.55,UPI,In-Store,,2026-04-01,2026,4,Wednesday,Home & Kitchen,3795.18,4852.276,9704.55,7590.36,2114.19
TXN-100883,2026-04-08 12:25:00,STR-110,CUST-5094,PRD-1016,5,15423.32,0.2,61693.28,Credit Card,Mobile App,,2026-04-08,2026,4,Wednesday,Electronics,9089.92,12338.656,61693.28,45449.6,16243.68
TXN-100884,2026-03-08 10:32:00,STR-107,CUST-5086,PRD-1002,5,14966.66,0.05,71091.63,Net Banking,In-Store,,2026-03-08,2026,3,Sunday,Electronics,8341.07,14218.327,71091.63,41705.35,29386.28
TXN-100885,2026-04-21 10:16:00,STR-101,CUST-5080,PRD-1005,3,11505.07,0.2,27612.17,UPI,In-Store,,2026-04-21,2026,4,Tuesday,Clothing,7063.93,9204.056,27612.17,21191.79,6420.38
TXN-100886,2026-04-21 12:57:00,STR-114,CUST-5067,PRD-1031,3,23868.44,0.1,64444.79,Cash,Online,,2026-04-21,2026,4,Tuesday,Electronics,17935.85,21481.595999999998,64444.79,53807.55,10637.24
TXN-100887,2026-02-12 13:47:00,STR-107,CUST-5195,PRD-1033,3,21120.74,0.15,53857.89,Credit Card,Mobile App,,2026-02-12,2026,2,Thursday,Home & Kitchen,14082.52,17952.629,53857.89,42247.56,11610.33
TXN-100888,2026-02-18 10:03:00,STR-103,CUST-5046,PRD-1042,4,10274.71,0.0,41098.84,UPI,Online,,2026-02-18,2026,2,Wednesday,Home & Kitchen,7238.41,10274.71,41098.84,28953.64,12145.2
TXN-100889,2026-04-22 09:57:00,STR-114,CUST-5126,PRD-1016,2,15423.32,0.15,26219.64,UPI,Online,,2026-04-22,2026,4,Wednesday,Electronics,9089.92,13109.822,26219.64,18179.84,8039.8
TXN-100890,2026-04-28 15:07:00,STR-113,CUST-5184,PRD-1022,5,6988.83,0.15,29702.53,Credit Card,In-Store,,2026-04-28,2026,4,Tuesday,Clothing,4240.29,5940.5055,29702.53,21201.45,8501.08
TXN-100891,2026-03-14 10:53:00,STR-102,CUST-5191,PRD-1022,1,6988.83,0.05,6639.39,Cash,Online,,2026-03-14,2026,3,Saturday,Clothing,4240.29,6639.3885,6639.39,4240.29,2399.1
TXN-100892,2026-05-30 08:33:00,STR-112,CUST-5146,PRD-1036,5,22028.56,0.05,104635.66,Credit Card,Online,,2026-05-30,2026,5,Saturday,Home & Kitchen,16329.4,20927.132,104635.66,81647.0,22988.66
TXN-100893,2026-06-23 09:56:00,STR-105,CUST-5006,PRD-1004,2,18042.2,0.15,30671.74,Debit Card,Mobile App,,2026-06-23,2026,6,Tuesday,Clothing,12833.5,15335.87,30671.74,25667.0,5004.74
TXN-100894,2026-04-06 17:59:00,STR-101,CUST-5082,PRD-1043,1,22540.44,0.15,19159.37,Credit Card,In-Store,,2026-04-06,2026,4,Monday,Beauty & Care,14737.88,19159.374,19159.37,14737.88,4421.49
TXN-100895,2026-04-27 18:17:00,STR-109,CUST-5168,PRD-1005,4,11505.07,0.15,39117.24,UPI,Online,,2026-04-27,2026,4,Monday,Clothing,7063.93,9779.3095,39117.24,28255.72,10861.52
TXN-100896,2026-03-25 19:46:00,STR-114,CUST-5145,PRD-1002,5,14966.66,0.15,63608.31,Credit Card,In-Store,,2026-03-25,2026,3,Wednesday,Electronics,8341.07,12721.661,63608.3,41705.35,21902.95
TXN-100897,2026-01-15 19:04:00,STR-108,CUST-5154,PRD-1003,3,6199.42,0.1,16738.43,Net Banking,In-Store,,2026-01-15,2026,1,Thursday,Clothing,4268.08,5579.478,16738.43,12804.24,3934.19
TXN-100898,2026-03-03 20:55:00,STR-106,CUST-5022,PRD-1025,3,12590.63,0.05,35883.3,UPI,In-Store,,2026-03-03,2026,3,Tuesday,Sports & Outdoors,9113.47,11961.098499999998,35883.3,27340.41,8542.89
TXN-100899,2026-03-14 18:48:00,STR-110,CUST-5039,PRD-1010,4,24341.31,0.15,82760.45,UPI,Online,,2026-03-14,2026,3,Saturday,Electronics,15506.95,20690.1135,82760.45,62027.8,20732.65
TXN-100900,2026-06-25 17:08:00,STR-105,CUST-5170,PRD-1031,4,23868.44,0.1,85926.38,UPI,Online,,2026-06-25,2026,6,Thursday,Electronics,17935.85,21481.595999999998,85926.38,71743.4,14182.98
TXN-100901,2026-04-25 14:30:00,STR-104,CUST-5144,PRD-1032,2,19167.84,0.15,32585.33,Cash,Online,,2026-04-25,2026,4,Saturday,Sports & Outdoors,12780.48,16292.663999999999,32585.33,25560.96,7024.37
TXN-100902,2026-06-07 10:27:00,STR-110,CUST-5109,PRD-1005,4,11505.07,0.1,41418.25,UPI,In-Store,,2026-06-07,2026,6,Sunday,Clothing,7063.93,10354.563,41418.25,28255.72,13162.53
TXN-100903,2026-06-23 11:41:00,STR-110,CUST-5182,PRD-1032,3,19167.84,0.15,48877.99,Credit Card,Online,,2026-06-23,2026,6,Tuesday,Sports & Outdoors,12780.48,16292.663999999999,48877.99,38341.44,10536.55
TXN-100904,2026-03-16 15:27:00,STR-101,CUST-5122,PRD-1033,5,21120.74,0.0,105603.7,Debit Card,In-Store,,2026-03-16,2026,3,Monday,Home & Kitchen,14082.52,21120.74,105603.7,70412.6,35191.1
TXN-100905,2026-05-14 14:18:00,STR-109,CUST-5012,PRD-1008,3,2868.65,0.05,8175.65,Cash,In-Store,,2026-05-14,2026,5,Thursday,Beauty & Care,2136.93,2725.2174999999997,8175.65,6410.79,1764.86
TXN-100906,2026-05-11 14:26:00,STR-101,CUST-5118,PRD-1002,5,14966.66,0.0,74833.3,Cash,Online,,2026-05-11,2026,5,Monday,Electronics,8341.07,14966.66,74833.3,41705.35,33127.95
TXN-100907,2026-01-21 20:32:00,STR-100,CUST-5029,PRD-1022,3,6988.83,0.2,16773.19,Net Banking,In-Store,,2026-01-21,2026,1,Wednesday,Clothing,4240.29,5591.064,16773.19,12720.87,4052.32
TXN-100908,2026-01-22 14:56:00,STR-111,CUST-5076,PRD-1011,4,20820.24,0.0,83280.96,Debit Card,Mobile App,,2026-01-22,2026,1,Thursday,Home & Kitchen,14413.01,20820.24,83280.96,57652.04,25628.92
TXN-100909,2026-06-09 20:16:00,STR-105,CUST-5047,PRD-1046,4,2150.38,0.15,7311.29,Credit Card,In-Store,,2026-06-09,2026,6,Tuesday,Clothing,1198.25,1827.823,7311.29,4793.0,2518.29
TXN-100910,2026-06-22 09:27:00,STR-108,CUST-5004,PRD-1005,5,11505.07,0.1,51772.82,UPI,Online,,2026-06-22,2026,6,Monday,Clothing,7063.93,10354.563,51772.82,35319.65,16453.17
TXN-100911,2026-06-17 15:29:00,STR-111,CUST-5103,PRD-1007,1,23951.68,0.05,22754.1,Cash,Mobile App,,2026-06-17,2026,6,Wednesday,Clothing,15027.69,22754.095999999998,22754.1,15027.69,7726.41
TXN-100912,2026-06-07 13:44:00,STR-110,CUST-5176,PRD-1031,3,23868.44,0.2,57284.26,Net Banking,Online,,2026-06-07,2026,6,Sunday,Electronics,17935.85,19094.752,57284.26,53807.55,3476.71
TXN-100913,2026-01-04 11:07:00,STR-113,CUST-5004,PRD-1005,2,11505.07,0.05,21859.63,Credit Card,In-Store,,2026-01-04,2026,1,Sunday,Clothing,7063.93,10929.816499999999,21859.63,14127.86,7731.77
TXN-100914,2026-06-16 11:27:00,STR-113,CUST-5160,PRD-1013,4,24637.91,0.05,93624.06,Cash,In-Store,,2026-06-16,2026,6,Tuesday,Home & Kitchen,18397.7,23406.014499999997,93624.06,73590.8,20033.26
TXN-100915,2026-02-07 15:27:00,STR-100,CUST-5029,PRD-1005,3,11505.07,0.15,29337.93,Credit Card,In-Store,,2026-02-07,2026,2,Saturday,Clothing,7063.93,9779.3095,29337.93,21191.79,8146.14
TXN-100916,2026-05-01 08:55:00,STR-107,CUST-5149,PRD-1047,4,13096.34,0.15,44527.56,Credit Card,In-Store,,2026-05-01,2026,5,Friday,Electronics,8041.8,11131.889,44527.56,32167.2,12360.36
TXN-100917,2026-01-14 13:00:00,STR-101,CUST-5161,PRD-1018,5,17272.73,0.15,73409.1,Net Banking,Online,,2026-01-14,2026,1,Wednesday,Clothing,12848.42,14681.8205,73409.1,64242.1,9167.0
TXN-100918,2026-05-22 12:02:00,STR-107,CUST-5102,PRD-1031,5,23868.44,0.2,95473.76,Net Banking,Mobile App,,2026-05-22,2026,5,Friday,Electronics,17935.85,19094.752,95473.76,89679.25,5794.51
TXN-100919,2026-03-01 19:03:00,STR-108,CUST-5004,PRD-1037,5,1918.22,0.15,8152.44,Net Banking,Mobile App,,2026-03-01,2026,3,Sunday,Clothing,1442.39,1630.487,8152.44,7211.95,940.49
TXN-100920,2026-03-10 18:26:00,STR-114,CUST-5121,PRD-1020,5,2120.69,0.0,10603.45,UPI,Online,,2026-03-10,2026,3,Tuesday,Home & Kitchen,1611.77,2120.69,10603.45,8058.85,2544.6
TXN-100921,2026-06-28 14:01:00,STR-102,CUST-5073,PRD-1039,3,3644.72,0.15,9294.04,Credit Card,Online,,2026-06-28,2026,6,Sunday,Clothing,2403.02,3098.0119999999997,9294.04,7209.06,2084.98
TXN-100922,2026-05-10 11:37:00,STR-114,CUST-5175,PRD-1022,4,6988.83,0.05,26557.55,Debit Card,Mobile App,,2026-05-10,2026,5,Sunday,Clothing,4240.29,6639.3885,26557.55,16961.16,9596.39
TXN-100923,2026-03-17 19:45:00,STR-106,CUST-5106,PRD-1045,4,14916.37,0.05,56682.21,Debit Card,Online,,2026-03-17,2026,3,Tuesday,Clothing,8228.67,14170.5515,56682.21,32914.68,23767.53
TXN-100924,2026-03-14 19:47:00,STR-101,CUST-5170,PRD-1010,5,24341.31,0.05,115621.22,Net Banking,In-Store,,2026-03-14,2026,3,Saturday,Electronics,15506.95,23124.2445,115621.22,77534.75,38086.47
TXN-100925,2026-06-05 15:06:00,STR-112,CUST-5106,PRD-1011,2,20820.24,0.05,39558.46,Net Banking,Online,,2026-06-05,2026,6,Friday,Home & Kitchen,14413.01,19779.228,39558.46,28826.02,10732.44
TXN-100926,2026-01-13 08:22:00,STR-114,CUST-5066,PRD-1015,2,9568.8,0.2,15310.08,Debit Card,Mobile App,,2026-01-13,2026,1,Tuesday,Clothing,5723.93,7655.04,15310.08,11447.86,3862.22
TXN-100927,2026-01-09 20:04:00,STR-105,CUST-5110,PRD-1010,2,24341.31,0.2,38946.1,UPI,Mobile App,,2026-01-09,2026,1,Friday,Electronics,15506.95,19473.048000000003,38946.1,31013.9,7932.2
TXN-100928,2026-02-27 15:16:00,STR-105,CUST-5090,PRD-1014,1,7309.63,0.2,5847.7,UPI,Mobile App,,2026-02-27,2026,2,Friday,Beauty & Care,5089.02,5847.704000000001,5847.7,5089.02,758.68
TXN-100929,2026-06-04 18:06:00,STR-111,CUST-5012,PRD-1017,2,11824.84,0.2,18919.74,Net Banking,Online,,2026-06-04,2026,6,Thursday,Clothing,7237.84,9459.872000000001,18919.74,14475.68,4444.06
TXN-100930,2026-06-06 17:50:00,STR-113,CUST-5026,PRD-1048,1,13710.77,0.0,13710.77,Cash,In-Store,,2026-06-06,2026,6,Saturday,Clothing,9822.0,13710.77,13710.77,9822.0,3888.77
TXN-100931,2026-06-11 09:55:00,STR-103,CUST-5092,PRD-1032,1,19167.84,0.05,18209.45,Credit Card,Mobile App,,2026-06-11,2026,6,Thursday,Sports & Outdoors,12780.48,18209.448,18209.45,12780.48,5428.97
TXN-100932,2026-05-08 19:55:00,STR-101,CUST-5039,PRD-1018,4,17272.73,0.2,55272.74,Debit Card,Online,,2026-05-08,2026,5,Friday,Clothing,12848.42,13818.184000000001,55272.74,51393.68,3879.06
TXN-100933,2026-04-23 14:49:00,STR-112,CUST-5001,PRD-1008,1,2868.65,0.05,2725.22,Credit Card,Online,,2026-04-23,2026,4,Thursday,Beauty & Care,2136.93,2725.2174999999997,2725.22,2136.93,588.29
TXN-100934,2026-02-13 09:17:00,STR-105,CUST-5183,PRD-1021,3,5708.56,0.2,13700.54,Net Banking,Online,,2026-02-13,2026,2,Friday,Home & Kitchen,3795.18,4566.848000000001,13700.54,11385.54,2315.0
TXN-100935,2026-05-16 14:50:00,STR-103,CUST-5035,PRD-1040,2,6993.15,0.05,13286.98,Net Banking,Online,,2026-05-16,2026,5,Saturday,Clothing,5249.48,6643.492499999999,13286.98,10498.96,2788.02
TXN-100936,2026-06-24 13:01:00,STR-107,CUST-5037,PRD-1026,4,15872.06,0.2,50790.59,UPI,Mobile App,,2026-06-24,2026,6,Wednesday,Clothing,11621.18,12697.648000000001,50790.59,46484.72,4305.87
TXN-100937,2026-03-28 13:25:00,STR-112,CUST-5042,PRD-1033,1,21120.74,0.0,21120.74,Net Banking,In-Store,,2026-03-28,2026,3,Saturday,Home & Kitchen,14082.52,21120.74,21120.74,14082.52,7038.22
TXN-100938,2026-05-28 08:40:00,STR-111,CUST-5169,PRD-1025,1,12590.63,0.05,11961.1,Cash,Online,,2026-05-28,2026,5,Thursday,Sports & Outdoors,9113.47,11961.098499999998,11961.1,9113.47,2847.63
TXN-100939,2026-03-19 19:47:00,STR-105,CUST-5088,PRD-1026,4,15872.06,0.2,50790.59,UPI,Online,,2026-03-19,2026,3,Thursday,Clothing,11621.18,12697.648000000001,50790.59,46484.72,4305.87
TXN-100940,2026-06-29 14:28:00,STR-110,CUST-5052,PRD-1033,5,21120.74,0.05,100323.51,Cash,Mobile App,,2026-06-29,2026,6,Monday,Home & Kitchen,14082.52,20064.703,100323.52,70412.6,29910.92
TXN-100941,2026-06-16 14:49:00,STR-103,CUST-5077,PRD-1039,4,3644.72,0.1,13120.99,UPI,In-Store,,2026-06-16,2026,6,Tuesday,Clothing,2403.02,3280.248,13120.99,9612.08,3508.91
TXN-100942,2026-02-02 16:34:00,STR-104,CUST-5054,PRD-1034,3,9660.26,0.15,24633.66,UPI,Mobile App,,2026-02-02,2026,2,Monday,Clothing,5672.08,8211.221,24633.66,17016.24,7617.42
TXN-100943,2026-03-29 20:40:00,STR-102,CUST-5005,PRD-1035,3,15173.74,0.2,36416.98,UPI,Mobile App,,2026-03-29,2026,3,Sunday,Electronics,10050.77,12138.992,36416.98,30152.31,6264.67
TXN-100944,2026-03-19 19:27:00,STR-108,CUST-5028,PRD-1037,3,1918.22,0.05,5466.93,UPI,Online,,2026-03-19,2026,3,Thursday,Clothing,1442.39,1822.309,5466.93,4327.17,1139.76
TXN-100945,2026-02-01 08:48:00,STR-110,CUST-5031,PRD-1016,5,15423.32,0.1,69404.94,Net Banking,Online,,2026-02-01,2026,2,Sunday,Electronics,9089.92,13880.988,69404.94,45449.6,23955.34
TXN-100946,2026-03-28 11:51:00,STR-111,CUST-5148,PRD-1036,1,22028.56,0.15,18724.28,Cash,Mobile App,,2026-03-28,2026,3,Saturday,Home & Kitchen,16329.4,18724.276,18724.28,16329.4,2394.88
TXN-100947,2026-03-01 13:19:00,STR-104,CUST-5170,PRD-1040,5,6993.15,0.2,27972.6,Cash,Mobile App,,2026-03-01,2026,3,Sunday,Clothing,5249.48,5594.52,27972.6,26247.4,1725.2
TXN-100948,2026-03-05 09:20:00,STR-108,CUST-5149,PRD-1008,4,2868.65,0.2,9179.68,Credit Card,Online,,2026-03-05,2026,3,Thursday,Beauty & Care,2136.93,2294.92,9179.68,8547.72,631.96
TXN-100949,2026-04-19 21:26:00,STR-101,CUST-5023,PRD-1029,1,17201.59,0.05,16341.51,UPI,Online,,2026-04-19,2026,4,Sunday,Electronics,11585.33,16341.510499999999,16341.51,11585.33,4756.18
TXN-100950,2026-04-25 09:23:00,STR-110,CUST-5134,PRD-1008,4,2868.65,0.05,10900.87,Net Banking,Mobile App,,2026-04-25,2026,4,Saturday,Beauty & Care,2136.93,2725.2174999999997,10900.87,8547.72,2353.15
TXN-100951,2026-03-09 17:31:00,STR-110,CUST-5108,PRD-1035,5,15173.74,0.15,64488.39,Net Banking,Mobile App,,2026-03-09,2026,3,Monday,Electronics,10050.77,12897.679,64488.4,50253.85,14234.55
TXN-100952,2026-02-06 16:08:00,STR-107,CUST-5182,PRD-1031,4,23868.44,0.05,90700.07,Net Banking,In-Store,,2026-02-06,2026,2,Friday,Electronics,17935.85,22675.017999999996,90700.07,71743.4,18956.67
TXN-100953,2026-01-31 19:13:00,STR-107,CUST-5121,PRD-1045,5,14916.37,0.2,59665.48,UPI,Mobile App,,2026-01-31,2026,1,Saturday,Clothing,8228.67,11933.096000000001,59665.48,41143.35,18522.13
TXN-100954,2026-01-31 17:54:00,STR-106,CUST-5028,PRD-1010,5,24341.31,0.1,109535.9,UPI,Online,,2026-01-31,2026,1,Saturday,Electronics,15506.95,21907.179,109535.9,77534.75,32001.15
TXN-100955,2026-05-14 10:07:00,STR-105,CUST-5078,PRD-1036,3,22028.56,0.0,66085.68,Debit Card,Online,,2026-05-14,2026,5,Thursday,Home & Kitchen,16329.4,22028.56,66085.68,48988.2,17097.48
TXN-100956,2026-02-06 10:50:00,STR-109,CUST-5107,PRD-1018,4,17272.73,0.0,69090.92,UPI,Online,,2026-02-06,2026,2,Friday,Clothing,12848.42,17272.73,69090.92,51393.68,17697.24
TXN-100957,2026-05-06 08:07:00,STR-108,CUST-5089,PRD-1018,2,17272.73,0.05,32818.19,UPI,In-Store,,2026-05-06,2026,5,Wednesday,Clothing,12848.42,16409.0935,32818.19,25696.84,7121.35
TXN-100958,2026-03-21 17:28:00,STR-114,CUST-5086,PRD-1026,4,15872.06,0.2,50790.59,Net Banking,Online,,2026-03-21,2026,3,Saturday,Clothing,11621.18,12697.648000000001,50790.59,46484.72,4305.87
TXN-100959,2026-02-05 16:40:00,STR-107,CUST-5194,PRD-1046,5,2150.38,0.05,10214.31,Net Banking,Mobile App,,2026-02-05,2026,2,Thursday,Clothing,1198.25,2042.861,10214.3,5991.25,4223.05
TXN-100960,2026-01-23 20:39:00,STR-110,CUST-5159,PRD-1028,2,6658.9,0.1,11986.02,Net Banking,Online,,2026-01-23,2026,1,Friday,Sports & Outdoors,4509.69,5993.01,11986.02,9019.38,2966.64
TXN-100961,2026-05-19 08:42:00,STR-114,CUST-5113,PRD-1014,4,7309.63,0.1,26314.67,Debit Card,Mobile App,,2026-05-19,2026,5,Tuesday,Beauty & Care,5089.02,6578.667,26314.67,20356.08,5958.59
TXN-100962,2026-05-27 18:50:00,STR-112,CUST-5181,PRD-1005,2,11505.07,0.0,23010.14,Debit Card,Mobile App,,2026-05-27,2026,5,Wednesday,Clothing,7063.93,11505.07,23010.14,14127.86,8882.28
TXN-100963,2026-01-22 11:39:00,STR-108,CUST-5147,PRD-1041,1,23258.31,0.2,18606.65,UPI,Mobile App,,2026-01-22,2026,1,Thursday,Clothing,16832.29,18606.648,18606.65,16832.29,1774.36
TXN-100964,2026-05-09 08:07:00,STR-110,CUST-5136,PRD-1033,2,21120.74,0.15,35905.26,Credit Card,In-Store,,2026-05-09,2026,5,Saturday,Home & Kitchen,14082.52,17952.629,35905.26,28165.04,7740.22
TXN-100965,2026-06-30 21:56:00,STR-109,CUST-5113,PRD-1017,2,11824.84,0.05,22467.2,UPI,Mobile App,,2026-06-30,2026,6,Tuesday,Clothing,7237.84,11233.598,22467.2,14475.68,7991.52
TXN-100966,2026-05-31 08:31:00,STR-113,CUST-5005,PRD-1038,3,18431.47,0.15,47000.25,Debit Card,Online,,2026-05-31,2026,5,Sunday,Electronics,13596.63,15666.7495,47000.25,40789.89,6210.36
TXN-100967,2026-05-16 13:24:00,STR-104,CUST-5023,PRD-1011,4,20820.24,0.0,83280.96,UPI,In-Store,,2026-05-16,2026,5,Saturday,Home & Kitchen,14413.01,20820.24,83280.96,57652.04,25628.92
TXN-100968,2026-02-06 10:16:00,STR-112,CUST-5022,PRD-1034,2,9660.26,0.1,17388.47,Credit Card,Online,,2026-02-06,2026,2,Friday,Clothing,5672.08,8694.234,17388.47,11344.16,6044.31
TXN-100969,2026-06-07 13:11:00,STR-100,CUST-5182,PRD-1026,2,15872.06,0.0,31744.12,UPI,Online,,2026-06-07,2026,6,Sunday,Clothing,11621.18,15872.06,31744.12,23242.36,8501.76
TXN-100970,2026-02-06 14:57:00,STR-105,CUST-5066,PRD-1024,1,9368.27,0.1,8431.44,Net Banking,In-Store,,2026-02-06,2026,2,Friday,Beauty & Care,7301.49,8431.443000000001,8431.44,7301.49,1129.95
TXN-100971,2026-06-02 17:15:00,STR-107,CUST-5130,PRD-1003,2,6199.42,0.05,11778.9,Cash,Online,,2026-06-02,2026,6,Tuesday,Clothing,4268.08,5889.449,11778.9,8536.16,3242.74
TXN-100972,2026-03-23 15:35:00,STR-106,CUST-5016,PRD-1007,3,23951.68,0.0,71855.04,Net Banking,In-Store,,2026-03-23,2026,3,Monday,Clothing,15027.69,23951.68,71855.04,45083.07,26771.97
TXN-100973,2026-03-10 16:37:00,STR-110,CUST-5025,PRD-1026,2,15872.06,0.0,31744.12,Credit Card,Mobile App,,2026-03-10,2026,3,Tuesday,Clothing,11621.18,15872.06,31744.12,23242.36,8501.76
TXN-100974,2026-05-26 14:28:00,STR-101,CUST-5162,PRD-1041,2,23258.31,0.1,41864.96,Cash,In-Store,,2026-05-26,2026,5,Tuesday,Clothing,16832.29,20932.479000000003,41864.96,33664.58,8200.38
TXN-100975,2026-02-13 20:15:00,STR-108,CUST-5108,PRD-1009,3,20274.45,0.2,48658.68,Cash,Online,,2026-02-13,2026,2,Friday,Home & Kitchen,14553.78,16219.560000000001,48658.68,43661.34,4997.34
TXN-100976,2026-06-08 12:41:00,STR-102,CUST-5000,PRD-1002,1,14966.66,0.15,12721.66,UPI,Online,,2026-06-08,2026,6,Monday,Electronics,8341.07,12721.661,12721.66,8341.07,4380.59
TXN-100977,2026-06-24 14:22:00,STR-113,CUST-5161,PRD-1017,5,11824.84,0.1,53211.78,Credit Card,Mobile App,,2026-06-24,2026,6,Wednesday,Clothing,7237.84,10642.356,53211.78,36189.2,17022.58
TXN-100978,2026-02-11 19:34:00,STR-109,CUST-5017,PRD-1032,3,19167.84,0.0,57503.52,Debit Card,In-Store,,2026-02-11,2026,2,Wednesday,Sports & Outdoors,12780.48,19167.84,57503.52,38341.44,19162.08
TXN-100979,2026-05-23 12:56:00,STR-106,CUST-5053,PRD-1025,1,12590.63,0.05,11961.1,Cash,Mobile App,,2026-05-23,2026,5,Saturday,Sports & Outdoors,9113.47,11961.098499999998,11961.1,9113.47,2847.63
TXN-100980,2026-04-26 12:15:00,STR-110,CUST-5082,PRD-1020,3,2120.69,0.1,5725.86,Debit Card,In-Store,,2026-04-26,2026,4,Sunday,Home & Kitchen,1611.77,1908.621,5725.86,4835.31,890.55
TXN-100981,2026-01-05 19:08:00,STR-110,CUST-5000,PRD-1029,5,17201.59,0.1,77407.15,Cash,Online,,2026-01-05,2026,1,Monday,Electronics,11585.33,15481.431,77407.16,57926.65,19480.51
TXN-100982,2026-04-16 16:57:00,STR-111,CUST-5180,PRD-1000,1,1111.79,0.05,1056.2,Net Banking,Online,,2026-04-16,2026,4,Thursday,Electronics,681.81,1056.2005,1056.2,681.81,374.39
TXN-100983,2026-05-18 08:57:00,STR-113,CUST-5171,PRD-1034,1,9660.26,0.0,9660.26,Net Banking,Mobile App,,2026-05-18,2026,5,Monday,Clothing,5672.08,9660.26,9660.26,5672.08,3988.18
TXN-100984,2026-06-03 13:24:00,STR-102,CUST-5196,PRD-1007,3,23951.68,0.15,61076.78,UPI,In-Store,,2026-06-03,2026,6,Wednesday,Clothing,15027.69,20358.928,61076.78,45083.07,15993.71
TXN-100985,2026-04-24 08:14:00,STR-111,CUST-5005,PRD-1029,3,17201.59,0.05,49024.53,Debit Card,Mobile App,,2026-04-24,2026,4,Friday,Electronics,11585.33,16341.510499999999,49024.53,34755.99,14268.54
TXN-100986,2026-01-24 21:39:00,STR-110,CUST-5077,PRD-1045,3,14916.37,0.05,42511.65,Credit Card,In-Store,,2026-01-24,2026,1,Saturday,Clothing,8228.67,14170.5515,42511.65,24686.01,17825.64
TXN-100987,2026-03-13 15:57:00,STR-111,CUST-5180,PRD-1031,3,23868.44,0.0,71605.32,Cash,In-Store,,2026-03-13,2026,3,Friday,Electronics,17935.85,23868.44,71605.32,53807.55,17797.77
TXN-100988,2026-01-29 21:17:00,STR-109,CUST-5128,PRD-1000,2,1111.79,0.15,1890.04,Net Banking,In-Store,,2026-01-29,2026,1,Thursday,Electronics,681.81,945.0215,1890.04,1363.62,526.42
TXN-100989,2026-06-22 18:38:00,STR-109,CUST-5044,PRD-1035,2,15173.74,0.2,24277.98,UPI,Mobile App,,2026-06-22,2026,6,Monday,Electronics,10050.77,12138.992,24277.98,20101.54,4176.44
TXN-100990,2026-03-08 17:54:00,STR-103,CUST-5133,PRD-1008,1,2868.65,0.05,2725.22,Debit Card,In-Store,,2026-03-08,2026,3,Sunday,Beauty & Care,2136.93,2725.2174999999997,2725.22,2136.93,588.29
TXN-100991,2026-06-07 12:43:00,STR-108,CUST-5116,PRD-1043,1,22540.44,0.2,18032.35,UPI,Online,,2026-06-07,2026,6,Sunday,Beauty & Care,14737.88,18032.352,18032.35,14737.88,3294.47
TXN-100992,2026-04-21 21:26:00,STR-104,CUST-5031,PRD-1041,1,23258.31,0.1,20932.48,Cash,Online,,2026-04-21,2026,4,Tuesday,Clothing,16832.29,20932.479000000003,20932.48,16832.29,4100.19
TXN-100993,2026-01-12 19:14:00,STR-100,CUST-5071,PRD-1031,3,23868.44,0.2,57284.26,Net Banking,Mobile App,,2026-01-12,2026,1,Monday,Electronics,17935.85,19094.752,57284.26,53807.55,3476.71
TXN-100994,2026-04-11 11:21:00,STR-101,CUST-5146,PRD-1028,3,6658.9,0.0,19976.7,UPI,Mobile App,,2026-04-11,2026,4,Saturday,Sports & Outdoors,4509.69,6658.9,19976.7,13529.07,6447.63
TXN-100995,2026-03-05 11:10:00,STR-105,CUST-5079,PRD-1014,4,7309.63,0.0,29238.52,UPI,Mobile App,,2026-03-05,2026,3,Thursday,Beauty & Care,5089.02,7309.63,29238.52,20356.08,8882.44
TXN-100996,2026-05-03 14:51:00,STR-100,CUST-5151,PRD-1040,1,6993.15,0.0,6993.15,Debit Card,Online,,2026-05-03,2026,5,Sunday,Clothing,5249.48,6993.15,6993.15,5249.48,1743.67
TXN-100997,2026-03-03 13:53:00,STR-100,CUST-5085,PRD-1015,1,9568.8,0.15,8133.48,Cash,In-Store,,2026-03-03,2026,3,Tuesday,Clothing,5723.93,8133.48,8133.48,5723.93,2409.55
TXN-100998,2026-04-23 20:06:00,STR-110,CUST-5114,PRD-1004,5,18042.2,0.2,72168.8,Cash,In-Store,,2026-04-23,2026,4,Thursday,Clothing,12833.5,14433.760000000002,72168.8,64167.5,8001.3
TXN-100999,2026-04-07 13:56:00,STR-113,CUST-5177,PRD-1005,1,11505.07,0.0,11505.07,UPI,In-Store,,2026-04-07,2026,4,Tuesday,Clothing,7063.93,11505.07,11505.07,7063.93,4441.14
TXN-101000,2026-03-19 17:40:00,STR-106,CUST-5016,PRD-1003,4,6199.42,0.0,24797.68,UPI,Mobile App,,2026-03-19,2026,3,Thursday,Clothing,4268.08,6199.42,24797.68,17072.32,7725.36
TXN-101001,2026-03-17 21:24:00,STR-106,CUST-5024,PRD-1003,5,6199.42,0.0,30997.1,Cash,Online,,2026-03-17,2026,3,Tuesday,Clothing,4268.08,6199.42,30997.1,21340.4,9656.7
TXN-101002,2026-01-03 15:24:00,STR-107,CUST-5109,PRD-1014,5,7309.63,0.2,29238.52,Cash,Mobile App,,2026-01-03,2026,1,Saturday,Beauty & Care,5089.02,5847.704000000001,29238.52,25445.1,3793.42
TXN-101003,2026-04-27 16:21:00,STR-109,CUST-5049,PRD-1006,3,17604.11,0.0,52812.33,UPI,In-Store,,2026-04-27,2026,4,Monday,Clothing,11059.92,17604.11,52812.33,33179.76,19632.57
TXN-101004,2026-06-01 20:53:00,STR-103,CUST-5146,PRD-1000,5,1111.79,0.0,5558.95,Credit Card,Mobile App,,2026-06-01,2026,6,Monday,Electronics,681.81,1111.79,5558.95,3409.05,2149.9
TXN-101005,2026-04-18 15:46:00,STR-109,CUST-5113,PRD-1032,3,19167.84,0.1,51753.17,Credit Card,In-Store,,2026-04-18,2026,4,Saturday,Sports & Outdoors,12780.48,17251.056,51753.17,38341.44,13411.73
TXN-101006,2026-02-02 12:37:00,STR-106,CUST-5131,PRD-1008,1,2868.65,0.0,2868.65,Debit Card,Online,,2026-02-02,2026,2,Monday,Beauty & Care,2136.93,2868.65,2868.65,2136.93,731.72
TXN-101007,2026-02-07 15:19:00,STR-109,CUST-5087,PRD-1037,5,1918.22,0.05,9111.55,Debit Card,Online,,2026-02-07,2026,2,Saturday,Clothing,1442.39,1822.309,9111.54,7211.95,1899.59
TXN-101008,2026-06-18 18:09:00,STR-100,CUST-5060,PRD-1000,5,1111.79,0.2,4447.16,Cash,Mobile App,,2026-06-18,2026,6,Thursday,Electronics,681.81,889.432,4447.16,3409.05,1038.11
TXN-101009,2026-02-20 11:40:00,STR-114,CUST-5051,PRD-1003,4,6199.42,0.1,22317.91,UPI,Online,,2026-02-20,2026,2,Friday,Clothing,4268.08,5579.478,22317.91,17072.32,5245.59
TXN-101010,2026-06-03 19:21:00,STR-113,CUST-5148,PRD-1012,4,5210.26,0.15,17714.88,Cash,Online,,2026-06-03,2026,6,Wednesday,Sports & Outdoors,2949.0,4428.7210000000005,17714.88,11796.0,5918.88
TXN-101011,2026-03-26 10:06:00,STR-107,CUST-5010,PRD-1039,3,3644.72,0.15,9294.04,Net Banking,In-Store,,2026-03-26,2026,3,Thursday,Clothing,2403.02,3098.0119999999997,9294.04,7209.06,2084.98
TXN-101012,2026-04-30 17:13:00,STR-103,CUST-5123,PRD-1000,2,1111.79,0.05,2112.4,Debit Card,Mobile App,,2026-04-30,2026,4,Thursday,Electronics,681.81,1056.2005,2112.4,1363.62,748.78
TXN-101013,2026-02-17 21:00:00,STR-105,CUST-5002,PRD-1024,2,9368.27,0.15,15926.06,UPI,Online,,2026-02-17,2026,2,Tuesday,Beauty & Care,7301.49,7963.029500000001,15926.06,14602.98,1323.08
TXN-101014,2026-02-06 12:28:00,STR-103,CUST-5161,PRD-1001,5,18543.28,0.0,92716.4,Cash,Online,,2026-02-06,2026,2,Friday,Clothing,13084.9,18543.28,92716.4,65424.5,27291.9
TXN-101015,2026-02-20 12:11:00,STR-103,CUST-5067,PRD-1002,1,14966.66,0.05,14218.33,Credit Card,Online,,2026-02-20,2026,2,Friday,Electronics,8341.07,14218.327,14218.33,8341.07,5877.26
TXN-101016,2026-02-20 08:11:00,STR-113,CUST-5067,PRD-1035,2,15173.74,0.05,28830.11,UPI,In-Store,,2026-02-20,2026,2,Friday,Electronics,10050.77,14415.053,28830.11,20101.54,8728.57
TXN-101017,2026-06-17 20:56:00,STR-101,CUST-5086,PRD-1043,2,22540.44,0.15,38318.75,Credit Card,Online,,2026-06-17,2026,6,Wednesday,Beauty & Care,14737.88,19159.374,38318.75,29475.76,8842.99
TXN-101018,2026-04-06 18:10:00,STR-108,CUST-5159,PRD-1029,2,17201.59,0.1,30962.86,Net Banking,Mobile App,,2026-04-06,2026,4,Monday,Electronics,11585.33,15481.431,30962.86,23170.66,7792.2
TXN-101019,2026-02-03 20:12:00,STR-103,CUST-5136,PRD-1004,1,18042.2,0.05,17140.09,Net Banking,Mobile App,,2026-02-03,2026,2,Tuesday,Clothing,12833.5,17140.09,17140.09,12833.5,4306.59
TXN-101020,2026-04-20 18:15:00,STR-114,CUST-5011,PRD-1023,3,6936.43,0.2,16647.43,Cash,Mobile App,,2026-04-20,2026,4,Monday,Sports & Outdoors,4747.67,5549.144,16647.43,14243.01,2404.42
TXN-101021,2026-02-08 13:15:00,STR-100,CUST-5161,PRD-1012,5,5210.26,0.1,23446.17,Debit Card,In-Store,,2026-02-08,2026,2,Sunday,Sports & Outdoors,2949.0,4689.234,23446.17,14745.0,8701.17
TXN-101022,2026-02-23 19:05:00,STR-112,CUST-5120,PRD-1032,5,19167.84,0.15,81463.32,Cash,In-Store,,2026-02-23,2026,2,Monday,Sports & Outdoors,12780.48,16292.663999999999,81463.32,63902.4,17560.92
TXN-101023,2026-06-15 20:32:00,STR-105,CUST-5127,PRD-1010,5,24341.31,0.15,103450.57,Cash,Online,,2026-06-15,2026,6,Monday,Electronics,15506.95,20690.1135,103450.57,77534.75,25915.82
TXN-101024,2026-05-15 19:30:00,STR-111,CUST-5126,PRD-1011,3,20820.24,0.1,56214.65,Net Banking,Online,,2026-05-15,2026,5,Friday,Home & Kitchen,14413.01,18738.216,56214.65,43239.03,12975.62
TXN-101025,2026-06-16 08:13:00,STR-103,CUST-5051,PRD-1037,4,1918.22,0.2,6138.3,Net Banking,In-Store,,2026-06-16,2026,6,Tuesday,Clothing,1442.39,1534.576,6138.3,5769.56,368.74
TXN-101026,2026-04-19 14:36:00,STR-102,CUST-5095,PRD-1025,2,12590.63,0.1,22663.13,Debit Card,Mobile App,,2026-04-19,2026,4,Sunday,Sports & Outdoors,9113.47,11331.567,22663.13,18226.94,4436.19
TXN-101027,2026-03-17 15:33:00,STR-105,CUST-5058,PRD-1005,2,11505.07,0.0,23010.14,Cash,In-Store,,2026-03-17,2026,3,Tuesday,Clothing,7063.93,11505.07,23010.14,14127.86,8882.28
TXN-101028,2026-03-28 14:28:00,STR-107,CUST-5110,PRD-1029,5,17201.59,0.2,68806.36,Net Banking,Online,,2026-03-28,2026,3,Saturday,Electronics,11585.33,13761.272,68806.36,57926.65,10879.71
TXN-101029,2026-04-08 08:11:00,STR-107,CUST-5059,PRD-1031,3,23868.44,0.1,64444.79,Debit Card,Mobile App,,2026-04-08,2026,4,Wednesday,Electronics,17935.85,21481.595999999998,64444.79,53807.55,10637.24
TXN-101030,2026-03-17 21:32:00,STR-108,CUST-5139,PRD-1004,3,18042.2,0.0,54126.6,UPI,Online,,2026-03-17,2026,3,Tuesday,Clothing,12833.5,18042.2,54126.6,38500.5,15626.1
TXN-101031,2026-01-19 13:02:00,STR-108,CUST-5051,PRD-1014,1,7309.63,0.0,7309.63,Debit Card,In-Store,,2026-01-19,2026,1,Monday,Beauty & Care,5089.02,7309.63,7309.63,5089.02,2220.61
TXN-101032,2026-03-19 19:52:00,STR-112,CUST-5174,PRD-1043,3,22540.44,0.1,60859.19,Debit Card,In-Store,,2026-03-19,2026,3,Thursday,Beauty & Care,14737.88,20286.396,60859.19,44213.64,16645.55
TXN-101033,2026-05-20 12:00:00,STR-112,CUST-5076,PRD-1045,5,14916.37,0.05,70852.76,Debit Card,Online,,2026-05-20,2026,5,Wednesday,Clothing,8228.67,14170.5515,70852.76,41143.35,29709.41
TXN-101034,2026-06-17 08:30:00,STR-110,CUST-5131,PRD-1025,4,12590.63,0.2,40290.02,Credit Card,Online,,2026-06-17,2026,6,Wednesday,Sports & Outdoors,9113.47,10072.504,40290.02,36453.88,3836.14
TXN-101035,2026-05-02 11:33:00,STR-109,CUST-5141,PRD-1014,2,7309.63,0.05,13888.3,Net Banking,Mobile App,,2026-05-02,2026,5,Saturday,Beauty & Care,5089.02,6944.148499999999,13888.3,10178.04,3710.26
TXN-101036,2026-03-22 21:12:00,STR-106,CUST-5197,PRD-1029,3,17201.59,0.0,51604.77,Net Banking,In-Store,,2026-03-22,2026,3,Sunday,Electronics,11585.33,17201.59,51604.77,34755.99,16848.78
TXN-101037,2026-01-08 13:08:00,STR-109,CUST-5032,PRD-1028,4,6658.9,0.2,21308.48,Debit Card,Mobile App,,2026-01-08,2026,1,Thursday,Sports & Outdoors,4509.69,5327.12,21308.48,18038.76,3269.72
TXN-101038,2026-03-28 11:26:00,STR-106,CUST-5175,PRD-1000,4,1111.79,0.1,4002.44,Net Banking,Mobile App,,2026-03-28,2026,3,Saturday,Electronics,681.81,1000.611,4002.44,2727.24,1275.2
TXN-101039,2026-05-31 08:36:00,STR-112,CUST-5008,PRD-1034,3,9660.26,0.1,26082.7,Credit Card,In-Store,,2026-05-31,2026,5,Sunday,Clothing,5672.08,8694.234,26082.7,17016.24,9066.46
TXN-101040,2026-06-05 17:55:00,STR-106,CUST-5097,PRD-1021,5,5708.56,0.2,22834.24,Credit Card,Online,,2026-06-05,2026,6,Friday,Home & Kitchen,3795.18,4566.848000000001,22834.24,18975.9,3858.34
TXN-101041,2026-02-18 15:06:00,STR-105,CUST-5145,PRD-1004,5,18042.2,0.15,76679.35,Net Banking,Mobile App,,2026-02-18,2026,2,Wednesday,Clothing,12833.5,15335.87,76679.35,64167.5,12511.85
TXN-101042,2026-01-27 18:35:00,STR-102,CUST-5008,PRD-1019,1,20633.99,0.05,19602.29,Cash,Online,,2026-01-27,2026,1,Tuesday,Clothing,15169.3,19602.2905,19602.29,15169.3,4432.99
TXN-101043,2026-01-18 14:18:00,STR-103,CUST-5059,PRD-1001,2,18543.28,0.05,35232.23,Debit Card,Mobile App,,2026-01-18,2026,1,Sunday,Clothing,13084.9,17616.115999999998,35232.23,26169.8,9062.43
TXN-101044,2026-01-15 13:33:00,STR-100,CUST-5043,PRD-1033,1,21120.74,0.15,17952.63,Debit Card,Online,,2026-01-15,2026,1,Thursday,Home & Kitchen,14082.52,17952.629,17952.63,14082.52,3870.11
TXN-101045,2026-02-03 16:26:00,STR-107,CUST-5190,PRD-1025,2,12590.63,0.0,25181.26,UPI,Online,,2026-02-03,2026,2,Tuesday,Sports & Outdoors,9113.47,12590.63,25181.26,18226.94,6954.32
TXN-101046,2026-03-21 14:52:00,STR-111,CUST-5170,PRD-1013,2,24637.91,0.05,46812.03,Net Banking,In-Store,,2026-03-21,2026,3,Saturday,Home & Kitchen,18397.7,23406.014499999997,46812.03,36795.4,10016.63
TXN-101047,2026-05-31 11:32:00,STR-111,CUST-5175,PRD-1038,5,18431.47,0.1,82941.62,Net Banking,Online,,2026-05-31,2026,5,Sunday,Electronics,13596.63,16588.323,82941.62,67983.15,14958.47
TXN-101048,2026-04-25 09:52:00,STR-106,CUST-5154,PRD-1012,1,5210.26,0.05,4949.75,Credit Card,Mobile App,,2026-04-25,2026,4,Saturday,Sports & Outdoors,2949.0,4949.747,4949.75,2949.0,2000.75
TXN-101049,2026-04-28 15:36:00,STR-100,CUST-5188,PRD-1021,5,5708.56,0.15,24261.38,UPI,Online,,2026-04-28,2026,4,Tuesday,Home & Kitchen,3795.18,4852.276,24261.38,18975.9,5285.48
TXN-101050,2026-06-29 21:45:00,STR-112,CUST-5076,PRD-1041,4,23258.31,0.1,83729.92,Net Banking,Mobile App,,2026-06-29,2026,6,Monday,Clothing,16832.29,20932.479000000003,83729.92,67329.16,16400.76
TXN-101051,2026-02-15 17:46:00,STR-106,CUST-5117,PRD-1011,4,20820.24,0.05,79116.91,Net Banking,Mobile App,,2026-02-15,2026,2,Sunday,Home & Kitchen,14413.01,19779.228,79116.91,57652.04,21464.87
TXN-101052,2026-04-11 19:02:00,STR-103,CUST-5040,PRD-1011,5,20820.24,0.0,104101.2,Debit Card,Mobile App,,2026-04-11,2026,4,Saturday,Home & Kitchen,14413.01,20820.24,104101.2,72065.05,32036.15
TXN-101053,2026-06-28 19:46:00,STR-114,CUST-5055,PRD-1034,3,9660.26,0.0,28980.78,Net Banking,Online,,2026-06-28,2026,6,Sunday,Clothing,5672.08,9660.26,28980.78,17016.24,11964.54
TXN-101054,2026-04-05 09:48:00,STR-101,CUST-5129,PRD-1048,5,13710.77,0.0,68553.85,Debit Card,Online,,2026-04-05,2026,4,Sunday,Clothing,9822.0,13710.77,68553.85,49110.0,19443.85
TXN-101055,2026-02-23 16:02:00,STR-107,CUST-5006,PRD-1028,2,6658.9,0.1,11986.02,UPI,Mobile App,,2026-02-23,2026,2,Monday,Sports & Outdoors,4509.69,5993.01,11986.02,9019.38,2966.64
TXN-101056,2026-03-29 19:25:00,STR-113,CUST-5049,PRD-1044,4,2067.7,0.15,7030.18,Net Banking,In-Store,,2026-03-29,2026,3,Sunday,Clothing,1147.24,1757.5449999999998,7030.18,4588.96,2441.22
TXN-101057,2026-02-04 13:42:00,STR-111,CUST-5118,PRD-1000,3,1111.79,0.0,3335.37,Net Banking,Online,,2026-02-04,2026,2,Wednesday,Electronics,681.81,1111.79,3335.37,2045.43,1289.94
TXN-101058,2026-06-18 11:45:00,STR-107,CUST-5035,PRD-1004,1,18042.2,0.2,14433.76,Net Banking,Online,,2026-06-18,2026,6,Thursday,Clothing,12833.5,14433.760000000002,14433.76,12833.5,1600.26
TXN-101059,2026-06-05 09:11:00,STR-104,CUST-5031,PRD-1010,2,24341.31,0.0,48682.62,Cash,Mobile App,,2026-06-05,2026,6,Friday,Electronics,15506.95,24341.31,48682.62,31013.9,17668.72
TXN-101060,2026-06-21 20:00:00,STR-110,CUST-5069,PRD-1025,2,12590.63,0.0,25181.26,Credit Card,Online,,2026-06-21,2026,6,Sunday,Sports & Outdoors,9113.47,12590.63,25181.26,18226.94,6954.32
TXN-101061,2026-01-09 18:34:00,STR-103,CUST-5113,PRD-1022,2,6988.83,0.05,13278.78,UPI,Mobile App,,2026-01-09,2026,1,Friday,Clothing,4240.29,6639.3885,13278.78,8480.58,4798.2
TXN-101062,2026-06-26 12:28:00,STR-100,CUST-5153,PRD-1033,1,21120.74,0.15,17952.63,UPI,In-Store,,2026-06-26,2026,6,Friday,Home & Kitchen,14082.52,17952.629,17952.63,14082.52,3870.11
TXN-101063,2026-03-05 13:58:00,STR-103,CUST-5051,PRD-1049,4,12079.91,0.05,45903.66,UPI,In-Store,,2026-03-05,2026,3,Thursday,Sports & Outdoors,8823.92,11475.914499999999,45903.66,35295.68,10607.98
TXN-101064,2026-03-28 21:12:00,STR-110,CUST-5171,PRD-1026,1,15872.06,0.0,15872.06,UPI,In-Store,,2026-03-28,2026,3,Saturday,Clothing,11621.18,15872.06,15872.06,11621.18,4250.88
TXN-101065,2026-01-12 14:32:00,STR-101,CUST-5083,PRD-1006,2,17604.11,0.05,33447.81,Debit Card,Mobile App,,2026-01-12,2026,1,Monday,Clothing,11059.92,16723.9045,33447.81,22119.84,11327.97
TXN-101066,2026-02-23 16:25:00,STR-106,CUST-5030,PRD-1040,2,6993.15,0.2,11189.04,Credit Card,In-Store,,2026-02-23,2026,2,Monday,Clothing,5249.48,5594.52,11189.04,10498.96,690.08
TXN-101067,2026-02-14 08:25:00,STR-110,CUST-5080,PRD-1006,3,17604.11,0.1,47531.1,UPI,Online,,2026-02-14,2026,2,Saturday,Clothing,11059.92,15843.699,47531.1,33179.76,14351.34
TXN-101068,2026-01-17 18:52:00,STR-104,CUST-5166,PRD-1013,4,24637.91,0.05,93624.06,Cash,Online,,2026-01-17,2026,1,Saturday,Home & Kitchen,18397.7,23406.014499999997,93624.06,73590.8,20033.26
TXN-101069,2026-04-16 12:49:00,STR-109,CUST-5127,PRD-1002,1,14966.66,0.05,14218.33,UPI,Mobile App,,2026-04-16,2026,4,Thursday,Electronics,8341.07,14218.327,14218.33,8341.07,5877.26
TXN-101070,2026-03-06 09:38:00,STR-105,CUST-5161,PRD-1034,5,9660.26,0.05,45886.24,Net Banking,Mobile App,,2026-03-06,2026,3,Friday,Clothing,5672.08,9177.247,45886.24,28360.4,17525.84
TXN-101071,2026-02-14 18:48:00,STR-114,CUST-5176,PRD-1049,2,12079.91,0.1,21743.84,Debit Card,Mobile App,,2026-02-14,2026,2,Saturday,Sports & Outdoors,8823.92,10871.919,21743.84,17647.84,4096.0
TXN-101072,2026-01-05 17:58:00,STR-109,CUST-5114,PRD-1030,1,3232.14,0.1,2908.93,Net Banking,Mobile App,,2026-01-05,2026,1,Monday,Home & Kitchen,2100.88,2908.926,2908.93,2100.88,808.05
TXN-101073,2026-05-31 19:00:00,STR-103,CUST-5005,PRD-1040,2,6993.15,0.2,11189.04,Cash,In-Store,,2026-05-31,2026,5,Sunday,Clothing,5249.48,5594.52,11189.04,10498.96,690.08
TXN-101074,2026-03-04 17:05:00,STR-100,CUST-5035,PRD-1019,2,20633.99,0.15,35077.78,Debit Card,Online,,2026-03-04,2026,3,Wednesday,Clothing,15169.3,17538.8915,35077.78,30338.6,4739.18
TXN-101075,2026-04-07 11:41:00,STR-100,CUST-5060,PRD-1018,2,17272.73,0.05,32818.19,Cash,Online,,2026-04-07,2026,4,Tuesday,Clothing,12848.42,16409.0935,32818.19,25696.84,7121.35
TXN-101076,2026-03-13 13:41:00,STR-112,CUST-5194,PRD-1047,3,13096.34,0.05,37324.57,UPI,Mobile App,,2026-03-13,2026,3,Friday,Electronics,8041.8,12441.523,37324.57,24125.4,13199.17
TXN-101077,2026-02-28 21:46:00,STR-105,CUST-5087,PRD-1026,3,15872.06,0.0,47616.18,Credit Card,In-Store,,2026-02-28,2026,2,Saturday,Clothing,11621.18,15872.06,47616.18,34863.54,12752.64
TXN-101078,2026-06-25 19:46:00,STR-103,CUST-5155,PRD-1034,1,9660.26,0.05,9177.25,Net Banking,Mobile App,,2026-06-25,2026,6,Thursday,Clothing,5672.08,9177.247,9177.25,5672.08,3505.17
TXN-101079,2026-06-11 08:04:00,STR-113,CUST-5125,PRD-1020,2,2120.69,0.15,3605.17,UPI,In-Store,,2026-06-11,2026,6,Thursday,Home & Kitchen,1611.77,1802.5865,3605.17,3223.54,381.63
TXN-101080,2026-02-02 09:11:00,STR-109,CUST-5140,PRD-1003,2,6199.42,0.05,11778.9,Credit Card,In-Store,,2026-02-02,2026,2,Monday,Clothing,4268.08,5889.449,11778.9,8536.16,3242.74
TXN-101081,2026-04-30 12:10:00,STR-111,CUST-5050,PRD-1032,1,19167.84,0.15,16292.66,Credit Card,Online,,2026-04-30,2026,4,Thursday,Sports & Outdoors,12780.48,16292.663999999999,16292.66,12780.48,3512.18
TXN-101082,2026-03-19 12:36:00,STR-107,CUST-5162,PRD-1011,5,20820.24,0.05,98896.14,Credit Card,Online,,2026-03-19,2026,3,Thursday,Home & Kitchen,14413.01,19779.228,98896.14,72065.05,26831.09
TXN-101083,2026-04-12 14:10:00,STR-107,CUST-5112,PRD-1030,1,3232.14,0.1,2908.93,Net Banking,Mobile App,,2026-04-12,2026,4,Sunday,Home & Kitchen,2100.88,2908.926,2908.93,2100.88,808.05
TXN-101084,2026-05-04 08:48:00,STR-106,CUST-5109,PRD-1039,4,3644.72,0.05,13849.94,UPI,Online,,2026-05-04,2026,5,Monday,Clothing,2403.02,3462.4839999999995,13849.94,9612.08,4237.86
TXN-101085,2026-05-22 19:11:00,STR-104,CUST-5097,PRD-1038,5,18431.47,0.05,87549.48,Net Banking,Online,,2026-05-22,2026,5,Friday,Electronics,13596.63,17509.8965,87549.48,67983.15,19566.33
TXN-101086,2026-05-24 17:30:00,STR-101,CUST-5085,PRD-1029,3,17201.59,0.15,43864.05,Credit Card,Mobile App,,2026-05-24,2026,5,Sunday,Electronics,11585.33,14621.351499999999,43864.05,34755.99,9108.06
TXN-101087,2026-02-18 08:00:00,STR-113,CUST-5128,PRD-1030,2,3232.14,0.05,6141.07,Debit Card,Online,,2026-02-18,2026,2,Wednesday,Home & Kitchen,2100.88,3070.533,6141.07,4201.76,1939.31
TXN-101088,2026-04-06 14:31:00,STR-104,CUST-5164,PRD-1025,4,12590.63,0.15,42808.14,Cash,In-Store,,2026-04-06,2026,4,Monday,Sports & Outdoors,9113.47,10702.035499999998,42808.14,36453.88,6354.26
TXN-101089,2026-04-09 17:10:00,STR-103,CUST-5195,PRD-1026,1,15872.06,0.0,15872.06,Net Banking,Online,,2026-04-09,2026,4,Thursday,Clothing,11621.18,15872.06,15872.06,11621.18,4250.88
TXN-101090,2026-05-06 18:44:00,STR-105,CUST-5178,PRD-1049,3,12079.91,0.2,28991.78,UPI,Mobile App,,2026-05-06,2026,5,Wednesday,Sports & Outdoors,8823.92,9663.928,28991.78,26471.76,2520.02
TXN-101091,2026-03-04 15:02:00,STR-114,CUST-5092,PRD-1024,4,9368.27,0.05,35599.43,UPI,Mobile App,,2026-03-04,2026,3,Wednesday,Beauty & Care,7301.49,8899.8565,35599.43,29205.96,6393.47
TXN-101092,2026-06-04 15:43:00,STR-102,CUST-5065,PRD-1042,2,10274.71,0.1,18494.48,Credit Card,Mobile App,,2026-06-04,2026,6,Thursday,Home & Kitchen,7238.41,9247.239,18494.48,14476.82,4017.66
TXN-101093,2026-01-30 20:05:00,STR-110,CUST-5182,PRD-1037,2,1918.22,0.0,3836.44,Net Banking,Online,,2026-01-30,2026,1,Friday,Clothing,1442.39,1918.22,3836.44,2884.78,951.66
TXN-101094,2026-05-13 11:56:00,STR-106,CUST-5042,PRD-1045,5,14916.37,0.0,74581.85,Net Banking,Online,,2026-05-13,2026,5,Wednesday,Clothing,8228.67,14916.37,74581.85,41143.35,33438.5
TXN-101095,2026-05-17 18:56:00,STR-106,CUST-5150,PRD-1044,3,2067.7,0.2,4962.48,Debit Card,Mobile App,,2026-05-17,2026,5,Sunday,Clothing,1147.24,1654.1599999999999,4962.48,3441.72,1520.76
TXN-101096,2026-06-12 17:49:00,STR-112,CUST-5088,PRD-1026,1,15872.06,0.0,15872.06,Credit Card,Online,,2026-06-12,2026,6,Friday,Clothing,11621.18,15872.06,15872.06,11621.18,4250.88
TXN-101097,2026-06-28 12:00:00,STR-102,CUST-5125,PRD-1047,2,13096.34,0.15,22263.78,UPI,In-Store,,2026-06-28,2026,6,Sunday,Electronics,8041.8,11131.889,22263.78,16083.6,6180.18
TXN-101098,2026-04-17 18:18:00,STR-111,CUST-5110,PRD-1004,4,18042.2,0.2,57735.04,Credit Card,In-Store,,2026-04-17,2026,4,Friday,Clothing,12833.5,14433.760000000002,57735.04,51334.0,6401.04
TXN-101099,2026-02-20 15:11:00,STR-108,CUST-5028,PRD-1023,2,6936.43,0.05,13179.22,Net Banking,Mobile App,,2026-02-20,2026,2,Friday,Sports & Outdoors,4747.67,6589.6085,13179.22,9495.34,3683.88
TXN-101100,2026-01-16 19:11:00,STR-112,CUST-5194,PRD-1013,2,24637.91,0.05,46812.03,Credit Card,Online,,2026-01-16,2026,1,Friday,Home & Kitchen,18397.7,23406.014499999997,46812.03,36795.4,10016.63
TXN-101101,2026-01-28 21:40:00,STR-102,CUST-5020,PRD-1026,4,15872.06,0.2,50790.59,Debit Card,In-Store,,2026-01-28,2026,1,Wednesday,Clothing,11621.18,12697.648000000001,50790.59,46484.72,4305.87
TXN-101102,2026-01-17 13:01:00,STR-109,CUST-5060,PRD-1024,1,9368.27,0.1,8431.44,Net Banking,Online,,2026-01-17,2026,1,Saturday,Beauty & Care,7301.49,8431.443000000001,8431.44,7301.49,1129.95
TXN-101103,2026-01-16 12:48:00,STR-100,CUST-5170,PRD-1043,1,22540.44,0.0,22540.44,Cash,In-Store,,2026-01-16,2026,1,Friday,Beauty & Care,14737.88,22540.44,22540.44,14737.88,7802.56
TXN-101104,2026-01-02 14:38:00,STR-108,CUST-5194,PRD-1006,2,17604.11,0.2,28166.58,Debit Card,Online,,2026-01-02,2026,1,Friday,Clothing,11059.92,14083.288,28166.58,22119.84,6046.74
TXN-101105,2026-04-20 13:23:00,STR-110,CUST-5087,PRD-1030,3,3232.14,0.2,7757.14,Debit Card,In-Store,,2026-04-20,2026,4,Monday,Home & Kitchen,2100.88,2585.712,7757.14,6302.64,1454.5
TXN-101106,2026-06-06 08:22:00,STR-113,CUST-5084,PRD-1023,4,6936.43,0.15,23583.86,UPI,In-Store,,2026-06-06,2026,6,Saturday,Sports & Outdoors,4747.67,5895.9655,23583.86,18990.68,4593.18
TXN-101107,2026-01-07 17:07:00,STR-113,CUST-5135,PRD-1029,4,17201.59,0.05,65366.04,Debit Card,Mobile App,,2026-01-07,2026,1,Wednesday,Electronics,11585.33,16341.510499999999,65366.04,46341.32,19024.72
TXN-101108,2026-04-26 17:43:00,STR-110,CUST-5121,PRD-1048,2,13710.77,0.1,24679.39,Cash,Online,,2026-04-26,2026,4,Sunday,Clothing,9822.0,12339.693000000001,24679.39,19644.0,5035.39
TXN-101109,2026-06-13 21:20:00,STR-100,CUST-5162,PRD-1042,2,10274.71,0.0,20549.42,Debit Card,In-Store,,2026-06-13,2026,6,Saturday,Home & Kitchen,7238.41,10274.71,20549.42,14476.82,6072.6
TXN-101110,2026-03-01 17:31:00,STR-106,CUST-5189,PRD-1047,3,13096.34,0.15,33395.67,Cash,In-Store,,2026-03-01,2026,3,Sunday,Electronics,8041.8,11131.889,33395.67,24125.4,9270.27
TXN-101111,2026-06-18 21:44:00,STR-114,CUST-5025,PRD-1022,4,6988.83,0.15,23762.02,Net Banking,Online,,2026-06-18,2026,6,Thursday,Clothing,4240.29,5940.5055,23762.02,16961.16,6800.86
TXN-101112,2026-05-14 17:50:00,STR-113,CUST-5183,PRD-1038,2,18431.47,0.05,35019.79,Cash,In-Store,,2026-05-14,2026,5,Thursday,Electronics,13596.63,17509.8965,35019.79,27193.26,7826.53
TXN-101113,2026-03-19 21:43:00,STR-108,CUST-5119,PRD-1008,4,2868.65,0.0,11474.6,Credit Card,Online,,2026-03-19,2026,3,Thursday,Beauty & Care,2136.93,2868.65,11474.6,8547.72,2926.88
TXN-101114,2026-03-03 11:13:00,STR-102,CUST-5192,PRD-1007,4,23951.68,0.2,76645.38,UPI,In-Store,,2026-03-03,2026,3,Tuesday,Clothing,15027.69,19161.344,76645.38,60110.76,16534.62
TXN-101115,2026-03-25 14:49:00,STR-104,CUST-5056,PRD-1027,1,2055.49,0.05,1952.72,Debit Card,Mobile App,,2026-03-25,2026,3,Wednesday,Sports & Outdoors,1310.93,1952.7154999999998,1952.72,1310.93,641.79
TXN-101116,2026-05-17 18:46:00,STR-107,CUST-5023,PRD-1030,1,3232.14,0.05,3070.53,Debit Card,In-Store,,2026-05-17,2026,5,Sunday,Home & Kitchen,2100.88,3070.533,3070.53,2100.88,969.65
TXN-101117,2026-06-14 13:24:00,STR-114,CUST-5183,PRD-1036,5,22028.56,0.0,110142.8,Net Banking,Mobile App,,2026-06-14,2026,6,Sunday,Home & Kitchen,16329.4,22028.56,110142.8,81647.0,28495.8
TXN-101118,2026-03-01 11:16:00,STR-101,CUST-5074,PRD-1041,5,23258.31,0.15,98847.82,UPI,In-Store,,2026-03-01,2026,3,Sunday,Clothing,16832.29,19769.5635,98847.82,84161.45,14686.37
TXN-101119,2026-02-18 19:07:00,STR-109,CUST-5094,PRD-1005,3,11505.07,0.2,27612.17,Credit Card,Online,,2026-02-18,2026,2,Wednesday,Clothing,7063.93,9204.056,27612.17,21191.79,6420.38
TXN-101120,2026-03-21 08:37:00,STR-108,CUST-5048,PRD-1024,5,9368.27,0.0,46841.35,Net Banking,Online,,2026-03-21,2026,3,Saturday,Beauty & Care,7301.49,9368.27,46841.35,36507.45,10333.9
TXN-101121,2026-05-14 18:38:00,STR-109,CUST-5056,PRD-1020,3,2120.69,0.05,6043.97,UPI,Online,,2026-05-14,2026,5,Thursday,Home & Kitchen,1611.77,2014.6554999999998,6043.97,4835.31,1208.66
TXN-101122,2026-03-22 10:52:00,STR-104,CUST-5056,PRD-1000,5,1111.79,0.15,4725.11,Net Banking,Mobile App,,2026-03-22,2026,3,Sunday,Electronics,681.81,945.0215,4725.11,3409.05,1316.06
TXN-101123,2026-03-14 10:47:00,STR-110,CUST-5179,PRD-1029,2,17201.59,0.2,27522.54,UPI,Mobile App,,2026-03-14,2026,3,Saturday,Electronics,11585.33,13761.272,27522.54,23170.66,4351.88
TXN-101124,2026-06-26 09:17:00,STR-113,CUST-5180,PRD-1020,3,2120.69,0.2,5089.66,Cash,Online,,2026-06-26,2026,6,Friday,Home & Kitchen,1611.77,1696.5520000000001,5089.66,4835.31,254.35
TXN-101125,2026-03-16 19:24:00,STR-100,CUST-5085,PRD-1040,2,6993.15,0.15,11888.35,Credit Card,Mobile App,,2026-03-16,2026,3,Monday,Clothing,5249.48,5944.1775,11888.36,10498.96,1389.4
TXN-101126,2026-02-15 21:31:00,STR-111,CUST-5100,PRD-1013,2,24637.91,0.0,49275.82,Debit Card,Mobile App,,2026-02-15,2026,2,Sunday,Home & Kitchen,18397.7,24637.91,49275.82,36795.4,12480.42
TXN-101127,2026-04-11 13:27:00,STR-110,CUST-5121,PRD-1010,1,24341.31,0.2,19473.05,Debit Card,Online,,2026-04-11,2026,4,Saturday,Electronics,15506.95,19473.048000000003,19473.05,15506.95,3966.1
TXN-101128,2026-03-14 12:44:00,STR-114,CUST-5049,PRD-1025,1,12590.63,0.2,10072.5,Cash,Online,,2026-03-14,2026,3,Saturday,Sports & Outdoors,9113.47,10072.504,10072.5,9113.47,959.03
TXN-101129,2026-05-29 21:51:00,STR-100,CUST-5181,PRD-1006,2,17604.11,0.1,31687.4,Debit Card,Online,,2026-05-29,2026,5,Friday,Clothing,11059.92,15843.699,31687.4,22119.84,9567.56
TXN-101130,2026-02-05 15:44:00,STR-107,CUST-5074,PRD-1041,2,23258.31,0.2,37213.3,Credit Card,In-Store,,2026-02-05,2026,2,Thursday,Clothing,16832.29,18606.648,37213.3,33664.58,3548.72
TXN-101131,2026-04-03 19:54:00,STR-109,CUST-5026,PRD-1013,2,24637.91,0.0,49275.82,Credit Card,Online,,2026-04-03,2026,4,Friday,Home & Kitchen,18397.7,24637.91,49275.82,36795.4,12480.42
TXN-101132,2026-01-25 13:30:00,STR-102,CUST-5013,PRD-1027,2,2055.49,0.0,4110.98,UPI,Mobile App,,2026-01-25,2026,1,Sunday,Sports & Outdoors,1310.93,2055.49,4110.98,2621.86,1489.12
TXN-101133,2026-04-22 10:40:00,STR-111,CUST-5103,PRD-1041,3,23258.31,0.2,55819.94,Credit Card,In-Store,,2026-04-22,2026,4,Wednesday,Clothing,16832.29,18606.648,55819.94,50496.87,5323.07
TXN-101134,2026-05-06 12:44:00,STR-109,CUST-5044,PRD-1007,2,23951.68,0.15,40717.86,Net Banking,Mobile App,,2026-05-06,2026,5,Wednesday,Clothing,15027.69,20358.928,40717.86,30055.38,10662.48
TXN-101135,2026-06-16 14:17:00,STR-110,CUST-5167,PRD-1042,1,10274.71,0.15,8733.5,Net Banking,Online,,2026-06-16,2026,6,Tuesday,Home & Kitchen,7238.41,8733.503499999999,8733.5,7238.41,1495.09
TXN-101136,2026-01-22 09:31:00,STR-110,CUST-5171,PRD-1000,1,1111.79,0.0,1111.79,Cash,In-Store,,2026-01-22,2026,1,Thursday,Electronics,681.81,1111.79,1111.79,681.81,429.98
TXN-101137,2026-05-27 15:17:00,STR-111,CUST-5190,PRD-1001,5,18543.28,0.2,74173.12,UPI,Mobile App,,2026-05-27,2026,5,Wednesday,Clothing,13084.9,14834.624,74173.12,65424.5,8748.62
TXN-101138,2026-06-15 19:27:00,STR-104,CUST-5146,PRD-1011,4,20820.24,0.15,70788.82,Credit Card,In-Store,,2026-06-15,2026,6,Monday,Home & Kitchen,14413.01,17697.204,70788.82,57652.04,13136.78
TXN-101139,2026-02-17 14:52:00,STR-111,CUST-5005,PRD-1020,1,2120.69,0.2,1696.55,Net Banking,Mobile App,,2026-02-17,2026,2,Tuesday,Home & Kitchen,1611.77,1696.5520000000001,1696.55,1611.77,84.78
TXN-101140,2026-01-17 16:53:00,STR-109,CUST-5137,PRD-1034,5,9660.26,0.15,41056.11,UPI,In-Store,,2026-01-17,2026,1,Saturday,Clothing,5672.08,8211.221,41056.1,28360.4,12695.7
TXN-101141,2026-06-03 19:11:00,STR-100,CUST-5142,PRD-1042,1,10274.71,0.05,9760.97,Net Banking,Online,,2026-06-03,2026,6,Wednesday,Home & Kitchen,7238.41,9760.974499999998,9760.97,7238.41,2522.56
TXN-101142,2026-05-28 11:41:00,STR-102,CUST-5022,PRD-1007,1,23951.68,0.05,22754.1,Cash,Online,,2026-05-28,2026,5,Thursday,Clothing,15027.69,22754.095999999998,22754.1,15027.69,7726.41
TXN-101143,2026-02-01 16:19:00,STR-105,CUST-5139,PRD-1048,1,13710.77,0.0,13710.77,Credit Card,Online,,2026-02-01,2026,2,Sunday,Clothing,9822.0,13710.77,13710.77,9822.0,3888.77
TXN-101144,2026-03-18 08:33:00,STR-114,CUST-5075,PRD-1042,1,10274.71,0.05,9760.97,Cash,Online,,2026-03-18,2026,3,Wednesday,Home & Kitchen,7238.41,9760.974499999998,9760.97,7238.41,2522.56
TXN-101145,2026-06-27 13:33:00,STR-114,CUST-5090,PRD-1008,5,2868.65,0.15,12191.76,Cash,Mobile App,,2026-06-27,2026,6,Saturday,Beauty & Care,2136.93,2438.3525,12191.76,10684.65,1507.11
TXN-101146,2026-06-19 21:02:00,STR-103,CUST-5009,PRD-1032,2,19167.84,0.0,38335.68,Credit Card,In-Store,,2026-06-19,2026,6,Friday,Sports & Outdoors,12780.48,19167.84,38335.68,25560.96,12774.72
TXN-101147,2026-06-04 16:13:00,STR-109,CUST-5091,PRD-1019,2,20633.99,0.05,39204.58,Debit Card,In-Store,,2026-06-04,2026,6,Thursday,Clothing,15169.3,19602.2905,39204.58,30338.6,8865.98
TXN-101148,2026-01-20 16:16:00,STR-104,CUST-5097,PRD-1046,5,2150.38,0.15,9139.12,Credit Card,Online,,2026-01-20,2026,1,Tuesday,Clothing,1198.25,1827.823,9139.12,5991.25,3147.87
TXN-101149,2026-06-23 14:44:00,STR-102,CUST-5137,PRD-1029,1,17201.59,0.1,15481.43,Credit Card,In-Store,,2026-06-23,2026,6,Tuesday,Electronics,11585.33,15481.431,15481.43,11585.33,3896.1
TXN-101150,2026-04-06 17:42:00,STR-110,CUST-5130,PRD-1040,3,6993.15,0.05,19930.48,Cash,In-Store,,2026-04-06,2026,4,Monday,Clothing,5249.48,6643.492499999999,19930.48,15748.44,4182.04
TXN-101151,2026-04-22 14:01:00,STR-109,CUST-5063,PRD-1026,2,15872.06,0.1,28569.71,UPI,Online,,2026-04-22,2026,4,Wednesday,Clothing,11621.18,14284.854,28569.71,23242.36,5327.35
TXN-101152,2026-06-25 16:26:00,STR-101,CUST-5084,PRD-1007,5,23951.68,0.0,119758.4,UPI,Online,,2026-06-25,2026,6,Thursday,Clothing,15027.69,23951.68,119758.4,75138.45,44619.95
TXN-101153,2026-02-27 12:00:00,STR-101,CUST-5096,PRD-1021,3,5708.56,0.05,16269.4,Credit Card,Online,,2026-02-27,2026,2,Friday,Home & Kitchen,3795.18,5423.1320000000005,16269.4,11385.54,4883.86
TXN-101154,2026-05-15 19:56:00,STR-104,CUST-5150,PRD-1006,1,17604.11,0.05,16723.9,Net Banking,In-Store,,2026-05-15,2026,5,Friday,Clothing,11059.92,16723.9045,16723.9,11059.92,5663.98
TXN-101155,2026-03-14 16:17:00,STR-109,CUST-5025,PRD-1033,3,21120.74,0.2,50689.78,UPI,In-Store,,2026-03-14,2026,3,Saturday,Home & Kitchen,14082.52,16896.592,50689.78,42247.56,8442.22
TXN-101156,2026-03-30 20:47:00,STR-110,CUST-5136,PRD-1020,4,2120.69,0.05,8058.62,Cash,Mobile App,,2026-03-30,2026,3,Monday,Home & Kitchen,1611.77,2014.6554999999998,8058.62,6447.08,1611.54
TXN-101157,2026-02-02 12:00:00,STR-110,CUST-5131,PRD-1025,4,12590.63,0.2,40290.02,Credit Card,Mobile App,,2026-02-02,2026,2,Monday,Sports & Outdoors,9113.47,10072.504,40290.02,36453.88,3836.14
TXN-101158,2026-05-26 19:17:00,STR-100,CUST-5185,PRD-1008,2,2868.65,0.15,4876.7,Debit Card,Mobile App,,2026-05-26,2026,5,Tuesday,Beauty & Care,2136.93,2438.3525,4876.7,4273.86,602.84
TXN-101159,2026-04-18 19:29:00,STR-102,CUST-5112,PRD-1049,2,12079.91,0.2,19327.86,Debit Card,Online,,2026-04-18,2026,4,Saturday,Sports & Outdoors,8823.92,9663.928,19327.86,17647.84,1680.02
TXN-101160,2026-04-20 16:45:00,STR-114,CUST-5058,PRD-1032,3,19167.84,0.1,51753.17,Debit Card,Mobile App,,2026-04-20,2026,4,Monday,Sports & Outdoors,12780.48,17251.056,51753.17,38341.44,13411.73
TXN-101161,2026-03-22 21:05:00,STR-110,CUST-5020,PRD-1005,3,11505.07,0.15,29337.93,UPI,Mobile App,,2026-03-22,2026,3,Sunday,Clothing,7063.93,9779.3095,29337.93,21191.79,8146.14
TXN-101162,2026-05-28 08:05:00,STR-111,CUST-5073,PRD-1015,1,9568.8,0.05,9090.36,Cash,Online,,2026-05-28,2026,5,Thursday,Clothing,5723.93,9090.359999999999,9090.36,5723.93,3366.43
TXN-101163,2026-02-04 15:31:00,STR-108,CUST-5175,PRD-1000,4,1111.79,0.2,3557.73,Cash,Mobile App,,2026-02-04,2026,2,Wednesday,Electronics,681.81,889.432,3557.73,2727.24,830.49
TXN-101164,2026-06-07 11:58:00,STR-113,CUST-5190,PRD-1007,4,23951.68,0.0,95806.72,UPI,Mobile App,,2026-06-07,2026,6,Sunday,Clothing,15027.69,23951.68,95806.72,60110.76,35695.96
TXN-101165,2026-03-04 19:42:00,STR-114,CUST-5135,PRD-1027,5,2055.49,0.1,9249.7,Cash,In-Store,,2026-03-04,2026,3,Wednesday,Sports & Outdoors,1310.93,1849.9409999999998,9249.7,6554.65,2695.05
TXN-101166,2026-06-22 20:33:00,STR-114,CUST-5057,PRD-1038,4,18431.47,0.05,70039.59,Credit Card,In-Store,,2026-06-22,2026,6,Monday,Electronics,13596.63,17509.8965,70039.59,54386.52,15653.07
TXN-101167,2026-04-01 08:27:00,STR-107,CUST-5097,PRD-1023,2,6936.43,0.2,11098.29,Credit Card,Online,,2026-04-01,2026,4,Wednesday,Sports & Outdoors,4747.67,5549.144,11098.29,9495.34,1602.95
TXN-101168,2026-05-19 21:49:00,STR-113,CUST-5030,PRD-1007,3,23951.68,0.05,68262.29,Debit Card,Online,,2026-05-19,2026,5,Tuesday,Clothing,15027.69,22754.095999999998,68262.29,45083.07,23179.22
TXN-101169,2026-02-24 08:47:00,STR-110,CUST-5145,PRD-1030,3,3232.14,0.1,8726.78,Net Banking,In-Store,,2026-02-24,2026,2,Tuesday,Home & Kitchen,2100.88,2908.926,8726.78,6302.64,2424.14
TXN-101170,2026-04-29 17:54:00,STR-107,CUST-5014,PRD-1019,5,20633.99,0.0,103169.95,Debit Card,In-Store,,2026-04-29,2026,4,Wednesday,Clothing,15169.3,20633.99,103169.95,75846.5,27323.45
TXN-101171,2026-03-18 13:06:00,STR-100,CUST-5089,PRD-1039,4,3644.72,0.1,13120.99,Credit Card,Online,,2026-03-18,2026,3,Wednesday,Clothing,2403.02,3280.248,13120.99,9612.08,3508.91
TXN-101172,2026-04-21 15:12:00,STR-101,CUST-5135,PRD-1022,1,6988.83,0.0,6988.83,Cash,In-Store,,2026-04-21,2026,4,Tuesday,Clothing,4240.29,6988.83,6988.83,4240.29,2748.54
TXN-101173,2026-01-02 10:49:00,STR-110,CUST-5064,PRD-1026,1,15872.06,0.15,13491.25,Credit Card,Online,,2026-01-02,2026,1,Friday,Clothing,11621.18,13491.250999999998,13491.25,11621.18,1870.07
TXN-101174,2026-04-04 14:57:00,STR-102,CUST-5137,PRD-1025,3,12590.63,0.1,33994.7,Debit Card,In-Store,,2026-04-04,2026,4,Saturday,Sports & Outdoors,9113.47,11331.567,33994.7,27340.41,6654.29
TXN-101175,2026-02-05 13:47:00,STR-106,CUST-5001,PRD-1028,4,6658.9,0.05,25303.82,Debit Card,Mobile App,,2026-02-05,2026,2,Thursday,Sports & Outdoors,4509.69,6325.954999999999,25303.82,18038.76,7265.06
TXN-101176,2026-03-14 08:08:00,STR-106,CUST-5107,PRD-1012,1,5210.26,0.05,4949.75,Debit Card,In-Store,,2026-03-14,2026,3,Saturday,Sports & Outdoors,2949.0,4949.747,4949.75,2949.0,2000.75
TXN-101177,2026-06-20 12:07:00,STR-106,CUST-5125,PRD-1010,2,24341.31,0.15,41380.23,Cash,Online,,2026-06-20,2026,6,Saturday,Electronics,15506.95,20690.1135,41380.23,31013.9,10366.33
TXN-101178,2026-04-13 16:46:00,STR-114,CUST-5189,PRD-1043,2,22540.44,0.1,40572.79,Net Banking,In-Store,,2026-04-13,2026,4,Monday,Beauty & Care,14737.88,20286.396,40572.79,29475.76,11097.03
TXN-101179,2026-02-02 10:22:00,STR-108,CUST-5003,PRD-1007,1,23951.68,0.0,23951.68,Credit Card,In-Store,,2026-02-02,2026,2,Monday,Clothing,15027.69,23951.68,23951.68,15027.69,8923.99
TXN-101180,2026-06-02 19:00:00,STR-106,CUST-5122,PRD-1043,3,22540.44,0.15,57478.12,Debit Card,Online,,2026-06-02,2026,6,Tuesday,Beauty & Care,14737.88,19159.374,57478.12,44213.64,13264.48
TXN-101181,2026-03-05 17:09:00,STR-111,CUST-5130,PRD-1031,1,23868.44,0.15,20288.17,Credit Card,In-Store,,2026-03-05,2026,3,Thursday,Electronics,17935.85,20288.174,20288.17,17935.85,2352.32
TXN-101182,2026-06-29 11:42:00,STR-113,CUST-5109,PRD-1017,1,11824.84,0.1,10642.36,Credit Card,Online,,2026-06-29,2026,6,Monday,Clothing,7237.84,10642.356,10642.36,7237.84,3404.52
TXN-101183,2026-06-06 10:12:00,STR-113,CUST-5151,PRD-1045,1,14916.37,0.2,11933.1,Credit Card,In-Store,,2026-06-06,2026,6,Saturday,Clothing,8228.67,11933.096000000001,11933.1,8228.67,3704.43
TXN-101184,2026-01-10 12:12:00,STR-114,CUST-5037,PRD-1007,2,23951.68,0.15,40717.86,Net Banking,In-Store,,2026-01-10,2026,1,Saturday,Clothing,15027.69,20358.928,40717.86,30055.38,10662.48
TXN-101185,2026-01-14 14:26:00,STR-108,CUST-5078,PRD-1039,2,3644.72,0.0,7289.44,Credit Card,In-Store,,2026-01-14,2026,1,Wednesday,Clothing,2403.02,3644.72,7289.44,4806.04,2483.4
TXN-101186,2026-01-16 16:27:00,STR-110,CUST-5013,PRD-1021,4,5708.56,0.15,19409.1,Debit Card,In-Store,,2026-01-16,2026,1,Friday,Home & Kitchen,3795.18,4852.276,19409.1,15180.72,4228.38
TXN-101187,2026-03-31 19:26:00,STR-103,CUST-5081,PRD-1017,3,11824.84,0.1,31927.07,UPI,In-Store,,2026-03-31,2026,3,Tuesday,Clothing,7237.84,10642.356,31927.07,21713.52,10213.55
TXN-101188,2026-06-19 19:20:00,STR-103,CUST-5073,PRD-1002,1,14966.66,0.0,14966.66,Net Banking,Online,,2026-06-19,2026,6,Friday,Electronics,8341.07,14966.66,14966.66,8341.07,6625.59
TXN-101189,2026-02-17 12:31:00,STR-105,CUST-5085,PRD-1038,1,18431.47,0.15,15666.75,Debit Card,In-Store,,2026-02-17,2026,2,Tuesday,Electronics,13596.63,15666.7495,15666.75,13596.63,2070.12
TXN-101190,2026-02-03 13:23:00,STR-111,CUST-5092,PRD-1006,1,17604.11,0.2,14083.29,Cash,Mobile App,,2026-02-03,2026,2,Tuesday,Clothing,11059.92,14083.288,14083.29,11059.92,3023.37
TXN-101191,2026-06-16 12:13:00,STR-109,CUST-5098,PRD-1038,3,18431.47,0.05,52529.69,UPI,In-Store,,2026-06-16,2026,6,Tuesday,Electronics,13596.63,17509.8965,52529.69,40789.89,11739.8
TXN-101192,2026-01-11 17:58:00,STR-114,CUST-5167,PRD-1008,5,2868.65,0.0,14343.25,Credit Card,In-Store,,2026-01-11,2026,1,Sunday,Beauty & Care,2136.93,2868.65,14343.25,10684.65,3658.6
TXN-101193,2026-01-20 16:39:00,STR-105,CUST-5077,PRD-1045,4,14916.37,0.0,59665.48,Net Banking,In-Store,,2026-01-20,2026,1,Tuesday,Clothing,8228.67,14916.37,59665.48,32914.68,26750.8
TXN-101194,2026-02-02 11:26:00,STR-108,CUST-5182,PRD-1034,2,9660.26,0.0,19320.52,Debit Card,Mobile App,,2026-02-02,2026,2,Monday,Clothing,5672.08,9660.26,19320.52,11344.16,7976.36
TXN-101195,2026-06-11 19:07:00,STR-114,CUST-5111,PRD-1022,3,6988.83,0.15,17821.52,UPI,Online,,2026-06-11,2026,6,Thursday,Clothing,4240.29,5940.5055,17821.52,12720.87,5100.65
TXN-101196,2026-01-06 10:38:00,STR-104,CUST-5178,PRD-1026,5,15872.06,0.2,63488.24,Credit Card,Online,,2026-01-06,2026,1,Tuesday,Clothing,11621.18,12697.648000000001,63488.24,58105.9,5382.34
TXN-101197,2026-06-27 11:47:00,STR-113,CUST-5101,PRD-1002,5,14966.66,0.0,74833.3,Net Banking,Mobile App,,2026-06-27,2026,6,Saturday,Electronics,8341.07,14966.66,74833.3,41705.35,33127.95
TXN-101198,2026-02-12 15:48:00,STR-108,CUST-5098,PRD-1034,5,9660.26,0.0,48301.3,Cash,Online,,2026-02-12,2026,2,Thursday,Clothing,5672.08,9660.26,48301.3,28360.4,19940.9
TXN-101199,2026-02-22 10:00:00,STR-102,CUST-5146,PRD-1025,5,12590.63,0.1,56657.83,Credit Card,Mobile App,,2026-02-22,2026,2,Sunday,Sports & Outdoors,9113.47,11331.567,56657.83,45567.35,11090.48
TXN-101200,2026-04-27 16:45:00,STR-111,CUST-5134,PRD-1044,1,2067.7,0.2,1654.16,Debit Card,Online,,2026-04-27,2026,4,Monday,Clothing,1147.24,1654.1599999999999,1654.16,1147.24,506.92
TXN-101201,2026-05-22 09:10:00,STR-103,CUST-5011,PRD-1014,3,7309.63,0.1,19736.0,Cash,In-Store,,2026-05-22,2026,5,Friday,Beauty & Care,5089.02,6578.667,19736.0,15267.06,4468.94
TXN-101202,2026-03-13 10:17:00,STR-113,CUST-5013,PRD-1018,1,17272.73,0.05,16409.09,Credit Card,In-Store,,2026-03-13,2026,3,Friday,Clothing,12848.42,16409.0935,16409.09,12848.42,3560.67
TXN-101203,2026-06-16 13:40:00,STR-109,CUST-5094,PRD-1034,1,9660.26,0.0,9660.26,Debit Card,In-Store,,2026-06-16,2026,6,Tuesday,Clothing,5672.08,9660.26,9660.26,5672.08,3988.18
TXN-101204,2026-02-04 14:57:00,STR-109,CUST-5075,PRD-1045,5,14916.37,0.1,67123.67,Debit Card,In-Store,,2026-02-04,2026,2,Wednesday,Clothing,8228.67,13424.733,67123.67,41143.35,25980.32
TXN-101205,2026-02-26 19:17:00,STR-102,CUST-5065,PRD-1040,1,6993.15,0.1,6293.84,UPI,Mobile App,,2026-02-26,2026,2,Thursday,Clothing,5249.48,6293.835,6293.84,5249.48,1044.36
TXN-101206,2026-06-26 14:41:00,STR-104,CUST-5160,PRD-1042,5,10274.71,0.0,51373.55,Cash,Mobile App,,2026-06-26,2026,6,Friday,Home & Kitchen,7238.41,10274.71,51373.55,36192.05,15181.5
TXN-101207,2026-03-25 12:13:00,STR-109,CUST-5161,PRD-1013,4,24637.91,0.05,93624.06,Net Banking,In-Store,,2026-03-25,2026,3,Wednesday,Home & Kitchen,18397.7,23406.014499999997,93624.06,73590.8,20033.26
TXN-101208,2026-04-05 10:57:00,STR-107,CUST-5023,PRD-1028,2,6658.9,0.15,11320.13,Net Banking,In-Store,,2026-04-05,2026,4,Sunday,Sports & Outdoors,4509.69,5660.065,11320.13,9019.38,2300.75
TXN-101209,2026-02-18 17:31:00,STR-111,CUST-5046,PRD-1029,2,17201.59,0.05,32683.02,Debit Card,In-Store,,2026-02-18,2026,2,Wednesday,Electronics,11585.33,16341.510499999999,32683.02,23170.66,9512.36
TXN-101210,2026-04-11 18:38:00,STR-103,CUST-5017,PRD-1019,2,20633.99,0.05,39204.58,Credit Card,In-Store,,2026-04-11,2026,4,Saturday,Clothing,15169.3,19602.2905,39204.58,30338.6,8865.98
TXN-101211,2026-06-15 14:06:00,STR-111,CUST-5134,PRD-1027,2,2055.49,0.15,3494.33,Credit Card,Mobile App,,2026-06-15,2026,6,Monday,Sports & Outdoors,1310.93,1747.1664999999998,3494.33,2621.86,872.47
TXN-101212,2026-01-26 14:24:00,STR-100,CUST-5028,PRD-1048,1,13710.77,0.2,10968.62,UPI,Mobile App,,2026-01-26,2026,1,Monday,Clothing,9822.0,10968.616000000002,10968.62,9822.0,1146.62
TXN-101213,2026-01-22 12:09:00,STR-110,CUST-5153,PRD-1002,2,14966.66,0.05,28436.65,UPI,In-Store,,2026-01-22,2026,1,Thursday,Electronics,8341.07,14218.327,28436.65,16682.14,11754.51
TXN-101214,2026-01-22 11:08:00,STR-107,CUST-5194,PRD-1006,5,17604.11,0.1,79218.5,Cash,Online,,2026-01-22,2026,1,Thursday,Clothing,11059.92,15843.699,79218.5,55299.6,23918.9
TXN-101215,2026-05-03 10:15:00,STR-100,CUST-5139,PRD-1010,3,24341.31,0.1,65721.54,Debit Card,Mobile App,,2026-05-03,2026,5,Sunday,Electronics,15506.95,21907.179,65721.54,46520.85,19200.69
TXN-101216,2026-01-12 09:34:00,STR-104,CUST-5026,PRD-1034,1,9660.26,0.0,9660.26,Cash,Online,,2026-01-12,2026,1,Monday,Clothing,5672.08,9660.26,9660.26,5672.08,3988.18
TXN-101217,2026-01-07 11:27:00,STR-106,CUST-5037,PRD-1009,1,20274.45,0.05,19260.73,Debit Card,Mobile App,,2026-01-07,2026,1,Wednesday,Home & Kitchen,14553.78,19260.7275,19260.73,14553.78,4706.95
TXN-101218,2026-06-25 19:52:00,STR-114,CUST-5028,PRD-1018,2,17272.73,0.15,29363.64,Net Banking,In-Store,,2026-06-25,2026,6,Thursday,Clothing,12848.42,14681.8205,29363.64,25696.84,3666.8
TXN-101219,2026-03-14 13:04:00,STR-109,CUST-5085,PRD-1007,2,23951.68,0.0,47903.36,UPI,Online,,2026-03-14,2026,3,Saturday,Clothing,15027.69,23951.68,47903.36,30055.38,17847.98
TXN-101220,2026-02-08 10:27:00,STR-108,CUST-5085,PRD-1005,1,11505.07,0.2,9204.06,Cash,In-Store,,2026-02-08,2026,2,Sunday,Clothing,7063.93,9204.056,9204.06,7063.93,2140.13
TXN-101221,2026-06-20 18:19:00,STR-109,CUST-5073,PRD-1043,4,22540.44,0.05,85653.67,Debit Card,In-Store,,2026-06-20,2026,6,Saturday,Beauty & Care,14737.88,21413.417999999998,85653.67,58951.52,26702.15
TXN-101222,2026-03-09 20:58:00,STR-111,CUST-5019,PRD-1017,4,11824.84,0.1,42569.42,UPI,In-Store,,2026-03-09,2026,3,Monday,Clothing,7237.84,10642.356,42569.42,28951.36,13618.06
TXN-101223,2026-02-07 14:28:00,STR-111,CUST-5122,PRD-1049,2,12079.91,0.1,21743.84,UPI,In-Store,,2026-02-07,2026,2,Saturday,Sports & Outdoors,8823.92,10871.919,21743.84,17647.84,4096.0
TXN-101224,2026-02-07 09:20:00,STR-102,CUST-5046,PRD-1036,4,22028.56,0.1,79302.82,Net Banking,Online,,2026-02-07,2026,2,Saturday,Home & Kitchen,16329.4,19825.704,79302.82,65317.6,13985.22
TXN-101225,2026-05-04 19:26:00,STR-109,CUST-5162,PRD-1020,4,2120.69,0.15,7210.35,Debit Card,In-Store,,2026-05-04,2026,5,Monday,Home & Kitchen,1611.77,1802.5865,7210.35,6447.08,763.27
TXN-101226,2026-04-18 16:31:00,STR-108,CUST-5136,PRD-1041,2,23258.31,0.15,39539.13,Net Banking,Mobile App,,2026-04-18,2026,4,Saturday,Clothing,16832.29,19769.5635,39539.13,33664.58,5874.55
TXN-101227,2026-01-22 17:45:00,STR-106,CUST-5134,PRD-1034,2,9660.26,0.15,16422.44,Cash,Mobile App,,2026-01-22,2026,1,Thursday,Clothing,5672.08,8211.221,16422.44,11344.16,5078.28
TXN-101228,2026-03-02 13:00:00,STR-103,CUST-5004,PRD-1047,2,13096.34,0.0,26192.68,Debit Card,Mobile App,,2026-03-02,2026,3,Monday,Electronics,8041.8,13096.34,26192.68,16083.6,10109.08
TXN-101229,2026-01-16 13:23:00,STR-113,CUST-5199,PRD-1030,2,3232.14,0.0,6464.28,Credit Card,Online,,2026-01-16,2026,1,Friday,Home & Kitchen,2100.88,3232.14,6464.28,4201.76,2262.52
TXN-101230,2026-04-18 11:13:00,STR-113,CUST-5057,PRD-1029,2,17201.59,0.2,27522.54,UPI,Mobile App,,2026-04-18,2026,4,Saturday,Electronics,11585.33,13761.272,27522.54,23170.66,4351.88
TXN-101231,2026-04-07 19:01:00,STR-111,CUST-5108,PRD-1008,1,2868.65,0.05,2725.22,Debit Card,In-Store,,2026-04-07,2026,4,Tuesday,Beauty & Care,2136.93,2725.2174999999997,2725.22,2136.93,588.29
TXN-101232,2026-01-19 15:53:00,STR-109,CUST-5040,PRD-1044,1,2067.7,0.2,1654.16,UPI,In-Store,,2026-01-19,2026,1,Monday,Clothing,1147.24,1654.1599999999999,1654.16,1147.24,506.92
TXN-101233,2026-03-04 09:00:00,STR-109,CUST-5106,PRD-1023,2,6936.43,0.0,13872.86,Credit Card,In-Store,,2026-03-04,2026,3,Wednesday,Sports & Outdoors,4747.67,6936.43,13872.86,9495.34,4377.52
TXN-101234,2026-06-28 12:30:00,STR-106,CUST-5184,PRD-1030,2,3232.14,0.2,5171.42,Debit Card,Online,,2026-06-28,2026,6,Sunday,Home & Kitchen,2100.88,2585.712,5171.42,4201.76,969.66
TXN-101235,2026-01-29 10:03:00,STR-114,CUST-5164,PRD-1041,1,23258.31,0.1,20932.48,UPI,Mobile App,,2026-01-29,2026,1,Thursday,Clothing,16832.29,20932.479000000003,20932.48,16832.29,4100.19
TXN-101236,2026-02-11 08:25:00,STR-113,CUST-5108,PRD-1048,2,13710.77,0.2,21937.23,Net Banking,Mobile App,,2026-02-11,2026,2,Wednesday,Clothing,9822.0,10968.616000000002,21937.23,19644.0,2293.23
TXN-101237,2026-05-09 12:45:00,STR-103,CUST-5108,PRD-1045,3,14916.37,0.2,35799.29,Credit Card,Online,,2026-05-09,2026,5,Saturday,Clothing,8228.67,11933.096000000001,35799.29,24686.01,11113.28
TXN-101238,2026-02-02 19:13:00,STR-106,CUST-5158,PRD-1005,5,11505.07,0.15,48896.55,UPI,In-Store,,2026-02-02,2026,2,Monday,Clothing,7063.93,9779.3095,48896.55,35319.65,13576.9
TXN-101239,2026-06-04 21:04:00,STR-113,CUST-5177,PRD-1025,2,12590.63,0.2,20145.01,Net Banking,Online,,2026-06-04,2026,6,Thursday,Sports & Outdoors,9113.47,10072.504,20145.01,18226.94,1918.07
TXN-101240,2026-02-12 08:51:00,STR-105,CUST-5165,PRD-1020,4,2120.69,0.15,7210.35,Net Banking,In-Store,,2026-02-12,2026,2,Thursday,Home & Kitchen,1611.77,1802.5865,7210.35,6447.08,763.27
TXN-101241,2026-01-20 13:38:00,STR-112,CUST-5085,PRD-1017,1,11824.84,0.0,11824.84,UPI,In-Store,,2026-01-20,2026,1,Tuesday,Clothing,7237.84,11824.84,11824.84,7237.84,4587.0
TXN-101242,2026-01-28 09:13:00,STR-109,CUST-5002,PRD-1018,2,17272.73,0.2,27636.37,Debit Card,In-Store,,2026-01-28,2026,1,Wednesday,Clothing,12848.42,13818.184000000001,27636.37,25696.84,1939.53
TXN-101243,2026-03-03 12:05:00,STR-109,CUST-5144,PRD-1035,2,15173.74,0.0,30347.48,UPI,Mobile App,,2026-03-03,2026,3,Tuesday,Electronics,10050.77,15173.74,30347.48,20101.54,10245.94
TXN-101244,2026-03-22 09:19:00,STR-100,CUST-5091,PRD-1030,1,3232.14,0.0,3232.14,Debit Card,Online,,2026-03-22,2026,3,Sunday,Home & Kitchen,2100.88,3232.14,3232.14,2100.88,1131.26
TXN-101245,2026-04-11 19:22:00,STR-102,CUST-5179,PRD-1032,2,19167.84,0.1,34502.11,UPI,Online,,2026-04-11,2026,4,Saturday,Sports & Outdoors,12780.48,17251.056,34502.11,25560.96,8941.15
TXN-101246,2026-05-09 20:49:00,STR-102,CUST-5006,PRD-1026,5,15872.06,0.0,79360.3,Cash,Online,,2026-05-09,2026,5,Saturday,Clothing,11621.18,15872.06,79360.3,58105.9,21254.4
TXN-101247,2026-03-16 10:09:00,STR-110,CUST-5118,PRD-1030,5,3232.14,0.0,16160.7,UPI,Mobile App,,2026-03-16,2026,3,Monday,Home & Kitchen,2100.88,3232.14,16160.7,10504.4,5656.3
TXN-101248,2026-06-24 18:09:00,STR-112,CUST-5183,PRD-1005,2,11505.07,0.05,21859.63,Credit Card,Mobile App,,2026-06-24,2026,6,Wednesday,Clothing,7063.93,10929.816499999999,21859.63,14127.86,7731.77
TXN-101249,2026-03-29 15:50:00,STR-102,CUST-5086,PRD-1033,5,21120.74,0.2,84482.96,Debit Card,Online,,2026-03-29,2026,3,Sunday,Home & Kitchen,14082.52,16896.592,84482.96,70412.6,14070.36
TXN-101250,2026-06-24 14:15:00,STR-103,CUST-5156,PRD-1039,4,3644.72,0.0,14578.88,Cash,In-Store,,2026-06-24,2026,6,Wednesday,Clothing,2403.02,3644.72,14578.88,9612.08,4966.8
TXN-101251,2026-01-25 20:00:00,STR-102,CUST-5196,PRD-1009,5,20274.45,0.15,86166.41,Debit Card,Mobile App,,2026-01-25,2026,1,Sunday,Home & Kitchen,14553.78,17233.2825,86166.41,72768.9,13397.51
TXN-101252,2026-04-27 13:10:00,STR-114,CUST-5075,PRD-1005,4,11505.07,0.0,46020.28,Credit Card,In-Store,,2026-04-27,2026,4,Monday,Clothing,7063.93,11505.07,46020.28,28255.72,17764.56
TXN-101253,2026-04-01 09:04:00,STR-102,CUST-5181,PRD-1017,5,11824.84,0.1,53211.78,Net Banking,Online,,2026-04-01,2026,4,Wednesday,Clothing,7237.84,10642.356,53211.78,36189.2,17022.58
TXN-101254,2026-06-16 10:07:00,STR-109,CUST-5124,PRD-1030,3,3232.14,0.15,8241.96,UPI,Online,,2026-06-16,2026,6,Tuesday,Home & Kitchen,2100.88,2747.319,8241.96,6302.64,1939.32
TXN-101255,2026-06-08 18:08:00,STR-107,CUST-5093,PRD-1018,4,17272.73,0.15,58727.28,Cash,Mobile App,,2026-06-08,2026,6,Monday,Clothing,12848.42,14681.8205,58727.28,51393.68,7333.6
TXN-101256,2026-06-24 14:32:00,STR-107,CUST-5067,PRD-1020,3,2120.69,0.0,6362.07,UPI,Mobile App,,2026-06-24,2026,6,Wednesday,Home & Kitchen,1611.77,2120.69,6362.07,4835.31,1526.76
TXN-101257,2026-06-29 21:35:00,STR-100,CUST-5039,PRD-1041,1,23258.31,0.05,22095.39,UPI,Online,,2026-06-29,2026,6,Monday,Clothing,16832.29,22095.3945,22095.39,16832.29,5263.1
TXN-101258,2026-04-13 21:04:00,STR-103,CUST-5099,PRD-1024,2,9368.27,0.2,14989.23,Net Banking,Mobile App,,2026-04-13,2026,4,Monday,Beauty & Care,7301.49,7494.616000000001,14989.23,14602.98,386.25
TXN-101259,2026-04-30 18:34:00,STR-114,CUST-5119,PRD-1005,3,11505.07,0.15,29337.93,UPI,In-Store,,2026-04-30,2026,4,Thursday,Clothing,7063.93,9779.3095,29337.93,21191.79,8146.14
TXN-101260,2026-04-21 11:25:00,STR-105,CUST-5016,PRD-1011,1,20820.24,0.15,17697.2,Debit Card,Online,,2026-04-21,2026,4,Tuesday,Home & Kitchen,14413.01,17697.204,17697.2,14413.01,3284.19
TXN-101261,2026-06-29 19:30:00,STR-101,CUST-5071,PRD-1038,4,18431.47,0.05,70039.59,Net Banking,In-Store,,2026-06-29,2026,6,Monday,Electronics,13596.63,17509.8965,70039.59,54386.52,15653.07
TXN-101262,2026-02-07 18:13:00,STR-105,CUST-5145,PRD-1034,2,9660.26,0.15,16422.44,UPI,Mobile App,,2026-02-07,2026,2,Saturday,Clothing,5672.08,8211.221,16422.44,11344.16,5078.28
TXN-101263,2026-04-03 20:27:00,STR-107,CUST-5054,PRD-1049,4,12079.91,0.0,48319.64,UPI,In-Store,,2026-04-03,2026,4,Friday,Sports & Outdoors,8823.92,12079.91,48319.64,35295.68,13023.96
TXN-101264,2026-03-06 18:11:00,STR-101,CUST-5036,PRD-1001,4,18543.28,0.1,66755.81,UPI,Online,,2026-03-06,2026,3,Friday,Clothing,13084.9,16688.952,66755.81,52339.6,14416.21
TXN-101265,2026-04-26 21:26:00,STR-108,CUST-5054,PRD-1025,1,12590.63,0.1,11331.57,Debit Card,In-Store,,2026-04-26,2026,4,Sunday,Sports & Outdoors,9113.47,11331.567,11331.57,9113.47,2218.1
TXN-101266,2026-03-29 20:19:00,STR-102,CUST-5050,PRD-1003,1,6199.42,0.15,5269.51,Debit Card,Online,,2026-03-29,2026,3,Sunday,Clothing,4268.08,5269.507,5269.51,4268.08,1001.43
TXN-101267,2026-06-26 20:10:00,STR-111,CUST-5111,PRD-1030,4,3232.14,0.2,10342.85,Debit Card,Mobile App,,2026-06-26,2026,6,Friday,Home & Kitchen,2100.88,2585.712,10342.85,8403.52,1939.33
TXN-101268,2026-05-24 20:57:00,STR-109,CUST-5050,PRD-1036,4,22028.56,0.0,88114.24,UPI,Mobile App,,2026-05-24,2026,5,Sunday,Home & Kitchen,16329.4,22028.56,88114.24,65317.6,22796.64
TXN-101269,2026-02-07 13:42:00,STR-113,CUST-5187,PRD-1042,5,10274.71,0.2,41098.84,Debit Card,In-Store,,2026-02-07,2026,2,Saturday,Home & Kitchen,7238.41,8219.768,41098.84,36192.05,4906.79
TXN-101270,2026-05-08 21:20:00,STR-101,CUST-5172,PRD-1009,4,20274.45,0.05,77042.91,Net Banking,Online,,2026-05-08,2026,5,Friday,Home & Kitchen,14553.78,19260.7275,77042.91,58215.12,18827.79
TXN-101271,2026-02-02 18:28:00,STR-110,CUST-5148,PRD-1033,1,21120.74,0.15,17952.63,UPI,In-Store,,2026-02-02,2026,2,Monday,Home & Kitchen,14082.52,17952.629,17952.63,14082.52,3870.11
TXN-101272,2026-06-28 16:49:00,STR-102,CUST-5153,PRD-1013,2,24637.91,0.15,41884.45,Net Banking,In-Store,,2026-06-28,2026,6,Sunday,Home & Kitchen,18397.7,20942.2235,41884.45,36795.4,5089.05
TXN-101273,2026-06-23 17:00:00,STR-105,CUST-5093,PRD-1022,2,6988.83,0.05,13278.78,UPI,Online,,2026-06-23,2026,6,Tuesday,Clothing,4240.29,6639.3885,13278.78,8480.58,4798.2
TXN-101274,2026-06-29 15:41:00,STR-107,CUST-5105,PRD-1019,5,20633.99,0.0,103169.95,Net Banking,Online,,2026-06-29,2026,6,Monday,Clothing,15169.3,20633.99,103169.95,75846.5,27323.45
TXN-101275,2026-05-14 20:21:00,STR-101,CUST-5045,PRD-1022,5,6988.83,0.15,29702.53,Net Banking,Online,,2026-05-14,2026,5,Thursday,Clothing,4240.29,5940.5055,29702.53,21201.45,8501.08
TXN-101276,2026-06-02 10:34:00,STR-106,CUST-5097,PRD-1023,2,6936.43,0.2,11098.29,Debit Card,Mobile App,,2026-06-02,2026,6,Tuesday,Sports & Outdoors,4747.67,5549.144,11098.29,9495.34,1602.95
TXN-101277,2026-06-29 17:59:00,STR-114,CUST-5025,PRD-1044,4,2067.7,0.1,7443.72,UPI,In-Store,,2026-06-29,2026,6,Monday,Clothing,1147.24,1860.9299999999998,7443.72,4588.96,2854.76
TXN-101278,2026-04-16 09:31:00,STR-111,CUST-5192,PRD-1005,1,11505.07,0.2,9204.06,Cash,Mobile App,,2026-04-16,2026,4,Thursday,Clothing,7063.93,9204.056,9204.06,7063.93,2140.13
TXN-101279,2026-05-29 20:02:00,STR-110,CUST-5074,PRD-1006,4,17604.11,0.2,56333.15,Net Banking,In-Store,,2026-05-29,2026,5,Friday,Clothing,11059.92,14083.288,56333.15,44239.68,12093.47
TXN-101280,2026-04-08 09:12:00,STR-113,CUST-5120,PRD-1014,4,7309.63,0.2,23390.82,UPI,Online,,2026-04-08,2026,4,Wednesday,Beauty & Care,5089.02,5847.704000000001,23390.82,20356.08,3034.74
TXN-101281,2026-01-02 13:50:00,STR-103,CUST-5129,PRD-1029,4,17201.59,0.15,58485.41,Debit Card,Online,,2026-01-02,2026,1,Friday,Electronics,11585.33,14621.351499999999,58485.41,46341.32,12144.09
TXN-101282,2026-04-17 18:15:00,STR-100,CUST-5106,PRD-1042,3,10274.71,0.1,27741.72,UPI,In-Store,,2026-04-17,2026,4,Friday,Home & Kitchen,7238.41,9247.239,27741.72,21715.23,6026.49
TXN-101283,2026-05-13 21:47:00,STR-109,CUST-5081,PRD-1001,2,18543.28,0.1,33377.9,Debit Card,In-Store,,2026-05-13,2026,5,Wednesday,Clothing,13084.9,16688.952,33377.9,26169.8,7208.1
TXN-101284,2026-05-23 14:12:00,STR-109,CUST-5164,PRD-1036,4,22028.56,0.05,83708.53,Net Banking,In-Store,,2026-05-23,2026,5,Saturday,Home & Kitchen,16329.4,20927.132,83708.53,65317.6,18390.93
TXN-101285,2026-06-12 14:46:00,STR-102,CUST-5103,PRD-1036,4,22028.56,0.05,83708.53,Debit Card,Mobile App,,2026-06-12,2026,6,Friday,Home & Kitchen,16329.4,20927.132,83708.53,65317.6,18390.93
TXN-101286,2026-01-26 19:51:00,STR-102,CUST-5129,PRD-1010,4,24341.31,0.05,92496.98,UPI,Mobile App,,2026-01-26,2026,1,Monday,Electronics,15506.95,23124.2445,92496.98,62027.8,30469.18
TXN-101287,2026-05-22 10:20:00,STR-103,CUST-5023,PRD-1036,4,22028.56,0.1,79302.82,UPI,In-Store,,2026-05-22,2026,5,Friday,Home & Kitchen,16329.4,19825.704,79302.82,65317.6,13985.22
TXN-101288,2026-02-09 08:39:00,STR-111,CUST-5139,PRD-1027,1,2055.49,0.2,1644.39,UPI,Mobile App,,2026-02-09,2026,2,Monday,Sports & Outdoors,1310.93,1644.3919999999998,1644.39,1310.93,333.46
TXN-101289,2026-04-27 18:40:00,STR-112,CUST-5091,PRD-1024,1,9368.27,0.05,8899.86,Credit Card,In-Store,,2026-04-27,2026,4,Monday,Beauty & Care,7301.49,8899.8565,8899.86,7301.49,1598.37
TXN-101290,2026-02-19 16:53:00,STR-103,CUST-5185,PRD-1041,2,23258.31,0.1,41864.96,Net Banking,Online,,2026-02-19,2026,2,Thursday,Clothing,16832.29,20932.479000000003,41864.96,33664.58,8200.38
TXN-101291,2026-01-22 10:40:00,STR-100,CUST-5163,PRD-1042,1,10274.71,0.1,9247.24,Cash,In-Store,,2026-01-22,2026,1,Thursday,Home & Kitchen,7238.41,9247.239,9247.24,7238.41,2008.83
TXN-101292,2026-02-01 09:09:00,STR-104,CUST-5067,PRD-1007,4,23951.68,0.2,76645.38,Credit Card,In-Store,,2026-02-01,2026,2,Sunday,Clothing,15027.69,19161.344,76645.38,60110.76,16534.62
TXN-101293,2026-02-23 14:06:00,STR-107,CUST-5005,PRD-1004,4,18042.2,0.1,64951.92,Net Banking,In-Store,,2026-02-23,2026,2,Monday,Clothing,12833.5,16237.980000000001,64951.92,51334.0,13617.92
TXN-101294,2026-06-25 14:24:00,STR-114,CUST-5080,PRD-1031,1,23868.44,0.05,22675.02,Net Banking,In-Store,,2026-06-25,2026,6,Thursday,Electronics,17935.85,22675.017999999996,22675.02,17935.85,4739.17
TXN-101295,2026-02-15 18:36:00,STR-110,CUST-5155,PRD-1011,3,20820.24,0.0,62460.72,UPI,In-Store,,2026-02-15,2026,2,Sunday,Home & Kitchen,14413.01,20820.24,62460.72,43239.03,19221.69
TXN-101296,2026-06-07 17:34:00,STR-100,CUST-5040,PRD-1021,3,5708.56,0.15,14556.83,Cash,Mobile App,,2026-06-07,2026,6,Sunday,Home & Kitchen,3795.18,4852.276,14556.83,11385.54,3171.29
TXN-101297,2026-06-05 08:34:00,STR-100,CUST-5132,PRD-1016,1,15423.32,0.05,14652.15,Cash,In-Store,,2026-06-05,2026,6,Friday,Electronics,9089.92,14652.153999999999,14652.15,9089.92,5562.23
TXN-101298,2026-02-25 08:20:00,STR-102,CUST-5056,PRD-1013,3,24637.91,0.0,73913.73,UPI,Mobile App,,2026-02-25,2026,2,Wednesday,Home & Kitchen,18397.7,24637.91,73913.73,55193.1,18720.63
TXN-101299,2026-03-12 15:12:00,STR-101,CUST-5089,PRD-1044,2,2067.7,0.1,3721.86,Cash,Mobile App,,2026-03-12,2026,3,Thursday,Clothing,1147.24,1860.9299999999998,3721.86,2294.48,1427.38
TXN-101300,2026-04-22 16:25:00,STR-114,CUST-5049,PRD-1018,4,17272.73,0.15,58727.28,Debit Card,In-Store,,2026-04-22,2026,4,Wednesday,Clothing,12848.42,14681.8205,58727.28,51393.68,7333.6
TXN-101301,2026-01-27 17:50:00,STR-112,CUST-5150,PRD-1012,3,5210.26,0.15,13286.16,Debit Card,In-Store,,2026-01-27,2026,1,Tuesday,Sports & Outdoors,2949.0,4428.7210000000005,13286.16,8847.0,4439.16
TXN-101302,2026-04-25 14:38:00,STR-111,CUST-5069,PRD-1013,4,24637.91,0.15,83768.89,Debit Card,Mobile App,,2026-04-25,2026,4,Saturday,Home & Kitchen,18397.7,20942.2235,83768.89,73590.8,10178.09
TXN-101303,2026-04-20 11:36:00,STR-105,CUST-5095,PRD-1006,5,17604.11,0.15,74817.47,UPI,Online,,2026-04-20,2026,4,Monday,Clothing,11059.92,14963.4935,74817.47,55299.6,19517.87
TXN-101304,2026-03-06 17:26:00,STR-104,CUST-5154,PRD-1010,1,24341.31,0.2,19473.05,Cash,Online,,2026-03-06,2026,3,Friday,Electronics,15506.95,19473.048000000003,19473.05,15506.95,3966.1
TXN-101305,2026-02-16 20:20:00,STR-106,CUST-5047,PRD-1025,1,12590.63,0.0,12590.63,Debit Card,In-Store,,2026-02-16,2026,2,Monday,Sports & Outdoors,9113.47,12590.63,12590.63,9113.47,3477.16
TXN-101306,2026-04-06 10:49:00,STR-105,CUST-5031,PRD-1004,2,18042.2,0.1,32475.96,UPI,Online,,2026-04-06,2026,4,Monday,Clothing,12833.5,16237.980000000001,32475.96,25667.0,6808.96
TXN-101307,2026-02-24 15:36:00,STR-112,CUST-5082,PRD-1044,1,2067.7,0.1,1860.93,Credit Card,Mobile App,,2026-02-24,2026,2,Tuesday,Clothing,1147.24,1860.9299999999998,1860.93,1147.24,713.69
TXN-101308,2026-06-04 11:33:00,STR-103,CUST-5026,PRD-1004,4,18042.2,0.1,64951.92,Cash,Online,,2026-06-04,2026,6,Thursday,Clothing,12833.5,16237.980000000001,64951.92,51334.0,13617.92
TXN-101309,2026-05-27 18:26:00,STR-110,CUST-5193,PRD-1045,5,14916.37,0.0,74581.85,Net Banking,Online,,2026-05-27,2026,5,Wednesday,Clothing,8228.67,14916.37,74581.85,41143.35,33438.5
TXN-101310,2026-01-13 20:31:00,STR-107,CUST-5011,PRD-1020,2,2120.69,0.05,4029.31,Debit Card,Online,,2026-01-13,2026,1,Tuesday,Home & Kitchen,1611.77,2014.6554999999998,4029.31,3223.54,805.77
TXN-101311,2026-02-13 17:20:00,STR-109,CUST-5098,PRD-1007,1,23951.68,0.15,20358.93,Credit Card,Mobile App,,2026-02-13,2026,2,Friday,Clothing,15027.69,20358.928,20358.93,15027.69,5331.24
TXN-101312,2026-06-14 20:54:00,STR-109,CUST-5001,PRD-1001,3,18543.28,0.0,55629.84,Net Banking,Online,,2026-06-14,2026,6,Sunday,Clothing,13084.9,18543.28,55629.84,39254.7,16375.14
TXN-101313,2026-05-17 16:02:00,STR-105,CUST-5165,PRD-1008,4,2868.65,0.0,11474.6,UPI,In-Store,,2026-05-17,2026,5,Sunday,Beauty & Care,2136.93,2868.65,11474.6,8547.72,2926.88
TXN-101314,2026-03-19 12:20:00,STR-112,CUST-5088,PRD-1030,1,3232.14,0.15,2747.32,Net Banking,In-Store,,2026-03-19,2026,3,Thursday,Home & Kitchen,2100.88,2747.319,2747.32,2100.88,646.44
TXN-101315,2026-06-06 08:25:00,STR-104,CUST-5178,PRD-1035,3,15173.74,0.15,38693.04,Net Banking,Online,,2026-06-06,2026,6,Saturday,Electronics,10050.77,12897.679,38693.04,30152.31,8540.73
TXN-101316,2026-06-08 09:01:00,STR-103,CUST-5012,PRD-1041,1,23258.31,0.1,20932.48,UPI,In-Store,,2026-06-08,2026,6,Monday,Clothing,16832.29,20932.479000000003,20932.48,16832.29,4100.19
TXN-101317,2026-02-27 10:05:00,STR-103,CUST-5185,PRD-1006,3,17604.11,0.15,44890.48,Debit Card,Mobile App,,2026-02-27,2026,2,Friday,Clothing,11059.92,14963.4935,44890.48,33179.76,11710.72
TXN-101318,2026-01-12 09:03:00,STR-104,CUST-5019,PRD-1000,1,1111.79,0.1,1000.61,Debit Card,Online,,2026-01-12,2026,1,Monday,Electronics,681.81,1000.611,1000.61,681.81,318.8
TXN-101319,2026-03-11 19:10:00,STR-114,CUST-5035,PRD-1044,5,2067.7,0.15,8787.73,Cash,Online,,2026-03-11,2026,3,Wednesday,Clothing,1147.24,1757.5449999999998,8787.72,5736.2,3051.52
TXN-101320,2026-02-07 20:37:00,STR-114,CUST-5105,PRD-1007,2,23951.68,0.1,43113.02,Net Banking,Mobile App,,2026-02-07,2026,2,Saturday,Clothing,15027.69,21556.512000000002,43113.02,30055.38,13057.64
TXN-101321,2026-03-03 17:30:00,STR-110,CUST-5125,PRD-1007,5,23951.68,0.2,95806.72,Debit Card,Online,,2026-03-03,2026,3,Tuesday,Clothing,15027.69,19161.344,95806.72,75138.45,20668.27
TXN-101322,2026-01-24 12:49:00,STR-104,CUST-5182,PRD-1049,4,12079.91,0.05,45903.66,UPI,Online,,2026-01-24,2026,1,Saturday,Sports & Outdoors,8823.92,11475.914499999999,45903.66,35295.68,10607.98
TXN-101323,2026-06-27 09:04:00,STR-107,CUST-5015,PRD-1035,2,15173.74,0.05,28830.11,Credit Card,In-Store,,2026-06-27,2026,6,Saturday,Electronics,10050.77,14415.053,28830.11,20101.54,8728.57
TXN-101324,2026-04-09 11:31:00,STR-101,CUST-5087,PRD-1042,2,10274.71,0.15,17467.01,Credit Card,Mobile App,,2026-04-09,2026,4,Thursday,Home & Kitchen,7238.41,8733.503499999999,17467.01,14476.82,2990.19
TXN-101325,2026-03-22 20:19:00,STR-111,CUST-5116,PRD-1048,5,13710.77,0.2,54843.08,Credit Card,Mobile App,,2026-03-22,2026,3,Sunday,Clothing,9822.0,10968.616000000002,54843.08,49110.0,5733.08
TXN-101326,2026-04-04 14:28:00,STR-113,CUST-5158,PRD-1006,2,17604.11,0.05,33447.81,Cash,In-Store,,2026-04-04,2026,4,Saturday,Clothing,11059.92,16723.9045,33447.81,22119.84,11327.97
TXN-101327,2026-01-18 12:27:00,STR-102,CUST-5175,PRD-1049,4,12079.91,0.05,45903.66,Debit Card,Mobile App,,2026-01-18,2026,1,Sunday,Sports & Outdoors,8823.92,11475.914499999999,45903.66,35295.68,10607.98
TXN-101328,2026-04-29 09:47:00,STR-101,CUST-5061,PRD-1041,1,23258.31,0.05,22095.39,UPI,Online,,2026-04-29,2026,4,Wednesday,Clothing,16832.29,22095.3945,22095.39,16832.29,5263.1
TXN-101329,2026-05-02 18:33:00,STR-107,CUST-5090,PRD-1011,3,20820.24,0.0,62460.72,Debit Card,In-Store,,2026-05-02,2026,5,Saturday,Home & Kitchen,14413.01,20820.24,62460.72,43239.03,19221.69
TXN-101330,2026-04-21 11:09:00,STR-106,CUST-5128,PRD-1035,1,15173.74,0.1,13656.37,Net Banking,Mobile App,,2026-04-21,2026,4,Tuesday,Electronics,10050.77,13656.366,13656.37,10050.77,3605.6
TXN-101331,2026-03-11 13:06:00,STR-100,CUST-5166,PRD-1021,1,5708.56,0.15,4852.28,Net Banking,Mobile App,,2026-03-11,2026,3,Wednesday,Home & Kitchen,3795.18,4852.276,4852.28,3795.18,1057.1
TXN-101332,2026-02-18 14:11:00,STR-109,CUST-5070,PRD-1027,2,2055.49,0.1,3699.88,Cash,Mobile App,,2026-02-18,2026,2,Wednesday,Sports & Outdoors,1310.93,1849.9409999999998,3699.88,2621.86,1078.02
TXN-101333,2026-01-28 18:03:00,STR-110,CUST-5063,PRD-1031,5,23868.44,0.15,101440.87,UPI,In-Store,,2026-01-28,2026,1,Wednesday,Electronics,17935.85,20288.174,101440.87,89679.25,11761.62
TXN-101334,2026-05-28 12:15:00,STR-101,CUST-5136,PRD-1007,1,23951.68,0.0,23951.68,UPI,Online,,2026-05-28,2026,5,Thursday,Clothing,15027.69,23951.68,23951.68,15027.69,8923.99
TXN-101335,2026-04-11 14:06:00,STR-103,CUST-5187,PRD-1014,5,7309.63,0.15,31065.93,Debit Card,Online,,2026-04-11,2026,4,Saturday,Beauty & Care,5089.02,6213.1855,31065.93,25445.1,5620.83
TXN-101336,2026-03-30 18:18:00,STR-111,CUST-5152,PRD-1013,2,24637.91,0.05,46812.03,Debit Card,Mobile App,,2026-03-30,2026,3,Monday,Home & Kitchen,18397.7,23406.014499999997,46812.03,36795.4,10016.63
TXN-101337,2026-05-09 19:39:00,STR-107,CUST-5189,PRD-1000,1,1111.79,0.05,1056.2,Debit Card,Mobile App,,2026-05-09,2026,5,Saturday,Electronics,681.81,1056.2005,1056.2,681.81,374.39
TXN-101338,2026-06-24 09:10:00,STR-102,CUST-5085,PRD-1015,2,9568.8,0.1,17223.84,Net Banking,In-Store,,2026-06-24,2026,6,Wednesday,Clothing,5723.93,8611.92,17223.84,11447.86,5775.98
TXN-101339,2026-03-27 08:11:00,STR-104,CUST-5019,PRD-1000,4,1111.79,0.15,3780.09,Credit Card,Mobile App,,2026-03-27,2026,3,Friday,Electronics,681.81,945.0215,3780.09,2727.24,1052.85
TXN-101340,2026-04-01 15:37:00,STR-100,CUST-5125,PRD-1048,1,13710.77,0.2,10968.62,Credit Card,Online,,2026-04-01,2026,4,Wednesday,Clothing,9822.0,10968.616000000002,10968.62,9822.0,1146.62
TXN-101341,2026-05-26 18:18:00,STR-113,CUST-5058,PRD-1007,1,23951.68,0.0,23951.68,Cash,Mobile App,,2026-05-26,2026,5,Tuesday,Clothing,15027.69,23951.68,23951.68,15027.69,8923.99
TXN-101342,2026-01-26 12:51:00,STR-111,CUST-5085,PRD-1010,2,24341.31,0.0,48682.62,Net Banking,Online,,2026-01-26,2026,1,Monday,Electronics,15506.95,24341.31,48682.62,31013.9,17668.72
TXN-101343,2026-03-07 18:31:00,STR-104,CUST-5093,PRD-1047,3,13096.34,0.2,31431.22,Net Banking,In-Store,,2026-03-07,2026,3,Saturday,Electronics,8041.8,10477.072,31431.22,24125.4,7305.82
TXN-101344,2026-05-13 20:42:00,STR-113,CUST-5152,PRD-1022,3,6988.83,0.1,18869.84,Net Banking,In-Store,,2026-05-13,2026,5,Wednesday,Clothing,4240.29,6289.947,18869.84,12720.87,6148.97
TXN-101345,2026-02-07 14:54:00,STR-103,CUST-5168,PRD-1017,5,11824.84,0.0,59124.2,Credit Card,Online,,2026-02-07,2026,2,Saturday,Clothing,7237.84,11824.84,59124.2,36189.2,22935.0
TXN-101346,2026-05-28 19:44:00,STR-106,CUST-5092,PRD-1031,1,23868.44,0.05,22675.02,Credit Card,Mobile App,,2026-05-28,2026,5,Thursday,Electronics,17935.85,22675.017999999996,22675.02,17935.85,4739.17
TXN-101347,2026-06-13 09:17:00,STR-114,CUST-5160,PRD-1005,2,11505.07,0.15,19558.62,Cash,Online,,2026-06-13,2026,6,Saturday,Clothing,7063.93,9779.3095,19558.62,14127.86,5430.76
TXN-101348,2026-06-23 13:56:00,STR-105,CUST-5100,PRD-1033,2,21120.74,0.1,38017.33,Cash,Online,,2026-06-23,2026,6,Tuesday,Home & Kitchen,14082.52,19008.666,38017.33,28165.04,9852.29
TXN-101349,2026-01-11 17:33:00,STR-111,CUST-5087,PRD-1017,3,11824.84,0.05,33700.79,Cash,In-Store,,2026-01-11,2026,1,Sunday,Clothing,7237.84,11233.598,33700.79,21713.52,11987.27
TXN-101350,2026-03-30 12:07:00,STR-100,CUST-5127,PRD-1027,4,2055.49,0.2,6577.57,Credit Card,Online,,2026-03-30,2026,3,Monday,Sports & Outdoors,1310.93,1644.3919999999998,6577.57,5243.72,1333.85
TXN-101351,2026-03-16 17:35:00,STR-110,CUST-5041,PRD-1043,2,22540.44,0.2,36064.7,Debit Card,Online,,2026-03-16,2026,3,Monday,Beauty & Care,14737.88,18032.352,36064.7,29475.76,6588.94
TXN-101352,2026-01-04 15:02:00,STR-103,CUST-5072,PRD-1018,1,17272.73,0.1,15545.46,Cash,In-Store,,2026-01-04,2026,1,Sunday,Clothing,12848.42,15545.457,15545.46,12848.42,2697.04
TXN-101353,2026-01-02 14:22:00,STR-110,CUST-5000,PRD-1003,4,6199.42,0.1,22317.91,UPI,Online,,2026-01-02,2026,1,Friday,Clothing,4268.08,5579.478,22317.91,17072.32,5245.59
TXN-101354,2026-05-09 18:49:00,STR-108,CUST-5039,PRD-1008,3,2868.65,0.1,7745.36,UPI,Mobile App,,2026-05-09,2026,5,Saturday,Beauty & Care,2136.93,2581.7850000000003,7745.36,6410.79,1334.57
TXN-101355,2026-04-21 17:58:00,STR-101,CUST-5074,PRD-1017,2,11824.84,0.05,22467.2,Credit Card,In-Store,,2026-04-21,2026,4,Tuesday,Clothing,7237.84,11233.598,22467.2,14475.68,7991.52
TXN-101356,2026-06-23 18:24:00,STR-106,CUST-5102,PRD-1030,3,3232.14,0.05,9211.6,UPI,Online,,2026-06-23,2026,6,Tuesday,Home & Kitchen,2100.88,3070.533,9211.6,6302.64,2908.96
TXN-101357,2026-02-14 17:27:00,STR-110,CUST-5082,PRD-1019,5,20633.99,0.1,92852.96,Cash,In-Store,,2026-02-14,2026,2,Saturday,Clothing,15169.3,18570.591,92852.96,75846.5,17006.46
TXN-101358,2026-02-04 14:35:00,STR-103,CUST-5077,PRD-1043,2,22540.44,0.1,40572.79,Debit Card,In-Store,,2026-02-04,2026,2,Wednesday,Beauty & Care,14737.88,20286.396,40572.79,29475.76,11097.03
TXN-101359,2026-05-20 10:24:00,STR-112,CUST-5111,PRD-1019,5,20633.99,0.15,87694.46,UPI,In-Store,,2026-05-20,2026,5,Wednesday,Clothing,15169.3,17538.8915,87694.46,75846.5,11847.96
TXN-101360,2026-05-09 18:45:00,STR-105,CUST-5119,PRD-1033,4,21120.74,0.1,76034.66,Debit Card,Online,,2026-05-09,2026,5,Saturday,Home & Kitchen,14082.52,19008.666,76034.66,56330.08,19704.58
TXN-101361,2026-04-29 08:58:00,STR-108,CUST-5006,PRD-1029,4,17201.59,0.15,58485.41,Net Banking,In-Store,,2026-04-29,2026,4,Wednesday,Electronics,11585.33,14621.351499999999,58485.41,46341.32,12144.09
TXN-101362,2026-03-19 20:15:00,STR-109,CUST-5131,PRD-1048,2,13710.77,0.2,21937.23,Debit Card,In-Store,,2026-03-19,2026,3,Thursday,Clothing,9822.0,10968.616000000002,21937.23,19644.0,2293.23
TXN-101363,2026-03-17 08:48:00,STR-113,CUST-5100,PRD-1039,5,3644.72,0.2,14578.88,Credit Card,Online,,2026-03-17,2026,3,Tuesday,Clothing,2403.02,2915.776,14578.88,12015.1,2563.78
TXN-101364,2026-05-13 15:53:00,STR-100,CUST-5021,PRD-1042,1,10274.71,0.15,8733.5,UPI,Online,,2026-05-13,2026,5,Wednesday,Home & Kitchen,7238.41,8733.503499999999,8733.5,7238.41,1495.09
TXN-101365,2026-06-02 09:52:00,STR-104,CUST-5144,PRD-1041,1,23258.31,0.1,20932.48,Net Banking,Mobile App,,2026-06-02,2026,6,Tuesday,Clothing,16832.29,20932.479000000003,20932.48,16832.29,4100.19
TXN-101366,2026-05-30 18:32:00,STR-111,CUST-5183,PRD-1021,1,5708.56,0.0,5708.56,UPI,Mobile App,,2026-05-30,2026,5,Saturday,Home & Kitchen,3795.18,5708.56,5708.56,3795.18,1913.38
TXN-101367,2026-05-24 19:31:00,STR-102,CUST-5057,PRD-1013,5,24637.91,0.05,117030.07,Credit Card,Online,,2026-05-24,2026,5,Sunday,Home & Kitchen,18397.7,23406.014499999997,117030.07,91988.5,25041.57
TXN-101368,2026-05-05 17:44:00,STR-103,CUST-5029,PRD-1040,3,6993.15,0.0,20979.45,UPI,In-Store,,2026-05-05,2026,5,Tuesday,Clothing,5249.48,6993.15,20979.45,15748.44,5231.01
TXN-101369,2026-05-14 09:15:00,STR-103,CUST-5026,PRD-1009,5,20274.45,0.0,101372.25,Net Banking,In-Store,,2026-05-14,2026,5,Thursday,Home & Kitchen,14553.78,20274.45,101372.25,72768.9,28603.35
TXN-101370,2026-01-15 09:19:00,STR-106,CUST-5123,PRD-1032,4,19167.84,0.15,65170.66,Credit Card,In-Store,,2026-01-15,2026,1,Thursday,Sports & Outdoors,12780.48,16292.663999999999,65170.66,51121.92,14048.74
TXN-101371,2026-06-24 15:54:00,STR-110,CUST-5157,PRD-1034,3,9660.26,0.2,23184.62,UPI,Online,,2026-06-24,2026,6,Wednesday,Clothing,5672.08,7728.2080000000005,23184.62,17016.24,6168.38
TXN-101372,2026-02-06 21:47:00,STR-110,CUST-5061,PRD-1009,1,20274.45,0.05,19260.73,Credit Card,Mobile App,,2026-02-06,2026,2,Friday,Home & Kitchen,14553.78,19260.7275,19260.73,14553.78,4706.95
TXN-101373,2026-05-02 15:18:00,STR-104,CUST-5170,PRD-1047,5,13096.34,0.05,62207.61,UPI,Mobile App,,2026-05-02,2026,5,Saturday,Electronics,8041.8,12441.523,62207.62,40209.0,21998.62
TXN-101374,2026-04-11 14:44:00,STR-112,CUST-5027,PRD-1031,3,23868.44,0.1,64444.79,Net Banking,Online,,2026-04-11,2026,4,Saturday,Electronics,17935.85,21481.595999999998,64444.79,53807.55,10637.24
TXN-101375,2026-03-14 15:07:00,STR-109,CUST-5099,PRD-1027,2,2055.49,0.0,4110.98,UPI,Mobile App,,2026-03-14,2026,3,Saturday,Sports & Outdoors,1310.93,2055.49,4110.98,2621.86,1489.12
TXN-101376,2026-04-24 08:58:00,STR-114,CUST-5090,PRD-1019,1,20633.99,0.2,16507.19,Credit Card,Online,,2026-04-24,2026,4,Friday,Clothing,15169.3,16507.192000000003,16507.19,15169.3,1337.89
TXN-101377,2026-01-03 10:22:00,STR-108,CUST-5128,PRD-1046,4,2150.38,0.1,7741.37,Credit Card,Online,,2026-01-03,2026,1,Saturday,Clothing,1198.25,1935.342,7741.37,4793.0,2948.37
TXN-101378,2026-05-12 09:11:00,STR-110,CUST-5038,PRD-1045,5,14916.37,0.15,63394.57,Debit Card,Mobile App,,2026-05-12,2026,5,Tuesday,Clothing,8228.67,12678.9145,63394.57,41143.35,22251.22
TXN-101379,2026-04-28 19:54:00,STR-112,CUST-5035,PRD-1046,5,2150.38,0.1,9676.71,Debit Card,Mobile App,,2026-04-28,2026,4,Tuesday,Clothing,1198.25,1935.342,9676.71,5991.25,3685.46
TXN-101380,2026-06-15 15:24:00,STR-107,CUST-5155,PRD-1019,4,20633.99,0.0,82535.96,Credit Card,Mobile App,,2026-06-15,2026,6,Monday,Clothing,15169.3,20633.99,82535.96,60677.2,21858.76
TXN-101381,2026-03-08 10:44:00,STR-105,CUST-5150,PRD-1045,5,14916.37,0.2,59665.48,Cash,Online,,2026-03-08,2026,3,Sunday,Clothing,8228.67,11933.096000000001,59665.48,41143.35,18522.13
TXN-101382,2026-01-18 08:01:00,STR-113,CUST-5187,PRD-1037,5,1918.22,0.15,8152.44,Credit Card,In-Store,,2026-01-18,2026,1,Sunday,Clothing,1442.39,1630.487,8152.44,7211.95,940.49
TXN-101383,2026-06-23 15:20:00,STR-112,CUST-5059,PRD-1006,1,17604.11,0.15,14963.49,Credit Card,In-Store,,2026-06-23,2026,6,Tuesday,Clothing,11059.92,14963.4935,14963.49,11059.92,3903.57
TXN-101384,2026-01-17 08:39:00,STR-104,CUST-5029,PRD-1011,4,20820.24,0.15,70788.82,UPI,Mobile App,,2026-01-17,2026,1,Saturday,Home & Kitchen,14413.01,17697.204,70788.82,57652.04,13136.78
TXN-101385,2026-06-05 18:53:00,STR-100,CUST-5044,PRD-1004,4,18042.2,0.1,64951.92,Debit Card,In-Store,,2026-06-05,2026,6,Friday,Clothing,12833.5,16237.980000000001,64951.92,51334.0,13617.92
TXN-101386,2026-02-04 18:36:00,STR-108,CUST-5051,PRD-1044,4,2067.7,0.15,7030.18,Credit Card,Online,,2026-02-04,2026,2,Wednesday,Clothing,1147.24,1757.5449999999998,7030.18,4588.96,2441.22
TXN-101387,2026-02-27 11:47:00,STR-102,CUST-5111,PRD-1031,4,23868.44,0.1,85926.38,Cash,In-Store,,2026-02-27,2026,2,Friday,Electronics,17935.85,21481.595999999998,85926.38,71743.4,14182.98
TXN-101388,2026-06-11 18:06:00,STR-103,CUST-5008,PRD-1005,5,11505.07,0.0,57525.35,Credit Card,In-Store,,2026-06-11,2026,6,Thursday,Clothing,7063.93,11505.07,57525.35,35319.65,22205.7
TXN-101389,2026-05-20 21:04:00,STR-105,CUST-5047,PRD-1023,4,6936.43,0.2,22196.58,Cash,Online,,2026-05-20,2026,5,Wednesday,Sports & Outdoors,4747.67,5549.144,22196.58,18990.68,3205.9
TXN-101390,2026-05-02 16:22:00,STR-105,CUST-5158,PRD-1012,2,5210.26,0.2,8336.42,Cash,In-Store,,2026-05-02,2026,5,Saturday,Sports & Outdoors,2949.0,4168.2080000000005,8336.42,5898.0,2438.42
TXN-101391,2026-06-10 14:55:00,STR-101,CUST-5145,PRD-1004,4,18042.2,0.15,61343.48,UPI,In-Store,,2026-06-10,2026,6,Wednesday,Clothing,12833.5,15335.87,61343.48,51334.0,10009.48
TXN-101392,2026-01-31 15:14:00,STR-100,CUST-5153,PRD-1033,3,21120.74,0.0,63362.22,Cash,Online,,2026-01-31,2026,1,Saturday,Home & Kitchen,14082.52,21120.74,63362.22,42247.56,21114.66
TXN-101393,2026-03-06 14:45:00,STR-105,CUST-5017,PRD-1001,2,18543.28,0.1,33377.9,Credit Card,Online,,2026-03-06,2026,3,Friday,Clothing,13084.9,16688.952,33377.9,26169.8,7208.1
TXN-101394,2026-03-03 21:33:00,STR-114,CUST-5156,PRD-1004,5,18042.2,0.2,72168.8,Cash,Online,,2026-03-03,2026,3,Tuesday,Clothing,12833.5,14433.760000000002,72168.8,64167.5,8001.3
TXN-101395,2026-05-20 19:57:00,STR-101,CUST-5149,PRD-1025,5,12590.63,0.0,62953.15,Net Banking,Online,,2026-05-20,2026,5,Wednesday,Sports & Outdoors,9113.47,12590.63,62953.15,45567.35,17385.8
TXN-101396,2026-03-28 14:16:00,STR-103,CUST-5085,PRD-1041,1,23258.31,0.0,23258.31,UPI,In-Store,,2026-03-28,2026,3,Saturday,Clothing,16832.29,23258.31,23258.31,16832.29,6426.02
TXN-101397,2026-06-19 08:15:00,STR-107,CUST-5018,PRD-1013,5,24637.91,0.1,110870.6,Cash,Mobile App,,2026-06-19,2026,6,Friday,Home & Kitchen,18397.7,22174.119,110870.6,91988.5,18882.1
TXN-101398,2026-01-19 14:38:00,STR-111,CUST-5156,PRD-1044,1,2067.7,0.1,1860.93,UPI,Mobile App,,2026-01-19,2026,1,Monday,Clothing,1147.24,1860.9299999999998,1860.93,1147.24,713.69
TXN-101399,2026-01-11 09:02:00,STR-107,CUST-5129,PRD-1030,2,3232.14,0.1,5817.85,Credit Card,Mobile App,,2026-01-11,2026,1,Sunday,Home & Kitchen,2100.88,2908.926,5817.85,4201.76,1616.09
TXN-101400,2026-03-19 20:54:00,STR-114,CUST-5058,PRD-1022,4,6988.83,0.15,23762.02,UPI,In-Store,,2026-03-19,2026,3,Thursday,Clothing,4240.29,5940.5055,23762.02,16961.16,6800.86
TXN-101401,2026-06-05 21:24:00,STR-110,CUST-5175,PRD-1001,2,18543.28,0.2,29669.25,UPI,Mobile App,,2026-06-05,2026,6,Friday,Clothing,13084.9,14834.624,29669.25,26169.8,3499.45
TXN-101402,2026-04-07 19:08:00,STR-106,CUST-5179,PRD-1030,1,3232.14,0.15,2747.32,Net Banking,Mobile App,,2026-04-07,2026,4,Tuesday,Home & Kitchen,2100.88,2747.319,2747.32,2100.88,646.44
TXN-101403,2026-01-31 17:57:00,STR-105,CUST-5090,PRD-1008,1,2868.65,0.15,2438.35,Credit Card,Online,,2026-01-31,2026,1,Saturday,Beauty & Care,2136.93,2438.3525,2438.35,2136.93,301.42
TXN-101404,2026-03-01 09:37:00,STR-100,CUST-5058,PRD-1027,1,2055.49,0.05,1952.72,Net Banking,Mobile App,,2026-03-01,2026,3,Sunday,Sports & Outdoors,1310.93,1952.7154999999998,1952.72,1310.93,641.79
TXN-101405,2026-01-12 20:00:00,STR-113,CUST-5184,PRD-1048,5,13710.77,0.2,54843.08,Credit Card,In-Store,,2026-01-12,2026,1,Monday,Clothing,9822.0,10968.616000000002,54843.08,49110.0,5733.08
TXN-101406,2026-04-23 10:18:00,STR-100,CUST-5080,PRD-1004,1,18042.2,0.05,17140.09,Debit Card,Mobile App,,2026-04-23,2026,4,Thursday,Clothing,12833.5,17140.09,17140.09,12833.5,4306.59
TXN-101407,2026-02-03 17:25:00,STR-107,CUST-5168,PRD-1041,2,23258.31,0.1,41864.96,UPI,Mobile App,,2026-02-03,2026,2,Tuesday,Clothing,16832.29,20932.479000000003,41864.96,33664.58,8200.38
TXN-101408,2026-05-20 11:31:00,STR-111,CUST-5188,PRD-1004,1,18042.2,0.1,16237.98,Debit Card,In-Store,,2026-05-20,2026,5,Wednesday,Clothing,12833.5,16237.980000000001,16237.98,12833.5,3404.48
TXN-101409,2026-05-22 12:55:00,STR-110,CUST-5062,PRD-1028,3,6658.9,0.1,17979.03,Cash,Online,,2026-05-22,2026,5,Friday,Sports & Outdoors,4509.69,5993.01,17979.03,13529.07,4449.96
TXN-101410,2026-01-27 08:22:00,STR-114,CUST-5105,PRD-1020,5,2120.69,0.2,8482.76,Cash,Online,,2026-01-27,2026,1,Tuesday,Home & Kitchen,1611.77,1696.5520000000001,8482.76,8058.85,423.91
TXN-101411,2026-02-05 21:33:00,STR-103,CUST-5078,PRD-1017,1,11824.84,0.05,11233.6,Cash,In-Store,,2026-02-05,2026,2,Thursday,Clothing,7237.84,11233.598,11233.6,7237.84,3995.76
TXN-101412,2026-01-10 11:44:00,STR-107,CUST-5166,PRD-1007,3,23951.68,0.05,68262.29,Net Banking,In-Store,,2026-01-10,2026,1,Saturday,Clothing,15027.69,22754.095999999998,68262.29,45083.07,23179.22
TXN-101413,2026-03-11 12:37:00,STR-106,CUST-5076,PRD-1001,4,18543.28,0.0,74173.12,UPI,In-Store,,2026-03-11,2026,3,Wednesday,Clothing,13084.9,18543.28,74173.12,52339.6,21833.52
TXN-101414,2026-05-07 08:55:00,STR-106,CUST-5098,PRD-1017,5,11824.84,0.15,50255.57,Net Banking,In-Store,,2026-05-07,2026,5,Thursday,Clothing,7237.84,10051.114,50255.57,36189.2,14066.37
TXN-101415,2026-02-17 18:27:00,STR-108,CUST-5013,PRD-1014,2,7309.63,0.15,12426.37,Debit Card,In-Store,,2026-02-17,2026,2,Tuesday,Beauty & Care,5089.02,6213.1855,12426.37,10178.04,2248.33
TXN-101416,2026-06-05 20:57:00,STR-105,CUST-5067,PRD-1034,3,9660.26,0.0,28980.78,Cash,In-Store,,2026-06-05,2026,6,Friday,Clothing,5672.08,9660.26,28980.78,17016.24,11964.54
TXN-101417,2026-06-09 14:55:00,STR-106,CUST-5186,PRD-1048,1,13710.77,0.1,12339.69,UPI,In-Store,,2026-06-09,2026,6,Tuesday,Clothing,9822.0,12339.693000000001,12339.69,9822.0,2517.69
TXN-101418,2026-05-17 15:27:00,STR-109,CUST-5184,PRD-1035,4,15173.74,0.1,54625.46,Cash,Mobile App,,2026-05-17,2026,5,Sunday,Electronics,10050.77,13656.366,54625.46,40203.08,14422.38
TXN-101419,2026-04-30 19:59:00,STR-103,CUST-5033,PRD-1016,2,15423.32,0.15,26219.64,UPI,Online,,2026-04-30,2026,4,Thursday,Electronics,9089.92,13109.822,26219.64,18179.84,8039.8
TXN-101420,2026-03-05 20:34:00,STR-104,CUST-5086,PRD-1043,3,22540.44,0.0,67621.32,Cash,Online,,2026-03-05,2026,3,Thursday,Beauty & Care,14737.88,22540.44,67621.32,44213.64,23407.68
TXN-101421,2026-04-03 12:42:00,STR-104,CUST-5167,PRD-1002,5,14966.66,0.1,67349.97,Cash,In-Store,,2026-04-03,2026,4,Friday,Electronics,8341.07,13469.994,67349.97,41705.35,25644.62
TXN-101422,2026-06-19 13:53:00,STR-104,CUST-5045,PRD-1007,3,23951.68,0.2,57484.03,Net Banking,Online,,2026-06-19,2026,6,Friday,Clothing,15027.69,19161.344,57484.03,45083.07,12400.96
TXN-101423,2026-04-30 08:22:00,STR-107,CUST-5163,PRD-1001,4,18543.28,0.0,74173.12,Cash,In-Store,,2026-04-30,2026,4,Thursday,Clothing,13084.9,18543.28,74173.12,52339.6,21833.52
TXN-101424,2026-01-21 12:57:00,STR-109,CUST-5141,PRD-1026,1,15872.06,0.2,12697.65,Debit Card,In-Store,,2026-01-21,2026,1,Wednesday,Clothing,11621.18,12697.648000000001,12697.65,11621.18,1076.47
TXN-101425,2026-03-12 12:55:00,STR-107,CUST-5032,PRD-1028,2,6658.9,0.1,11986.02,Credit Card,Mobile App,,2026-03-12,2026,3,Thursday,Sports & Outdoors,4509.69,5993.01,11986.02,9019.38,2966.64
TXN-101426,2026-06-17 08:14:00,STR-101,CUST-5167,PRD-1011,2,20820.24,0.2,33312.38,UPI,In-Store,,2026-06-17,2026,6,Wednesday,Home & Kitchen,14413.01,16656.192000000003,33312.38,28826.02,4486.36
TXN-101427,2026-05-29 13:02:00,STR-108,CUST-5183,PRD-1043,5,22540.44,0.15,95796.87,Credit Card,In-Store,,2026-05-29,2026,5,Friday,Beauty & Care,14737.88,19159.374,95796.87,73689.4,22107.47
TXN-101428,2026-01-05 18:54:00,STR-113,CUST-5090,PRD-1045,3,14916.37,0.1,40274.2,Cash,Mobile App,,2026-01-05,2026,1,Monday,Clothing,8228.67,13424.733,40274.2,24686.01,15588.19
TXN-101429,2026-03-31 09:04:00,STR-108,CUST-5113,PRD-1002,5,14966.66,0.05,71091.63,UPI,Mobile App,,2026-03-31,2026,3,Tuesday,Electronics,8341.07,14218.327,71091.63,41705.35,29386.28
TXN-101430,2026-03-25 17:23:00,STR-113,CUST-5174,PRD-1004,2,18042.2,0.05,34280.18,Net Banking,In-Store,,2026-03-25,2026,3,Wednesday,Clothing,12833.5,17140.09,34280.18,25667.0,8613.18
TXN-101431,2026-02-06 08:20:00,STR-109,CUST-5092,PRD-1041,4,23258.31,0.1,83729.92,Debit Card,Online,,2026-02-06,2026,2,Friday,Clothing,16832.29,20932.479000000003,83729.92,67329.16,16400.76
TXN-101432,2026-03-17 17:01:00,STR-102,CUST-5094,PRD-1041,3,23258.31,0.15,59308.69,UPI,Online,,2026-03-17,2026,3,Tuesday,Clothing,16832.29,19769.5635,59308.69,50496.87,8811.82
TXN-101433,2026-01-28 17:13:00,STR-112,CUST-5080,PRD-1009,5,20274.45,0.0,101372.25,Cash,Mobile App,,2026-01-28,2026,1,Wednesday,Home & Kitchen,14553.78,20274.45,101372.25,72768.9,28603.35
TXN-101434,2026-03-30 11:24:00,STR-113,CUST-5149,PRD-1049,5,12079.91,0.2,48319.64,UPI,Mobile App,,2026-03-30,2026,3,Monday,Sports & Outdoors,8823.92,9663.928,48319.64,44119.6,4200.04
TXN-101435,2026-06-16 09:04:00,STR-114,CUST-5057,PRD-1046,2,2150.38,0.15,3655.65,Cash,Mobile App,,2026-06-16,2026,6,Tuesday,Clothing,1198.25,1827.823,3655.65,2396.5,1259.15
TXN-101436,2026-05-18 19:07:00,STR-113,CUST-5135,PRD-1036,5,22028.56,0.15,93621.38,UPI,Mobile App,,2026-05-18,2026,5,Monday,Home & Kitchen,16329.4,18724.276,93621.38,81647.0,11974.38
TXN-101437,2026-04-23 13:17:00,STR-103,CUST-5147,PRD-1030,5,3232.14,0.2,12928.56,Debit Card,In-Store,,2026-04-23,2026,4,Thursday,Home & Kitchen,2100.88,2585.712,12928.56,10504.4,2424.16
TXN-101438,2026-03-01 15:20:00,STR-111,CUST-5029,PRD-1021,2,5708.56,0.1,10275.41,Credit Card,Online,,2026-03-01,2026,3,Sunday,Home & Kitchen,3795.18,5137.704000000001,10275.41,7590.36,2685.05
TXN-101439,2026-01-21 13:35:00,STR-108,CUST-5019,PRD-1046,4,2150.38,0.1,7741.37,Debit Card,Mobile App,,2026-01-21,2026,1,Wednesday,Clothing,1198.25,1935.342,7741.37,4793.0,2948.37
TXN-101440,2026-04-25 20:26:00,STR-103,CUST-5145,PRD-1030,5,3232.14,0.05,15352.66,Credit Card,Mobile App,,2026-04-25,2026,4,Saturday,Home & Kitchen,2100.88,3070.533,15352.66,10504.4,4848.26
TXN-101441,2026-06-20 10:38:00,STR-104,CUST-5073,PRD-1015,4,9568.8,0.2,30620.16,Debit Card,Online,,2026-06-20,2026,6,Saturday,Clothing,5723.93,7655.04,30620.16,22895.72,7724.44
TXN-101442,2026-04-18 16:09:00,STR-109,CUST-5126,PRD-1007,1,23951.68,0.15,20358.93,Credit Card,In-Store,,2026-04-18,2026,4,Saturday,Clothing,15027.69,20358.928,20358.93,15027.69,5331.24
TXN-101443,2026-01-31 14:16:00,STR-112,CUST-5141,PRD-1029,1,17201.59,0.05,16341.51,Net Banking,Mobile App,,2026-01-31,2026,1,Saturday,Electronics,11585.33,16341.510499999999,16341.51,11585.33,4756.18
TXN-101444,2026-04-21 08:44:00,STR-102,CUST-5018,PRD-1006,2,17604.11,0.0,35208.22,Credit Card,Mobile App,,2026-04-21,2026,4,Tuesday,Clothing,11059.92,17604.11,35208.22,22119.84,13088.38
TXN-101445,2026-04-01 10:25:00,STR-111,CUST-5142,PRD-1033,4,21120.74,0.15,71810.52,Credit Card,Mobile App,,2026-04-01,2026,4,Wednesday,Home & Kitchen,14082.52,17952.629,71810.52,56330.08,15480.44
TXN-101446,2026-03-28 17:38:00,STR-109,CUST-5027,PRD-1018,1,17272.73,0.1,15545.46,UPI,In-Store,,2026-03-28,2026,3,Saturday,Clothing,12848.42,15545.457,15545.46,12848.42,2697.04
TXN-101447,2026-04-15 18:28:00,STR-111,CUST-5111,PRD-1047,3,13096.34,0.15,33395.67,Debit Card,Online,,2026-04-15,2026,4,Wednesday,Electronics,8041.8,11131.889,33395.67,24125.4,9270.27
TXN-101448,2026-05-31 21:59:00,STR-108,CUST-5021,PRD-1044,2,2067.7,0.05,3928.63,Credit Card,In-Store,,2026-05-31,2026,5,Sunday,Clothing,1147.24,1964.3149999999998,3928.63,2294.48,1634.15
TXN-101449,2026-06-22 18:29:00,STR-106,CUST-5082,PRD-1037,5,1918.22,0.1,8631.99,Net Banking,In-Store,,2026-06-22,2026,6,Monday,Clothing,1442.39,1726.3980000000001,8631.99,7211.95,1420.04
TXN-101450,2026-01-25 11:19:00,STR-107,CUST-5087,PRD-1032,5,19167.84,0.1,86255.28,UPI,Mobile App,,2026-01-25,2026,1,Sunday,Sports & Outdoors,12780.48,17251.056,86255.28,63902.4,22352.88
TXN-101451,2026-05-11 21:59:00,STR-106,CUST-5073,PRD-1033,5,21120.74,0.2,84482.96,Debit Card,Online,,2026-05-11,2026,5,Monday,Home & Kitchen,14082.52,16896.592,84482.96,70412.6,14070.36
TXN-101452,2026-01-11 21:47:00,STR-114,CUST-5187,PRD-1020,2,2120.69,0.05,4029.31,Credit Card,Online,,2026-01-11,2026,1,Sunday,Home & Kitchen,1611.77,2014.6554999999998,4029.31,3223.54,805.77
TXN-101453,2026-06-07 13:06:00,STR-105,CUST-5072,PRD-1033,3,21120.74,0.2,50689.78,Credit Card,In-Store,,2026-06-07,2026,6,Sunday,Home & Kitchen,14082.52,16896.592,50689.78,42247.56,8442.22
TXN-101454,2026-04-23 11:56:00,STR-102,CUST-5073,PRD-1018,3,17272.73,0.15,44045.46,Debit Card,Mobile App,,2026-04-23,2026,4,Thursday,Clothing,12848.42,14681.8205,44045.46,38545.26,5500.2
TXN-101455,2026-06-20 12:09:00,STR-101,CUST-5052,PRD-1048,1,13710.77,0.05,13025.23,Cash,Mobile App,,2026-06-20,2026,6,Saturday,Clothing,9822.0,13025.2315,13025.23,9822.0,3203.23
TXN-101456,2026-06-03 08:57:00,STR-108,CUST-5137,PRD-1048,2,13710.77,0.0,27421.54,Credit Card,In-Store,,2026-06-03,2026,6,Wednesday,Clothing,9822.0,13710.77,27421.54,19644.0,7777.54
TXN-101457,2026-02-22 12:36:00,STR-106,CUST-5187,PRD-1031,1,23868.44,0.1,21481.6,Net Banking,Mobile App,,2026-02-22,2026,2,Sunday,Electronics,17935.85,21481.595999999998,21481.6,17935.85,3545.75
TXN-101458,2026-01-29 19:45:00,STR-114,CUST-5030,PRD-1008,4,2868.65,0.1,10327.14,Net Banking,Online,,2026-01-29,2026,1,Thursday,Beauty & Care,2136.93,2581.7850000000003,10327.14,8547.72,1779.42
TXN-101459,2026-02-05 12:46:00,STR-110,CUST-5029,PRD-1031,3,23868.44,0.0,71605.32,Debit Card,In-Store,,2026-02-05,2026,2,Thursday,Electronics,17935.85,23868.44,71605.32,53807.55,17797.77
TXN-101460,2026-03-25 10:32:00,STR-105,CUST-5070,PRD-1047,2,13096.34,0.0,26192.68,Net Banking,Mobile App,,2026-03-25,2026,3,Wednesday,Electronics,8041.8,13096.34,26192.68,16083.6,10109.08
TXN-101461,2026-06-30 19:20:00,STR-114,CUST-5009,PRD-1047,5,13096.34,0.0,65481.7,Net Banking,In-Store,,2026-06-30,2026,6,Tuesday,Electronics,8041.8,13096.34,65481.7,40209.0,25272.7
TXN-101462,2026-02-18 21:35:00,STR-110,CUST-5160,PRD-1045,5,14916.37,0.1,67123.67,UPI,Mobile App,,2026-02-18,2026,2,Wednesday,Clothing,8228.67,13424.733,67123.67,41143.35,25980.32
TXN-101463,2026-02-05 17:24:00,STR-113,CUST-5056,PRD-1040,1,6993.15,0.05,6643.49,Credit Card,Online,,2026-02-05,2026,2,Thursday,Clothing,5249.48,6643.492499999999,6643.49,5249.48,1394.01
TXN-101464,2026-02-17 19:31:00,STR-104,CUST-5033,PRD-1030,2,3232.14,0.15,5494.64,Credit Card,Mobile App,,2026-02-17,2026,2,Tuesday,Home & Kitchen,2100.88,2747.319,5494.64,4201.76,1292.88
TXN-101465,2026-01-01 14:04:00,STR-107,CUST-5142,PRD-1005,5,11505.07,0.05,54649.08,Cash,In-Store,,2026-01-01,2026,1,Thursday,Clothing,7063.93,10929.816499999999,54649.08,35319.65,19329.43
TXN-101466,2026-04-18 19:16:00,STR-109,CUST-5097,PRD-1045,2,14916.37,0.0,29832.74,Cash,In-Store,,2026-04-18,2026,4,Saturday,Clothing,8228.67,14916.37,29832.74,16457.34,13375.4
TXN-101467,2026-05-16 18:11:00,STR-114,CUST-5076,PRD-1040,3,6993.15,0.15,17832.53,Credit Card,Online,,2026-05-16,2026,5,Saturday,Clothing,5249.48,5944.1775,17832.53,15748.44,2084.09
TXN-101468,2026-06-11 14:38:00,STR-105,CUST-5139,PRD-1042,4,10274.71,0.15,34934.01,Net Banking,Online,,2026-06-11,2026,6,Thursday,Home & Kitchen,7238.41,8733.503499999999,34934.01,28953.64,5980.37
TXN-101469,2026-03-15 14:28:00,STR-105,CUST-5063,PRD-1006,2,17604.11,0.0,35208.22,Net Banking,In-Store,,2026-03-15,2026,3,Sunday,Clothing,11059.92,17604.11,35208.22,22119.84,13088.38
TXN-101470,2026-06-19 09:22:00,STR-111,CUST-5101,PRD-1011,4,20820.24,0.1,74952.86,Credit Card,Online,,2026-06-19,2026,6,Friday,Home & Kitchen,14413.01,18738.216,74952.86,57652.04,17300.82
TXN-101471,2026-06-25 11:01:00,STR-104,CUST-5068,PRD-1031,5,23868.44,0.15,101440.87,Cash,In-Store,,2026-06-25,2026,6,Thursday,Electronics,17935.85,20288.174,101440.87,89679.25,11761.62
TXN-101472,2026-03-24 12:43:00,STR-105,CUST-5105,PRD-1026,1,15872.06,0.2,12697.65,Net Banking,Online,,2026-03-24,2026,3,Tuesday,Clothing,11621.18,12697.648000000001,12697.65,11621.18,1076.47
TXN-101473,2026-01-14 12:31:00,STR-111,CUST-5056,PRD-1027,4,2055.49,0.1,7399.76,Debit Card,Mobile App,,2026-01-14,2026,1,Wednesday,Sports & Outdoors,1310.93,1849.9409999999998,7399.76,5243.72,2156.04
TXN-101474,2026-04-15 11:36:00,STR-114,CUST-5042,PRD-1002,3,14966.66,0.15,38164.98,Cash,In-Store,,2026-04-15,2026,4,Wednesday,Electronics,8341.07,12721.661,38164.98,25023.21,13141.77
TXN-101475,2026-06-06 13:08:00,STR-109,CUST-5138,PRD-1049,1,12079.91,0.2,9663.93,UPI,Mobile App,,2026-06-06,2026,6,Saturday,Sports & Outdoors,8823.92,9663.928,9663.93,8823.92,840.01
TXN-101476,2026-06-30 13:58:00,STR-105,CUST-5196,PRD-1001,4,18543.28,0.0,74173.12,Cash,In-Store,,2026-06-30,2026,6,Tuesday,Clothing,13084.9,18543.28,74173.12,52339.6,21833.52
TXN-101477,2026-02-23 13:34:00,STR-103,CUST-5040,PRD-1041,1,23258.31,0.2,18606.65,Cash,Online,,2026-02-23,2026,2,Monday,Clothing,16832.29,18606.648,18606.65,16832.29,1774.36
TXN-101478,2026-02-11 13:21:00,STR-106,CUST-5055,PRD-1045,2,14916.37,0.1,26849.47,Cash,Mobile App,,2026-02-11,2026,2,Wednesday,Clothing,8228.67,13424.733,26849.47,16457.34,10392.13
TXN-101479,2026-01-06 20:33:00,STR-101,CUST-5128,PRD-1015,1,9568.8,0.0,9568.8,Net Banking,Online,,2026-01-06,2026,1,Tuesday,Clothing,5723.93,9568.8,9568.8,5723.93,3844.87
TXN-101480,2026-03-19 08:14:00,STR-110,CUST-5197,PRD-1002,2,14966.66,0.1,26939.99,Credit Card,In-Store,,2026-03-19,2026,3,Thursday,Electronics,8341.07,13469.994,26939.99,16682.14,10257.85
TXN-101481,2026-06-17 14:08:00,STR-113,CUST-5189,PRD-1017,1,11824.84,0.15,10051.11,Debit Card,In-Store,,2026-06-17,2026,6,Wednesday,Clothing,7237.84,10051.114,10051.11,7237.84,2813.27
TXN-101482,2026-06-30 20:46:00,STR-106,CUST-5005,PRD-1004,1,18042.2,0.2,14433.76,UPI,Mobile App,,2026-06-30,2026,6,Tuesday,Clothing,12833.5,14433.760000000002,14433.76,12833.5,1600.26
TXN-101483,2026-01-25 19:37:00,STR-112,CUST-5100,PRD-1034,5,9660.26,0.05,45886.24,Credit Card,Mobile App,,2026-01-25,2026,1,Sunday,Clothing,5672.08,9177.247,45886.24,28360.4,17525.84
TXN-101484,2026-05-12 19:01:00,STR-104,CUST-5070,PRD-1019,3,20633.99,0.15,52616.67,Net Banking,In-Store,,2026-05-12,2026,5,Tuesday,Clothing,15169.3,17538.8915,52616.67,45507.9,7108.77
TXN-101485,2026-05-01 14:18:00,STR-106,CUST-5023,PRD-1006,3,17604.11,0.2,42249.86,Credit Card,Online,,2026-05-01,2026,5,Friday,Clothing,11059.92,14083.288,42249.86,33179.76,9070.1
TXN-101486,2026-03-14 19:34:00,STR-108,CUST-5062,PRD-1035,3,15173.74,0.15,38693.04,Net Banking,In-Store,,2026-03-14,2026,3,Saturday,Electronics,10050.77,12897.679,38693.04,30152.31,8540.73
TXN-101487,2026-05-20 19:06:00,STR-107,CUST-5057,PRD-1031,4,23868.44,0.1,85926.38,Cash,In-Store,,2026-05-20,2026,5,Wednesday,Electronics,17935.85,21481.595999999998,85926.38,71743.4,14182.98
TXN-101488,2026-04-05 15:36:00,STR-101,CUST-5164,PRD-1025,2,12590.63,0.15,21404.07,Debit Card,Online,,2026-04-05,2026,4,Sunday,Sports & Outdoors,9113.47,10702.035499999998,21404.07,18226.94,3177.13
TXN-101489,2026-05-24 10:13:00,STR-113,CUST-5125,PRD-1009,1,20274.45,0.0,20274.45,Cash,In-Store,,2026-05-24,2026,5,Sunday,Home & Kitchen,14553.78,20274.45,20274.45,14553.78,5720.67
TXN-101490,2026-06-07 21:30:00,STR-108,CUST-5185,PRD-1005,2,11505.07,0.15,19558.62,Cash,In-Store,,2026-06-07,2026,6,Sunday,Clothing,7063.93,9779.3095,19558.62,14127.86,5430.76
TXN-101491,2026-04-16 12:47:00,STR-105,CUST-5038,PRD-1003,4,6199.42,0.1,22317.91,UPI,Online,,2026-04-16,2026,4,Thursday,Clothing,4268.08,5579.478,22317.91,17072.32,5245.59
TXN-101492,2026-04-15 21:00:00,STR-104,CUST-5176,PRD-1044,5,2067.7,0.2,8270.8,Credit Card,Mobile App,,2026-04-15,2026,4,Wednesday,Clothing,1147.24,1654.1599999999999,8270.8,5736.2,2534.6
TXN-101493,2026-03-22 18:15:00,STR-105,CUST-5118,PRD-1031,5,23868.44,0.15,101440.87,Net Banking,Mobile App,,2026-03-22,2026,3,Sunday,Electronics,17935.85,20288.174,101440.87,89679.25,11761.62
TXN-101494,2026-04-19 19:04:00,STR-106,CUST-5032,PRD-1035,1,15173.74,0.0,15173.74,UPI,In-Store,,2026-04-19,2026,4,Sunday,Electronics,10050.77,15173.74,15173.74,10050.77,5122.97
TXN-101495,2026-02-20 15:55:00,STR-101,CUST-5009,PRD-1033,1,21120.74,0.05,20064.7,Net Banking,Online,,2026-02-20,2026,2,Friday,Home & Kitchen,14082.52,20064.703,20064.7,14082.52,5982.18
TXN-101496,2026-02-05 19:55:00,STR-108,CUST-5107,PRD-1010,5,24341.31,0.15,103450.57,Net Banking,In-Store,,2026-02-05,2026,2,Thursday,Electronics,15506.95,20690.1135,103450.57,77534.75,25915.82
TXN-101497,2026-03-17 19:59:00,STR-114,CUST-5173,PRD-1018,1,17272.73,0.15,14681.82,Debit Card,Mobile App,,2026-03-17,2026,3,Tuesday,Clothing,12848.42,14681.8205,14681.82,12848.42,1833.4
TXN-101498,2026-05-25 18:10:00,STR-102,CUST-5074,PRD-1020,5,2120.69,0.1,9543.11,Cash,Mobile App,,2026-05-25,2026,5,Monday,Home & Kitchen,1611.77,1908.621,9543.1,8058.85,1484.25
TXN-101499,2026-05-13 17:16:00,STR-107,CUST-5118,PRD-1013,5,24637.91,0.1,110870.6,Credit Card,Online,,2026-05-13,2026,5,Wednesday,Home & Kitchen,18397.7,22174.119,110870.6,91988.5,18882.1
TXN-101500,2026-05-15 19:53:00,STR-107,CUST-5002,PRD-1047,2,13096.34,0.05,24883.05,Debit Card,Online,,2026-05-15,2026,5,Friday,Electronics,8041.8,12441.523,24883.05,16083.6,8799.45
TXN-101501,2026-01-18 08:19:00,STR-111,CUST-5048,PRD-1011,2,20820.24,0.15,35394.41,Credit Card,Mobile App,,2026-01-18,2026,1,Sunday,Home & Kitchen,14413.01,17697.204,35394.41,28826.02,6568.39
TXN-101502,2026-03-26 09:03:00,STR-109,CUST-5119,PRD-1006,5,17604.11,0.15,74817.47,Cash,In-Store,,2026-03-26,2026,3,Thursday,Clothing,11059.92,14963.4935,74817.47,55299.6,19517.87
TXN-101503,2026-02-27 13:40:00,STR-100,CUST-5049,PRD-1004,3,18042.2,0.2,43301.28,Debit Card,Online,,2026-02-27,2026,2,Friday,Clothing,12833.5,14433.760000000002,43301.28,38500.5,4800.78
TXN-101504,2026-04-05 17:49:00,STR-106,CUST-5065,PRD-1027,5,2055.49,0.1,9249.7,Cash,Mobile App,,2026-04-05,2026,4,Sunday,Sports & Outdoors,1310.93,1849.9409999999998,9249.7,6554.65,2695.05
TXN-101505,2026-06-01 10:06:00,STR-111,CUST-5055,PRD-1041,2,23258.31,0.0,46516.62,Debit Card,In-Store,,2026-06-01,2026,6,Monday,Clothing,16832.29,23258.31,46516.62,33664.58,12852.04
TXN-101506,2026-02-02 20:33:00,STR-109,CUST-5165,PRD-1016,5,15423.32,0.0,77116.6,Net Banking,Online,,2026-02-02,2026,2,Monday,Electronics,9089.92,15423.32,77116.6,45449.6,31667.0
TXN-101507,2026-03-12 20:47:00,STR-113,CUST-5157,PRD-1036,5,22028.56,0.2,88114.24,Net Banking,In-Store,,2026-03-12,2026,3,Thursday,Home & Kitchen,16329.4,17622.848,88114.24,81647.0,6467.24
TXN-101508,2026-02-25 09:59:00,STR-112,CUST-5157,PRD-1010,1,24341.31,0.05,23124.24,Credit Card,In-Store,,2026-02-25,2026,2,Wednesday,Electronics,15506.95,23124.2445,23124.24,15506.95,7617.29
TXN-101509,2026-03-24 09:57:00,STR-100,CUST-5035,PRD-1010,4,24341.31,0.0,97365.24,Cash,Online,,2026-03-24,2026,3,Tuesday,Electronics,15506.95,24341.31,97365.24,62027.8,35337.44
TXN-101510,2026-03-19 16:48:00,STR-101,CUST-5061,PRD-1027,4,2055.49,0.1,7399.76,Cash,Online,,2026-03-19,2026,3,Thursday,Sports & Outdoors,1310.93,1849.9409999999998,7399.76,5243.72,2156.04
TXN-101511,2026-04-01 12:53:00,STR-108,CUST-5081,PRD-1024,4,9368.27,0.15,31852.12,Cash,In-Store,,2026-04-01,2026,4,Wednesday,Beauty & Care,7301.49,7963.029500000001,31852.12,29205.96,2646.16
TXN-101512,2026-06-12 21:17:00,STR-111,CUST-5036,PRD-1038,2,18431.47,0.05,35019.79,Net Banking,Mobile App,,2026-06-12,2026,6,Friday,Electronics,13596.63,17509.8965,35019.79,27193.26,7826.53
TXN-101513,2026-06-25 09:35:00,STR-114,CUST-5111,PRD-1028,4,6658.9,0.1,23972.04,Debit Card,In-Store,,2026-06-25,2026,6,Thursday,Sports & Outdoors,4509.69,5993.01,23972.04,18038.76,5933.28
TXN-101514,2026-06-21 13:46:00,STR-106,CUST-5054,PRD-1001,3,18543.28,0.15,47285.36,Cash,Mobile App,,2026-06-21,2026,6,Sunday,Clothing,13084.9,15761.787999999999,47285.36,39254.7,8030.66
TXN-101515,2026-02-15 19:00:00,STR-103,CUST-5113,PRD-1012,4,5210.26,0.1,18756.94,Debit Card,Mobile App,,2026-02-15,2026,2,Sunday,Sports & Outdoors,2949.0,4689.234,18756.94,11796.0,6960.94
TXN-101516,2026-03-21 13:06:00,STR-114,CUST-5094,PRD-1012,1,5210.26,0.2,4168.21,Debit Card,Mobile App,,2026-03-21,2026,3,Saturday,Sports & Outdoors,2949.0,4168.2080000000005,4168.21,2949.0,1219.21
TXN-101517,2026-01-09 18:17:00,STR-110,CUST-5122,PRD-1000,5,1111.79,0.1,5003.06,Net Banking,In-Store,,2026-01-09,2026,1,Friday,Electronics,681.81,1000.611,5003.06,3409.05,1594.01
TXN-101518,2026-06-10 08:36:00,STR-113,CUST-5007,PRD-1044,3,2067.7,0.1,5582.79,Net Banking,Mobile App,,2026-06-10,2026,6,Wednesday,Clothing,1147.24,1860.9299999999998,5582.79,3441.72,2141.07
TXN-101519,2026-02-14 15:47:00,STR-113,CUST-5165,PRD-1040,4,6993.15,0.15,23776.71,Cash,In-Store,,2026-02-14,2026,2,Saturday,Clothing,5249.48,5944.1775,23776.71,20997.92,2778.79
TXN-101520,2026-06-06 19:09:00,STR-111,CUST-5188,PRD-1002,3,14966.66,0.0,44899.98,Credit Card,In-Store,,2026-06-06,2026,6,Saturday,Electronics,8341.07,14966.66,44899.98,25023.21,19876.77
TXN-101521,2026-01-15 15:40:00,STR-111,CUST-5015,PRD-1005,4,11505.07,0.0,46020.28,Debit Card,In-Store,,2026-01-15,2026,1,Thursday,Clothing,7063.93,11505.07,46020.28,28255.72,17764.56
TXN-101522,2026-06-17 17:47:00,STR-100,CUST-5085,PRD-1034,3,9660.26,0.05,27531.74,Debit Card,Mobile App,,2026-06-17,2026,6,Wednesday,Clothing,5672.08,9177.247,27531.74,17016.24,10515.5
TXN-101523,2026-05-13 08:42:00,STR-106,CUST-5106,PRD-1010,5,24341.31,0.1,109535.9,UPI,In-Store,,2026-05-13,2026,5,Wednesday,Electronics,15506.95,21907.179,109535.9,77534.75,32001.15
TXN-101524,2026-03-10 09:11:00,STR-107,CUST-5011,PRD-1012,5,5210.26,0.05,24748.74,Debit Card,Mobile App,,2026-03-10,2026,3,Tuesday,Sports & Outdoors,2949.0,4949.747,24748.74,14745.0,10003.74
TXN-101525,2026-02-14 18:47:00,STR-113,CUST-5000,PRD-1012,5,5210.26,0.15,22143.61,Debit Card,Online,,2026-02-14,2026,2,Saturday,Sports & Outdoors,2949.0,4428.7210000000005,22143.61,14745.0,7398.61
TXN-101526,2026-03-29 15:36:00,STR-113,CUST-5178,PRD-1035,3,15173.74,0.0,45521.22,UPI,Mobile App,,2026-03-29,2026,3,Sunday,Electronics,10050.77,15173.74,45521.22,30152.31,15368.91
TXN-101527,2026-01-24 10:46:00,STR-101,CUST-5047,PRD-1029,1,17201.59,0.0,17201.59,Debit Card,Mobile App,,2026-01-24,2026,1,Saturday,Electronics,11585.33,17201.59,17201.59,11585.33,5616.26
TXN-101528,2026-01-03 11:40:00,STR-105,CUST-5117,PRD-1040,1,6993.15,0.05,6643.49,UPI,Mobile App,,2026-01-03,2026,1,Saturday,Clothing,5249.48,6643.492499999999,6643.49,5249.48,1394.01
TXN-101529,2026-02-03 12:03:00,STR-106,CUST-5180,PRD-1015,3,9568.8,0.05,27271.08,Debit Card,In-Store,,2026-02-03,2026,2,Tuesday,Clothing,5723.93,9090.359999999999,27271.08,17171.79,10099.29
TXN-101530,2026-03-22 14:14:00,STR-113,CUST-5048,PRD-1017,2,11824.84,0.2,18919.74,Debit Card,In-Store,,2026-03-22,2026,3,Sunday,Clothing,7237.84,9459.872000000001,18919.74,14475.68,4444.06
TXN-101531,2026-06-28 15:16:00,STR-101,CUST-5125,PRD-1011,3,20820.24,0.1,56214.65,Debit Card,Mobile App,,2026-06-28,2026,6,Sunday,Home & Kitchen,14413.01,18738.216,56214.65,43239.03,12975.62
TXN-101532,2026-04-26 21:40:00,STR-110,CUST-5043,PRD-1023,3,6936.43,0.2,16647.43,UPI,Mobile App,,2026-04-26,2026,4,Sunday,Sports & Outdoors,4747.67,5549.144,16647.43,14243.01,2404.42
TXN-101533,2026-05-26 11:44:00,STR-106,CUST-5088,PRD-1024,2,9368.27,0.2,14989.23,Debit Card,In-Store,,2026-05-26,2026,5,Tuesday,Beauty & Care,7301.49,7494.616000000001,14989.23,14602.98,386.25
TXN-101534,2026-03-10 09:32:00,STR-112,CUST-5053,PRD-1021,5,5708.56,0.2,22834.24,Debit Card,In-Store,,2026-03-10,2026,3,Tuesday,Home & Kitchen,3795.18,4566.848000000001,22834.24,18975.9,3858.34
TXN-101535,2026-01-30 16:42:00,STR-110,CUST-5047,PRD-1029,3,17201.59,0.0,51604.77,Net Banking,In-Store,,2026-01-30,2026,1,Friday,Electronics,11585.33,17201.59,51604.77,34755.99,16848.78
TXN-101536,2026-04-06 17:24:00,STR-110,CUST-5150,PRD-1029,5,17201.59,0.1,77407.15,UPI,Online,,2026-04-06,2026,4,Monday,Electronics,11585.33,15481.431,77407.16,57926.65,19480.51
TXN-101537,2026-01-03 10:26:00,STR-107,CUST-5085,PRD-1044,1,2067.7,0.1,1860.93,Debit Card,Mobile App,,2026-01-03,2026,1,Saturday,Clothing,1147.24,1860.9299999999998,1860.93,1147.24,713.69
TXN-101538,2026-03-20 10:29:00,STR-108,CUST-5047,PRD-1006,2,17604.11,0.1,31687.4,UPI,Online,,2026-03-20,2026,3,Friday,Clothing,11059.92,15843.699,31687.4,22119.84,9567.56
TXN-101539,2026-05-28 19:27:00,STR-111,CUST-5102,PRD-1039,4,3644.72,0.2,11663.1,Net Banking,In-Store,,2026-05-28,2026,5,Thursday,Clothing,2403.02,2915.776,11663.1,9612.08,2051.02
TXN-101540,2026-03-28 15:43:00,STR-106,CUST-5076,PRD-1016,3,15423.32,0.2,37015.97,UPI,In-Store,,2026-03-28,2026,3,Saturday,Electronics,9089.92,12338.656,37015.97,27269.76,9746.21
TXN-101541,2026-04-18 14:49:00,STR-104,CUST-5147,PRD-1048,5,13710.77,0.0,68553.85,Net Banking,Mobile App,,2026-04-18,2026,4,Saturday,Clothing,9822.0,13710.77,68553.85,49110.0,19443.85
TXN-101542,2026-02-12 12:56:00,STR-109,CUST-5178,PRD-1001,2,18543.28,0.2,29669.25,Cash,In-Store,,2026-02-12,2026,2,Thursday,Clothing,13084.9,14834.624,29669.25,26169.8,3499.45
TXN-101543,2026-06-19 13:50:00,STR-100,CUST-5023,PRD-1036,2,22028.56,0.05,41854.26,Debit Card,In-Store,,2026-06-19,2026,6,Friday,Home & Kitchen,16329.4,20927.132,41854.26,32658.8,9195.46
TXN-101544,2026-02-12 15:00:00,STR-110,CUST-5037,PRD-1022,4,6988.83,0.15,23762.02,Credit Card,In-Store,,2026-02-12,2026,2,Thursday,Clothing,4240.29,5940.5055,23762.02,16961.16,6800.86
TXN-101545,2026-02-17 11:54:00,STR-103,CUST-5111,PRD-1019,3,20633.99,0.0,61901.97,UPI,Mobile App,,2026-02-17,2026,2,Tuesday,Clothing,15169.3,20633.99,61901.97,45507.9,16394.07
TXN-101546,2026-04-06 08:30:00,STR-102,CUST-5088,PRD-1015,2,9568.8,0.2,15310.08,UPI,Online,,2026-04-06,2026,4,Monday,Clothing,5723.93,7655.04,15310.08,11447.86,3862.22
TXN-101547,2026-05-01 18:24:00,STR-113,CUST-5118,PRD-1035,4,15173.74,0.05,57660.21,Credit Card,In-Store,,2026-05-01,2026,5,Friday,Electronics,10050.77,14415.053,57660.21,40203.08,17457.13
TXN-101548,2026-02-04 14:49:00,STR-105,CUST-5072,PRD-1024,2,9368.27,0.1,16862.89,Net Banking,Mobile App,,2026-02-04,2026,2,Wednesday,Beauty & Care,7301.49,8431.443000000001,16862.89,14602.98,2259.91
TXN-101549,2026-03-30 15:42:00,STR-111,CUST-5150,PRD-1025,5,12590.63,0.0,62953.15,UPI,In-Store,,2026-03-30,2026,3,Monday,Sports & Outdoors,9113.47,12590.63,62953.15,45567.35,17385.8
TXN-101550,2026-04-05 13:21:00,STR-108,CUST-5000,PRD-1038,2,18431.47,0.05,35019.79,Cash,Mobile App,,2026-04-05,2026,4,Sunday,Electronics,13596.63,17509.8965,35019.79,27193.26,7826.53
TXN-101551,2026-06-15 11:08:00,STR-107,CUST-5048,PRD-1048,4,13710.77,0.0,54843.08,UPI,In-Store,,2026-06-15,2026,6,Monday,Clothing,9822.0,13710.77,54843.08,39288.0,15555.08
TXN-101552,2026-03-28 14:41:00,STR-102,CUST-5108,PRD-1019,4,20633.99,0.0,82535.96,Credit Card,Online,,2026-03-28,2026,3,Saturday,Clothing,15169.3,20633.99,82535.96,60677.2,21858.76
TXN-101553,2026-01-09 12:26:00,STR-102,CUST-5041,PRD-1019,4,20633.99,0.15,70155.57,Net Banking,Mobile App,,2026-01-09,2026,1,Friday,Clothing,15169.3,17538.8915,70155.57,60677.2,9478.37
TXN-101554,2026-01-22 13:43:00,STR-111,CUST-5025,PRD-1033,1,21120.74,0.15,17952.63,Net Banking,In-Store,,2026-01-22,2026,1,Thursday,Home & Kitchen,14082.52,17952.629,17952.63,14082.52,3870.11
TXN-101555,2026-05-28 16:24:00,STR-110,CUST-5116,PRD-1010,3,24341.31,0.05,69372.73,UPI,Online,,2026-05-28,2026,5,Thursday,Electronics,15506.95,23124.2445,69372.73,46520.85,22851.88
TXN-101556,2026-01-14 12:27:00,STR-104,CUST-5189,PRD-1041,4,23258.31,0.15,79078.25,UPI,Mobile App,,2026-01-14,2026,1,Wednesday,Clothing,16832.29,19769.5635,79078.25,67329.16,11749.09
TXN-101557,2026-05-02 19:21:00,STR-113,CUST-5136,PRD-1028,5,6658.9,0.1,29965.05,Debit Card,In-Store,,2026-05-02,2026,5,Saturday,Sports & Outdoors,4509.69,5993.01,29965.05,22548.45,7416.6
TXN-101558,2026-04-09 21:43:00,STR-101,CUST-5038,PRD-1011,4,20820.24,0.2,66624.77,UPI,Online,,2026-04-09,2026,4,Thursday,Home & Kitchen,14413.01,16656.192000000003,66624.77,57652.04,8972.73
TXN-101559,2026-02-20 16:52:00,STR-109,CUST-5186,PRD-1045,5,14916.37,0.1,67123.67,Net Banking,Online,,2026-02-20,2026,2,Friday,Clothing,8228.67,13424.733,67123.67,41143.35,25980.32
TXN-101560,2026-01-11 09:55:00,STR-107,CUST-5117,PRD-1003,4,6199.42,0.1,22317.91,Debit Card,In-Store,,2026-01-11,2026,1,Sunday,Clothing,4268.08,5579.478,22317.91,17072.32,5245.59
TXN-101561,2026-04-19 13:43:00,STR-104,CUST-5196,PRD-1038,3,18431.47,0.1,49764.97,UPI,Mobile App,,2026-04-19,2026,4,Sunday,Electronics,13596.63,16588.323,49764.97,40789.89,8975.08
TXN-101562,2026-04-02 14:01:00,STR-107,CUST-5083,PRD-1017,2,11824.84,0.1,21284.71,Debit Card,Mobile App,,2026-04-02,2026,4,Thursday,Clothing,7237.84,10642.356,21284.71,14475.68,6809.03
TXN-101563,2026-04-02 19:02:00,STR-108,CUST-5189,PRD-1002,5,14966.66,0.0,74833.3,Net Banking,In-Store,,2026-04-02,2026,4,Thursday,Electronics,8341.07,14966.66,74833.3,41705.35,33127.95
TXN-101564,2026-01-25 10:46:00,STR-102,CUST-5162,PRD-1011,1,20820.24,0.2,16656.19,Net Banking,Online,,2026-01-25,2026,1,Sunday,Home & Kitchen,14413.01,16656.192000000003,16656.19,14413.01,2243.18
TXN-101565,2026-06-26 17:15:00,STR-114,CUST-5187,PRD-1017,3,11824.84,0.15,30153.34,Cash,Mobile App,,2026-06-26,2026,6,Friday,Clothing,7237.84,10051.114,30153.34,21713.52,8439.82
TXN-101566,2026-03-25 13:02:00,STR-102,CUST-5155,PRD-1029,1,17201.59,0.0,17201.59,UPI,Online,,2026-03-25,2026,3,Wednesday,Electronics,11585.33,17201.59,17201.59,11585.33,5616.26
TXN-101567,2026-06-13 19:19:00,STR-106,CUST-5102,PRD-1032,1,19167.84,0.1,17251.06,UPI,In-Store,,2026-06-13,2026,6,Saturday,Sports & Outdoors,12780.48,17251.056,17251.06,12780.48,4470.58
TXN-101568,2026-04-21 09:50:00,STR-103,CUST-5146,PRD-1047,3,13096.34,0.0,39289.02,Debit Card,Online,,2026-04-21,2026,4,Tuesday,Electronics,8041.8,13096.34,39289.02,24125.4,15163.62
TXN-101569,2026-03-04 19:51:00,STR-100,CUST-5095,PRD-1039,5,3644.72,0.2,14578.88,Cash,Online,,2026-03-04,2026,3,Wednesday,Clothing,2403.02,2915.776,14578.88,12015.1,2563.78
TXN-101570,2026-06-26 20:11:00,STR-104,CUST-5128,PRD-1013,4,24637.91,0.1,88696.48,UPI,Mobile App,,2026-06-26,2026,6,Friday,Home & Kitchen,18397.7,22174.119,88696.48,73590.8,15105.68
TXN-101571,2026-03-11 08:26:00,STR-103,CUST-5004,PRD-1025,2,12590.63,0.1,22663.13,Net Banking,Mobile App,,2026-03-11,2026,3,Wednesday,Sports & Outdoors,9113.47,11331.567,22663.13,18226.94,4436.19
TXN-101572,2026-04-29 17:50:00,STR-110,CUST-5081,PRD-1008,3,2868.65,0.1,7745.36,UPI,In-Store,,2026-04-29,2026,4,Wednesday,Beauty & Care,2136.93,2581.7850000000003,7745.36,6410.79,1334.57
TXN-101573,2026-02-26 09:39:00,STR-104,CUST-5186,PRD-1014,1,7309.63,0.1,6578.67,Cash,Online,,2026-02-26,2026,2,Thursday,Beauty & Care,5089.02,6578.667,6578.67,5089.02,1489.65
TXN-101574,2026-03-26 16:24:00,STR-107,CUST-5142,PRD-1037,4,1918.22,0.2,6138.3,UPI,Online,,2026-03-26,2026,3,Thursday,Clothing,1442.39,1534.576,6138.3,5769.56,368.74
TXN-101575,2026-04-24 10:29:00,STR-113,CUST-5190,PRD-1021,3,5708.56,0.1,15413.11,Net Banking,In-Store,,2026-04-24,2026,4,Friday,Home & Kitchen,3795.18,5137.704000000001,15413.11,11385.54,4027.57
TXN-101576,2026-03-07 14:02:00,STR-110,CUST-5146,PRD-1034,2,9660.26,0.15,16422.44,UPI,Mobile App,,2026-03-07,2026,3,Saturday,Clothing,5672.08,8211.221,16422.44,11344.16,5078.28
TXN-101577,2026-01-22 11:47:00,STR-108,CUST-5094,PRD-1031,5,23868.44,0.1,107407.98,Debit Card,Online,,2026-01-22,2026,1,Thursday,Electronics,17935.85,21481.595999999998,107407.98,89679.25,17728.73
TXN-101578,2026-06-22 15:01:00,STR-102,CUST-5159,PRD-1048,3,13710.77,0.15,34962.46,Cash,In-Store,,2026-06-22,2026,6,Monday,Clothing,9822.0,11654.1545,34962.46,29466.0,5496.46
TXN-101579,2026-04-21 14:48:00,STR-100,CUST-5192,PRD-1039,3,3644.72,0.2,8747.33,Debit Card,Mobile App,,2026-04-21,2026,4,Tuesday,Clothing,2403.02,2915.776,8747.33,7209.06,1538.27
TXN-101580,2026-04-07 16:08:00,STR-106,CUST-5155,PRD-1047,4,13096.34,0.05,49766.09,UPI,In-Store,,2026-04-07,2026,4,Tuesday,Electronics,8041.8,12441.523,49766.09,32167.2,17598.89
TXN-101581,2026-01-29 17:18:00,STR-102,CUST-5040,PRD-1025,2,12590.63,0.05,23922.2,Net Banking,Mobile App,,2026-01-29,2026,1,Thursday,Sports & Outdoors,9113.47,11961.098499999998,23922.2,18226.94,5695.26
TXN-101582,2026-04-18 17:17:00,STR-105,CUST-5197,PRD-1026,3,15872.06,0.05,45235.37,Debit Card,Mobile App,,2026-04-18,2026,4,Saturday,Clothing,11621.18,15078.456999999999,45235.37,34863.54,10371.83
TXN-101583,2026-05-18 16:25:00,STR-103,CUST-5103,PRD-1006,3,17604.11,0.2,42249.86,Net Banking,Online,,2026-05-18,2026,5,Monday,Clothing,11059.92,14083.288,42249.86,33179.76,9070.1
TXN-101584,2026-02-15 14:18:00,STR-100,CUST-5136,PRD-1018,4,17272.73,0.05,65636.37,Debit Card,Online,,2026-02-15,2026,2,Sunday,Clothing,12848.42,16409.0935,65636.37,51393.68,14242.69
TXN-101585,2026-04-09 17:41:00,STR-106,CUST-5107,PRD-1041,2,23258.31,0.0,46516.62,Net Banking,In-Store,,2026-04-09,2026,4,Thursday,Clothing,16832.29,23258.31,46516.62,33664.58,12852.04
TXN-101586,2026-02-27 10:39:00,STR-109,CUST-5128,PRD-1040,1,6993.15,0.2,5594.52,UPI,Mobile App,,2026-02-27,2026,2,Friday,Clothing,5249.48,5594.52,5594.52,5249.48,345.04
TXN-101587,2026-03-25 17:15:00,STR-102,CUST-5145,PRD-1036,4,22028.56,0.0,88114.24,Net Banking,Mobile App,,2026-03-25,2026,3,Wednesday,Home & Kitchen,16329.4,22028.56,88114.24,65317.6,22796.64
TXN-101588,2026-06-03 20:41:00,STR-106,CUST-5141,PRD-1005,3,11505.07,0.0,34515.21,Cash,In-Store,,2026-06-03,2026,6,Wednesday,Clothing,7063.93,11505.07,34515.21,21191.79,13323.42
TXN-101589,2026-03-03 10:30:00,STR-114,CUST-5182,PRD-1010,4,24341.31,0.1,87628.72,Credit Card,Online,,2026-03-03,2026,3,Tuesday,Electronics,15506.95,21907.179,87628.72,62027.8,25600.92
TXN-101590,2026-01-08 11:36:00,STR-107,CUST-5117,PRD-1008,3,2868.65,0.0,8605.95,Credit Card,Mobile App,,2026-01-08,2026,1,Thursday,Beauty & Care,2136.93,2868.65,8605.95,6410.79,2195.16
TXN-101591,2026-02-15 15:32:00,STR-110,CUST-5028,PRD-1038,4,18431.47,0.05,70039.59,Cash,Online,,2026-02-15,2026,2,Sunday,Electronics,13596.63,17509.8965,70039.59,54386.52,15653.07
TXN-101592,2026-01-18 08:47:00,STR-100,CUST-5174,PRD-1010,2,24341.31,0.15,41380.23,Net Banking,Mobile App,,2026-01-18,2026,1,Sunday,Electronics,15506.95,20690.1135,41380.23,31013.9,10366.33
TXN-101593,2026-04-17 12:56:00,STR-111,CUST-5137,PRD-1030,4,3232.14,0.0,12928.56,UPI,Mobile App,,2026-04-17,2026,4,Friday,Home & Kitchen,2100.88,3232.14,12928.56,8403.52,4525.04
TXN-101594,2026-01-07 15:30:00,STR-113,CUST-5185,PRD-1049,5,12079.91,0.2,48319.64,UPI,Online,,2026-01-07,2026,1,Wednesday,Sports & Outdoors,8823.92,9663.928,48319.64,44119.6,4200.04
TXN-101595,2026-04-13 19:59:00,STR-108,CUST-5161,PRD-1025,1,12590.63,0.1,11331.57,Net Banking,Online,,2026-04-13,2026,4,Monday,Sports & Outdoors,9113.47,11331.567,11331.57,9113.47,2218.1
TXN-101596,2026-03-09 20:52:00,STR-109,CUST-5192,PRD-1007,1,23951.68,0.05,22754.1,UPI,Mobile App,,2026-03-09,2026,3,Monday,Clothing,15027.69,22754.095999999998,22754.1,15027.69,7726.41
TXN-101597,2026-06-18 13:09:00,STR-114,CUST-5062,PRD-1010,3,24341.31,0.15,62070.34,Net Banking,In-Store,,2026-06-18,2026,6,Thursday,Electronics,15506.95,20690.1135,62070.34,46520.85,15549.49
TXN-101598,2026-06-14 19:04:00,STR-107,CUST-5181,PRD-1016,1,15423.32,0.1,13880.99,Net Banking,In-Store,,2026-06-14,2026,6,Sunday,Electronics,9089.92,13880.988,13880.99,9089.92,4791.07
TXN-101599,2026-03-17 19:28:00,STR-105,CUST-5115,PRD-1048,3,13710.77,0.1,37019.08,Debit Card,Mobile App,,2026-03-17,2026,3,Tuesday,Clothing,9822.0,12339.693000000001,37019.08,29466.0,7553.08
TXN-101600,2026-02-05 10:33:00,STR-104,CUST-5006,PRD-1017,5,11824.84,0.0,59124.2,Credit Card,Online,,2026-02-05,2026,2,Thursday,Clothing,7237.84,11824.84,59124.2,36189.2,22935.0
TXN-101601,2026-03-20 19:10:00,STR-109,CUST-5162,PRD-1036,3,22028.56,0.1,59477.11,Debit Card,Online,,2026-03-20,2026,3,Friday,Home & Kitchen,16329.4,19825.704,59477.11,48988.2,10488.91
TXN-101602,2026-02-09 19:51:00,STR-111,CUST-5032,PRD-1045,4,14916.37,0.1,53698.93,Credit Card,Mobile App,,2026-02-09,2026,2,Monday,Clothing,8228.67,13424.733,53698.93,32914.68,20784.25
TXN-101603,2026-06-13 11:01:00,STR-113,CUST-5054,PRD-1018,4,17272.73,0.1,62181.83,Cash,Online,,2026-06-13,2026,6,Saturday,Clothing,12848.42,15545.457,62181.83,51393.68,10788.15
TXN-101604,2026-03-08 13:46:00,STR-108,CUST-5190,PRD-1009,5,20274.45,0.0,101372.25,Cash,Online,,2026-03-08,2026,3,Sunday,Home & Kitchen,14553.78,20274.45,101372.25,72768.9,28603.35
TXN-101605,2026-03-30 18:09:00,STR-109,CUST-5128,PRD-1030,5,3232.14,0.05,15352.66,Debit Card,Mobile App,,2026-03-30,2026,3,Monday,Home & Kitchen,2100.88,3070.533,15352.66,10504.4,4848.26
TXN-101606,2026-06-15 10:55:00,STR-108,CUST-5123,PRD-1023,4,6936.43,0.15,23583.86,Credit Card,Online,,2026-06-15,2026,6,Monday,Sports & Outdoors,4747.67,5895.9655,23583.86,18990.68,4593.18
TXN-101607,2026-03-29 11:19:00,STR-103,CUST-5057,PRD-1024,1,9368.27,0.0,9368.27,Credit Card,Online,,2026-03-29,2026,3,Sunday,Beauty & Care,7301.49,9368.27,9368.27,7301.49,2066.78
TXN-101608,2026-04-02 15:29:00,STR-109,CUST-5163,PRD-1038,1,18431.47,0.05,17509.9,UPI,Mobile App,,2026-04-02,2026,4,Thursday,Electronics,13596.63,17509.8965,17509.9,13596.63,3913.27
TXN-101609,2026-04-04 18:02:00,STR-106,CUST-5160,PRD-1033,2,21120.74,0.05,40129.41,UPI,Online,,2026-04-04,2026,4,Saturday,Home & Kitchen,14082.52,20064.703,40129.41,28165.04,11964.37
TXN-101610,2026-05-22 16:54:00,STR-111,CUST-5137,PRD-1032,1,19167.84,0.1,17251.06,UPI,In-Store,,2026-05-22,2026,5,Friday,Sports & Outdoors,12780.48,17251.056,17251.06,12780.48,4470.58
TXN-101611,2026-03-05 11:16:00,STR-112,CUST-5189,PRD-1028,5,6658.9,0.2,26635.6,Credit Card,Mobile App,,2026-03-05,2026,3,Thursday,Sports & Outdoors,4509.69,5327.12,26635.6,22548.45,4087.15
TXN-101612,2026-06-26 19:29:00,STR-102,CUST-5010,PRD-1041,2,23258.31,0.05,44190.79,Cash,Online,,2026-06-26,2026,6,Friday,Clothing,16832.29,22095.3945,44190.79,33664.58,10526.21
TXN-101613,2026-02-18 19:53:00,STR-114,CUST-5016,PRD-1035,3,15173.74,0.0,45521.22,Credit Card,Mobile App,,2026-02-18,2026,2,Wednesday,Electronics,10050.77,15173.74,45521.22,30152.31,15368.91
TXN-101614,2026-02-28 11:37:00,STR-112,CUST-5148,PRD-1019,1,20633.99,0.05,19602.29,Net Banking,Online,,2026-02-28,2026,2,Saturday,Clothing,15169.3,19602.2905,19602.29,15169.3,4432.99
TXN-101615,2026-03-23 20:40:00,STR-101,CUST-5050,PRD-1006,5,17604.11,0.0,88020.55,Net Banking,In-Store,,2026-03-23,2026,3,Monday,Clothing,11059.92,17604.11,88020.55,55299.6,32720.95
TXN-101616,2026-02-20 09:34:00,STR-109,CUST-5055,PRD-1028,1,6658.9,0.15,5660.06,Cash,Online,,2026-02-20,2026,2,Friday,Sports & Outdoors,4509.69,5660.065,5660.06,4509.69,1150.37
TXN-101617,2026-05-29 14:55:00,STR-114,CUST-5028,PRD-1019,5,20633.99,0.0,103169.95,Net Banking,Mobile App,,2026-05-29,2026,5,Friday,Clothing,15169.3,20633.99,103169.95,75846.5,27323.45
TXN-101618,2026-04-27 08:16:00,STR-112,CUST-5104,PRD-1012,5,5210.26,0.2,20841.04,Cash,Online,,2026-04-27,2026,4,Monday,Sports & Outdoors,2949.0,4168.2080000000005,20841.04,14745.0,6096.04
TXN-101619,2026-05-10 15:32:00,STR-104,CUST-5165,PRD-1031,2,23868.44,0.1,42963.19,Debit Card,Online,,2026-05-10,2026,5,Sunday,Electronics,17935.85,21481.595999999998,42963.19,35871.7,7091.49
TXN-101620,2026-03-12 18:35:00,STR-108,CUST-5079,PRD-1034,2,9660.26,0.1,17388.47,Net Banking,In-Store,,2026-03-12,2026,3,Thursday,Clothing,5672.08,8694.234,17388.47,11344.16,6044.31
TXN-101621,2026-01-02 13:57:00,STR-108,CUST-5120,PRD-1048,2,13710.77,0.15,23308.31,Net Banking,In-Store,,2026-01-02,2026,1,Friday,Clothing,9822.0,11654.1545,23308.31,19644.0,3664.31
TXN-101622,2026-06-22 12:06:00,STR-114,CUST-5113,PRD-1011,1,20820.24,0.15,17697.2,Debit Card,Mobile App,,2026-06-22,2026,6,Monday,Home & Kitchen,14413.01,17697.204,17697.2,14413.01,3284.19
TXN-101623,2026-02-19 20:06:00,STR-112,CUST-5059,PRD-1043,5,22540.44,0.05,107067.09,Credit Card,Online,,2026-02-19,2026,2,Thursday,Beauty & Care,14737.88,21413.417999999998,107067.09,73689.4,33377.69
TXN-101624,2026-05-16 15:06:00,STR-110,CUST-5076,PRD-1032,3,19167.84,0.1,51753.17,Cash,In-Store,,2026-05-16,2026,5,Saturday,Sports & Outdoors,12780.48,17251.056,51753.17,38341.44,13411.73
TXN-101625,2026-02-10 11:49:00,STR-106,CUST-5043,PRD-1036,2,22028.56,0.1,39651.41,Credit Card,Mobile App,,2026-02-10,2026,2,Tuesday,Home & Kitchen,16329.4,19825.704,39651.41,32658.8,6992.61
TXN-101626,2026-05-13 15:41:00,STR-109,CUST-5106,PRD-1042,2,10274.71,0.1,18494.48,Debit Card,In-Store,,2026-05-13,2026,5,Wednesday,Home & Kitchen,7238.41,9247.239,18494.48,14476.82,4017.66
TXN-101627,2026-04-05 10:19:00,STR-105,CUST-5186,PRD-1016,4,15423.32,0.1,55523.95,Debit Card,Mobile App,,2026-04-05,2026,4,Sunday,Electronics,9089.92,13880.988,55523.95,36359.68,19164.27
TXN-101628,2026-04-19 17:25:00,STR-112,CUST-5106,PRD-1020,4,2120.69,0.1,7634.48,UPI,Online,,2026-04-19,2026,4,Sunday,Home & Kitchen,1611.77,1908.621,7634.48,6447.08,1187.4
TXN-101629,2026-06-15 20:08:00,STR-107,CUST-5196,PRD-1003,4,6199.42,0.1,22317.91,Debit Card,In-Store,,2026-06-15,2026,6,Monday,Clothing,4268.08,5579.478,22317.91,17072.32,5245.59
TXN-101630,2026-06-19 19:16:00,STR-104,CUST-5095,PRD-1045,2,14916.37,0.05,28341.1,UPI,Online,,2026-06-19,2026,6,Friday,Clothing,8228.67,14170.5515,28341.1,16457.34,11883.76
TXN-101631,2026-05-23 16:47:00,STR-103,CUST-5055,PRD-1027,4,2055.49,0.1,7399.76,Cash,Mobile App,,2026-05-23,2026,5,Saturday,Sports & Outdoors,1310.93,1849.9409999999998,7399.76,5243.72,2156.04
TXN-101632,2026-01-20 11:10:00,STR-105,CUST-5185,PRD-1028,3,6658.9,0.0,19976.7,Net Banking,Mobile App,,2026-01-20,2026,1,Tuesday,Sports & Outdoors,4509.69,6658.9,19976.7,13529.07,6447.63
TXN-101633,2026-06-18 14:44:00,STR-114,CUST-5180,PRD-1037,4,1918.22,0.0,7672.88,Net Banking,In-Store,,2026-06-18,2026,6,Thursday,Clothing,1442.39,1918.22,7672.88,5769.56,1903.32
TXN-101634,2026-04-07 08:06:00,STR-100,CUST-5163,PRD-1017,5,11824.84,0.2,47299.36,Debit Card,Online,,2026-04-07,2026,4,Tuesday,Clothing,7237.84,9459.872000000001,47299.36,36189.2,11110.16
TXN-101635,2026-03-14 09:30:00,STR-102,CUST-5191,PRD-1034,3,9660.26,0.15,24633.66,UPI,Online,,2026-03-14,2026,3,Saturday,Clothing,5672.08,8211.221,24633.66,17016.24,7617.42
TXN-101636,2026-02-08 17:19:00,STR-109,CUST-5051,PRD-1049,4,12079.91,0.05,45903.66,Cash,In-Store,,2026-02-08,2026,2,Sunday,Sports & Outdoors,8823.92,11475.914499999999,45903.66,35295.68,10607.98
TXN-101637,2026-05-27 16:48:00,STR-110,CUST-5066,PRD-1028,2,6658.9,0.1,11986.02,Cash,Mobile App,,2026-05-27,2026,5,Wednesday,Sports & Outdoors,4509.69,5993.01,11986.02,9019.38,2966.64
TXN-101638,2026-01-18 21:50:00,STR-111,CUST-5182,PRD-1018,1,17272.73,0.05,16409.09,Debit Card,Online,,2026-01-18,2026,1,Sunday,Clothing,12848.42,16409.0935,16409.09,12848.42,3560.67
TXN-101639,2026-02-17 13:29:00,STR-103,CUST-5117,PRD-1049,4,12079.91,0.05,45903.66,Debit Card,Online,,2026-02-17,2026,2,Tuesday,Sports & Outdoors,8823.92,11475.914499999999,45903.66,35295.68,10607.98
TXN-101640,2026-06-04 19:59:00,STR-100,CUST-5035,PRD-1012,3,5210.26,0.1,14067.7,UPI,Mobile App,,2026-06-04,2026,6,Thursday,Sports & Outdoors,2949.0,4689.234,14067.7,8847.0,5220.7
TXN-101641,2026-05-05 20:03:00,STR-113,CUST-5135,PRD-1026,4,15872.06,0.15,53965.0,UPI,Mobile App,,2026-05-05,2026,5,Tuesday,Clothing,11621.18,13491.250999999998,53965.0,46484.72,7480.28
TXN-101642,2026-04-22 08:32:00,STR-113,CUST-5083,PRD-1023,1,6936.43,0.2,5549.14,Cash,Online,,2026-04-22,2026,4,Wednesday,Sports & Outdoors,4747.67,5549.144,5549.14,4747.67,801.47
TXN-101643,2026-06-12 09:47:00,STR-101,CUST-5144,PRD-1018,5,17272.73,0.1,77727.29,UPI,Mobile App,,2026-06-12,2026,6,Friday,Clothing,12848.42,15545.457,77727.28,64242.1,13485.18
TXN-101644,2026-02-10 20:32:00,STR-113,CUST-5022,PRD-1049,1,12079.91,0.2,9663.93,Cash,Online,,2026-02-10,2026,2,Tuesday,Sports & Outdoors,8823.92,9663.928,9663.93,8823.92,840.01
TXN-101645,2026-06-25 14:52:00,STR-104,CUST-5119,PRD-1039,2,3644.72,0.0,7289.44,Net Banking,Mobile App,,2026-06-25,2026,6,Thursday,Clothing,2403.02,3644.72,7289.44,4806.04,2483.4
TXN-101646,2026-02-16 18:36:00,STR-105,CUST-5116,PRD-1009,3,20274.45,0.0,60823.35,Cash,Mobile App,,2026-02-16,2026,2,Monday,Home & Kitchen,14553.78,20274.45,60823.35,43661.34,17162.01
TXN-101647,2026-04-13 17:18:00,STR-100,CUST-5159,PRD-1047,4,13096.34,0.0,52385.36,Net Banking,In-Store,,2026-04-13,2026,4,Monday,Electronics,8041.8,13096.34,52385.36,32167.2,20218.16
TXN-101648,2026-04-20 10:16:00,STR-113,CUST-5057,PRD-1000,2,1111.79,0.1,2001.22,Cash,Mobile App,,2026-04-20,2026,4,Monday,Electronics,681.81,1000.611,2001.22,1363.62,637.6
TXN-101649,2026-04-28 18:42:00,STR-103,CUST-5197,PRD-1049,3,12079.91,0.2,28991.78,Cash,Online,,2026-04-28,2026,4,Tuesday,Sports & Outdoors,8823.92,9663.928,28991.78,26471.76,2520.02
TXN-101650,2026-02-18 20:09:00,STR-103,CUST-5078,PRD-1045,5,14916.37,0.05,70852.76,Credit Card,In-Store,,2026-02-18,2026,2,Wednesday,Clothing,8228.67,14170.5515,70852.76,41143.35,29709.41
TXN-101651,2026-01-11 20:08:00,STR-108,CUST-5089,PRD-1001,5,18543.28,0.2,74173.12,UPI,Online,,2026-01-11,2026,1,Sunday,Clothing,13084.9,14834.624,74173.12,65424.5,8748.62
TXN-101652,2026-02-21 12:10:00,STR-106,CUST-5069,PRD-1020,2,2120.69,0.05,4029.31,Credit Card,In-Store,,2026-02-21,2026,2,Saturday,Home & Kitchen,1611.77,2014.6554999999998,4029.31,3223.54,805.77
TXN-101653,2026-02-05 15:07:00,STR-113,CUST-5096,PRD-1049,3,12079.91,0.0,36239.73,UPI,Online,,2026-02-05,2026,2,Thursday,Sports & Outdoors,8823.92,12079.91,36239.73,26471.76,9767.97
TXN-101654,2026-01-13 15:28:00,STR-106,CUST-5050,PRD-1047,2,13096.34,0.15,22263.78,Credit Card,Online,,2026-01-13,2026,1,Tuesday,Electronics,8041.8,11131.889,22263.78,16083.6,6180.18
TXN-101655,2026-02-14 16:58:00,STR-109,CUST-5185,PRD-1037,1,1918.22,0.0,1918.22,Cash,In-Store,,2026-02-14,2026,2,Saturday,Clothing,1442.39,1918.22,1918.22,1442.39,475.83
TXN-101656,2026-05-06 19:38:00,STR-105,CUST-5191,PRD-1010,2,24341.31,0.0,48682.62,Debit Card,Online,,2026-05-06,2026,5,Wednesday,Electronics,15506.95,24341.31,48682.62,31013.9,17668.72
TXN-101657,2026-05-10 13:30:00,STR-104,CUST-5130,PRD-1012,2,5210.26,0.0,10420.52,UPI,Online,,2026-05-10,2026,5,Sunday,Sports & Outdoors,2949.0,5210.26,10420.52,5898.0,4522.52
TXN-101658,2026-04-18 14:54:00,STR-101,CUST-5090,PRD-1001,1,18543.28,0.15,15761.79,Debit Card,Online,,2026-04-18,2026,4,Saturday,Clothing,13084.9,15761.787999999999,15761.79,13084.9,2676.89
TXN-101659,2026-02-28 19:05:00,STR-110,CUST-5164,PRD-1004,4,18042.2,0.1,64951.92,Net Banking,Online,,2026-02-28,2026,2,Saturday,Clothing,12833.5,16237.980000000001,64951.92,51334.0,13617.92
TXN-101660,2026-01-12 10:54:00,STR-103,CUST-5045,PRD-1001,3,18543.28,0.1,50066.86,Cash,In-Store,,2026-01-12,2026,1,Monday,Clothing,13084.9,16688.952,50066.86,39254.7,10812.16
TXN-101661,2026-02-05 19:30:00,STR-112,CUST-5009,PRD-1008,5,2868.65,0.05,13626.09,UPI,Mobile App,,2026-02-05,2026,2,Thursday,Beauty & Care,2136.93,2725.2174999999997,13626.09,10684.65,2941.44
TXN-101662,2026-06-08 14:52:00,STR-102,CUST-5107,PRD-1013,3,24637.91,0.1,66522.36,Credit Card,In-Store,,2026-06-08,2026,6,Monday,Home & Kitchen,18397.7,22174.119,66522.36,55193.1,11329.26
TXN-101663,2026-04-04 09:50:00,STR-102,CUST-5007,PRD-1033,2,21120.74,0.05,40129.41,Net Banking,In-Store,,2026-04-04,2026,4,Saturday,Home & Kitchen,14082.52,20064.703,40129.41,28165.04,11964.37
TXN-101664,2026-03-09 17:20:00,STR-100,CUST-5006,PRD-1019,4,20633.99,0.1,74282.36,Debit Card,In-Store,,2026-03-09,2026,3,Monday,Clothing,15169.3,18570.591,74282.36,60677.2,13605.16
TXN-101665,2026-04-15 08:34:00,STR-106,CUST-5195,PRD-1030,1,3232.14,0.05,3070.53,Cash,Mobile App,,2026-04-15,2026,4,Wednesday,Home & Kitchen,2100.88,3070.533,3070.53,2100.88,969.65
TXN-101666,2026-01-26 08:22:00,STR-114,CUST-5057,PRD-1033,2,21120.74,0.05,40129.41,UPI,Online,,2026-01-26,2026,1,Monday,Home & Kitchen,14082.52,20064.703,40129.41,28165.04,11964.37
TXN-101667,2026-04-29 14:54:00,STR-114,CUST-5137,PRD-1004,1,18042.2,0.15,15335.87,Net Banking,In-Store,,2026-04-29,2026,4,Wednesday,Clothing,12833.5,15335.87,15335.87,12833.5,2502.37
TXN-101668,2026-05-02 15:57:00,STR-114,CUST-5065,PRD-1038,1,18431.47,0.1,16588.32,Credit Card,Online,,2026-05-02,2026,5,Saturday,Electronics,13596.63,16588.323,16588.32,13596.63,2991.69
TXN-101669,2026-06-07 18:45:00,STR-101,CUST-5122,PRD-1042,5,10274.71,0.1,46236.19,Net Banking,Mobile App,,2026-06-07,2026,6,Sunday,Home & Kitchen,7238.41,9247.239,46236.2,36192.05,10044.15
TXN-101670,2026-02-26 16:08:00,STR-112,CUST-5036,PRD-1036,2,22028.56,0.05,41854.26,Credit Card,Mobile App,,2026-02-26,2026,2,Thursday,Home & Kitchen,16329.4,20927.132,41854.26,32658.8,9195.46
TXN-101671,2026-03-14 17:06:00,STR-103,CUST-5057,PRD-1005,1,11505.07,0.15,9779.31,Debit Card,In-Store,,2026-03-14,2026,3,Saturday,Clothing,7063.93,9779.3095,9779.31,7063.93,2715.38
TXN-101672,2026-04-29 18:37:00,STR-108,CUST-5132,PRD-1046,3,2150.38,0.1,5806.03,Cash,Online,,2026-04-29,2026,4,Wednesday,Clothing,1198.25,1935.342,5806.03,3594.75,2211.28
TXN-101673,2026-04-19 13:42:00,STR-102,CUST-5148,PRD-1048,2,13710.77,0.1,24679.39,UPI,Mobile App,,2026-04-19,2026,4,Sunday,Clothing,9822.0,12339.693000000001,24679.39,19644.0,5035.39
TXN-101674,2026-02-16 08:09:00,STR-110,CUST-5008,PRD-1024,1,9368.27,0.05,8899.86,Credit Card,In-Store,,2026-02-16,2026,2,Monday,Beauty & Care,7301.49,8899.8565,8899.86,7301.49,1598.37
TXN-101675,2026-05-27 15:30:00,STR-113,CUST-5088,PRD-1025,3,12590.63,0.0,37771.89,Credit Card,Mobile App,,2026-05-27,2026,5,Wednesday,Sports & Outdoors,9113.47,12590.63,37771.89,27340.41,10431.48
TXN-101676,2026-02-24 15:39:00,STR-104,CUST-5139,PRD-1036,4,22028.56,0.15,74897.1,Net Banking,In-Store,,2026-02-24,2026,2,Tuesday,Home & Kitchen,16329.4,18724.276,74897.1,65317.6,9579.5
TXN-101677,2026-03-28 13:57:00,STR-102,CUST-5065,PRD-1047,3,13096.34,0.2,31431.22,Debit Card,Online,,2026-03-28,2026,3,Saturday,Electronics,8041.8,10477.072,31431.22,24125.4,7305.82
TXN-101678,2026-06-19 09:42:00,STR-113,CUST-5087,PRD-1049,5,12079.91,0.15,51339.62,Cash,Online,,2026-06-19,2026,6,Friday,Sports & Outdoors,8823.92,10267.923499999999,51339.62,44119.6,7220.02
TXN-101679,2026-06-14 08:34:00,STR-102,CUST-5024,PRD-1004,3,18042.2,0.15,46007.61,Credit Card,Online,,2026-06-14,2026,6,Sunday,Clothing,12833.5,15335.87,46007.61,38500.5,7507.11
TXN-101680,2026-03-17 10:55:00,STR-105,CUST-5078,PRD-1007,1,23951.68,0.2,19161.34,Net Banking,Online,,2026-03-17,2026,3,Tuesday,Clothing,15027.69,19161.344,19161.34,15027.69,4133.65
TXN-101681,2026-02-16 14:52:00,STR-114,CUST-5130,PRD-1035,1,15173.74,0.2,12138.99,Credit Card,In-Store,,2026-02-16,2026,2,Monday,Electronics,10050.77,12138.992,12138.99,10050.77,2088.22
TXN-101682,2026-02-20 19:47:00,STR-105,CUST-5134,PRD-1043,2,22540.44,0.0,45080.88,Cash,In-Store,,2026-02-20,2026,2,Friday,Beauty & Care,14737.88,22540.44,45080.88,29475.76,15605.12
TXN-101683,2026-01-13 20:34:00,STR-105,CUST-5138,PRD-1036,5,22028.56,0.2,88114.24,Credit Card,Mobile App,,2026-01-13,2026,1,Tuesday,Home & Kitchen,16329.4,17622.848,88114.24,81647.0,6467.24
TXN-101684,2026-02-10 09:43:00,STR-102,CUST-5162,PRD-1033,2,21120.74,0.1,38017.33,Cash,In-Store,,2026-02-10,2026,2,Tuesday,Home & Kitchen,14082.52,19008.666,38017.33,28165.04,9852.29
TXN-101685,2026-06-06 14:54:00,STR-103,CUST-5071,PRD-1048,2,13710.77,0.2,21937.23,UPI,Online,,2026-06-06,2026,6,Saturday,Clothing,9822.0,10968.616000000002,21937.23,19644.0,2293.23
TXN-101686,2026-04-18 15:29:00,STR-105,CUST-5034,PRD-1018,4,17272.73,0.2,55272.74,Debit Card,In-Store,,2026-04-18,2026,4,Saturday,Clothing,12848.42,13818.184000000001,55272.74,51393.68,3879.06
TXN-101687,2026-06-21 12:13:00,STR-114,CUST-5187,PRD-1004,3,18042.2,0.2,43301.28,Cash,Mobile App,,2026-06-21,2026,6,Sunday,Clothing,12833.5,14433.760000000002,43301.28,38500.5,4800.78
TXN-101688,2026-02-05 10:30:00,STR-113,CUST-5041,PRD-1004,1,18042.2,0.15,15335.87,Credit Card,Online,,2026-02-05,2026,2,Thursday,Clothing,12833.5,15335.87,15335.87,12833.5,2502.37
TXN-101689,2026-06-01 11:15:00,STR-113,CUST-5089,PRD-1010,4,24341.31,0.15,82760.45,UPI,In-Store,,2026-06-01,2026,6,Monday,Electronics,15506.95,20690.1135,82760.45,62027.8,20732.65
TXN-101690,2026-02-01 19:47:00,STR-109,CUST-5172,PRD-1017,2,11824.84,0.15,20102.23,Credit Card,In-Store,,2026-02-01,2026,2,Sunday,Clothing,7237.84,10051.114,20102.23,14475.68,5626.55
TXN-101691,2026-03-25 08:40:00,STR-101,CUST-5133,PRD-1028,2,6658.9,0.1,11986.02,Debit Card,Mobile App,,2026-03-25,2026,3,Wednesday,Sports & Outdoors,4509.69,5993.01,11986.02,9019.38,2966.64
TXN-101692,2026-03-01 18:28:00,STR-104,CUST-5031,PRD-1006,5,17604.11,0.15,74817.47,Cash,Mobile App,,2026-03-01,2026,3,Sunday,Clothing,11059.92,14963.4935,74817.47,55299.6,19517.87
TXN-101693,2026-01-19 20:58:00,STR-111,CUST-5087,PRD-1039,4,3644.72,0.05,13849.94,Debit Card,In-Store,,2026-01-19,2026,1,Monday,Clothing,2403.02,3462.4839999999995,13849.94,9612.08,4237.86
TXN-101694,2026-06-10 15:27:00,STR-109,CUST-5043,PRD-1024,3,9368.27,0.0,28104.81,Net Banking,Online,,2026-06-10,2026,6,Wednesday,Beauty & Care,7301.49,9368.27,28104.81,21904.47,6200.34
TXN-101695,2026-01-23 19:38:00,STR-109,CUST-5092,PRD-1014,5,7309.63,0.0,36548.15,Credit Card,Mobile App,,2026-01-23,2026,1,Friday,Beauty & Care,5089.02,7309.63,36548.15,25445.1,11103.05
TXN-101696,2026-01-15 18:06:00,STR-113,CUST-5197,PRD-1031,4,23868.44,0.15,81152.7,Debit Card,Mobile App,,2026-01-15,2026,1,Thursday,Electronics,17935.85,20288.174,81152.7,71743.4,9409.3
TXN-101697,2026-06-13 16:21:00,STR-106,CUST-5170,PRD-1046,3,2150.38,0.1,5806.03,Debit Card,Online,,2026-06-13,2026,6,Saturday,Clothing,1198.25,1935.342,5806.03,3594.75,2211.28
TXN-101698,2026-05-05 11:37:00,STR-107,CUST-5056,PRD-1005,1,11505.07,0.0,11505.07,Cash,Online,,2026-05-05,2026,5,Tuesday,Clothing,7063.93,11505.07,11505.07,7063.93,4441.14
TXN-101699,2026-05-05 16:38:00,STR-113,CUST-5144,PRD-1042,3,10274.71,0.0,30824.13,Net Banking,Mobile App,,2026-05-05,2026,5,Tuesday,Home & Kitchen,7238.41,10274.71,30824.13,21715.23,9108.9
TXN-101700,2026-06-04 09:37:00,STR-113,CUST-5164,PRD-1033,4,21120.74,0.0,84482.96,UPI,Mobile App,,2026-06-04,2026,6,Thursday,Home & Kitchen,14082.52,21120.74,84482.96,56330.08,28152.88
TXN-101701,2026-04-03 17:43:00,STR-111,CUST-5154,PRD-1006,1,17604.11,0.05,16723.9,Net Banking,Online,,2026-04-03,2026,4,Friday,Clothing,11059.92,16723.9045,16723.9,11059.92,5663.98
TXN-101702,2026-06-15 20:28:00,STR-113,CUST-5117,PRD-1045,1,14916.37,0.1,13424.73,Cash,Mobile App,,2026-06-15,2026,6,Monday,Clothing,8228.67,13424.733,13424.73,8228.67,5196.06
TXN-101703,2026-06-21 08:13:00,STR-109,CUST-5046,PRD-1002,4,14966.66,0.15,50886.64,UPI,Mobile App,,2026-06-21,2026,6,Sunday,Electronics,8341.07,12721.661,50886.64,33364.28,17522.36
TXN-101704,2026-04-16 20:01:00,STR-111,CUST-5116,PRD-1021,1,5708.56,0.1,5137.7,Debit Card,Online,,2026-04-16,2026,4,Thursday,Home & Kitchen,3795.18,5137.704000000001,5137.7,3795.18,1342.52
TXN-101705,2026-03-05 12:28:00,STR-112,CUST-5012,PRD-1043,3,22540.44,0.1,60859.19,Debit Card,Online,,2026-03-05,2026,3,Thursday,Beauty & Care,14737.88,20286.396,60859.19,44213.64,16645.55
TXN-101706,2026-02-23 16:49:00,STR-113,CUST-5140,PRD-1044,3,2067.7,0.05,5892.94,Debit Card,Mobile App,,2026-02-23,2026,2,Monday,Clothing,1147.24,1964.3149999999998,5892.94,3441.72,2451.22
TXN-101707,2026-05-08 21:05:00,STR-105,CUST-5090,PRD-1025,3,12590.63,0.05,35883.3,Cash,Mobile App,,2026-05-08,2026,5,Friday,Sports & Outdoors,9113.47,11961.098499999998,35883.3,27340.41,8542.89
TXN-101708,2026-03-20 09:58:00,STR-111,CUST-5023,PRD-1047,2,13096.34,0.1,23573.41,Net Banking,Online,,2026-03-20,2026,3,Friday,Electronics,8041.8,11786.706,23573.41,16083.6,7489.81
TXN-101709,2026-04-08 11:16:00,STR-113,CUST-5181,PRD-1039,4,3644.72,0.05,13849.94,Net Banking,Online,,2026-04-08,2026,4,Wednesday,Clothing,2403.02,3462.4839999999995,13849.94,9612.08,4237.86
TXN-101710,2026-02-10 10:20:00,STR-100,CUST-5028,PRD-1021,4,5708.56,0.1,20550.82,Credit Card,Mobile App,,2026-02-10,2026,2,Tuesday,Home & Kitchen,3795.18,5137.704000000001,20550.82,15180.72,5370.1
TXN-101711,2026-03-17 20:35:00,STR-108,CUST-5045,PRD-1019,5,20633.99,0.2,82535.96,Net Banking,Mobile App,,2026-03-17,2026,3,Tuesday,Clothing,15169.3,16507.192000000003,82535.96,75846.5,6689.46
TXN-101712,2026-01-24 09:45:00,STR-109,CUST-5169,PRD-1044,1,2067.7,0.05,1964.31,Net Banking,Online,,2026-01-24,2026,1,Saturday,Clothing,1147.24,1964.3149999999998,1964.31,1147.24,817.07
TXN-101713,2026-04-01 14:08:00,STR-114,CUST-5098,PRD-1009,3,20274.45,0.2,48658.68,UPI,Mobile App,,2026-04-01,2026,4,Wednesday,Home & Kitchen,14553.78,16219.560000000001,48658.68,43661.34,4997.34
TXN-101714,2026-01-22 13:14:00,STR-107,CUST-5010,PRD-1018,5,17272.73,0.2,69090.92,Credit Card,Mobile App,,2026-01-22,2026,1,Thursday,Clothing,12848.42,13818.184000000001,69090.92,64242.1,4848.82
TXN-101715,2026-05-07 11:53:00,STR-111,CUST-5056,PRD-1009,3,20274.45,0.0,60823.35,Credit Card,In-Store,,2026-05-07,2026,5,Thursday,Home & Kitchen,14553.78,20274.45,60823.35,43661.34,17162.01
TXN-101716,2026-01-04 12:15:00,STR-100,CUST-5156,PRD-1028,2,6658.9,0.05,12651.91,Net Banking,Online,,2026-01-04,2026,1,Sunday,Sports & Outdoors,4509.69,6325.954999999999,12651.91,9019.38,3632.53
TXN-101717,2026-05-26 11:26:00,STR-102,CUST-5132,PRD-1026,5,15872.06,0.2,63488.24,Cash,Online,,2026-05-26,2026,5,Tuesday,Clothing,11621.18,12697.648000000001,63488.24,58105.9,5382.34
TXN-101718,2026-03-08 19:50:00,STR-105,CUST-5067,PRD-1040,5,6993.15,0.15,29720.89,Net Banking,Online,,2026-03-08,2026,3,Sunday,Clothing,5249.48,5944.1775,29720.89,26247.4,3473.49
TXN-101719,2026-05-19 13:04:00,STR-111,CUST-5034,PRD-1023,2,6936.43,0.1,12485.57,Debit Card,Mobile App,,2026-05-19,2026,5,Tuesday,Sports & Outdoors,4747.67,6242.787,12485.57,9495.34,2990.23
TXN-101720,2026-02-02 09:58:00,STR-112,CUST-5129,PRD-1015,5,9568.8,0.2,38275.2,Net Banking,Mobile App,,2026-02-02,2026,2,Monday,Clothing,5723.93,7655.04,38275.2,28619.65,9655.55
TXN-101721,2026-02-28 19:22:00,STR-111,CUST-5179,PRD-1020,1,2120.69,0.2,1696.55,Cash,In-Store,,2026-02-28,2026,2,Saturday,Home & Kitchen,1611.77,1696.5520000000001,1696.55,1611.77,84.78
TXN-101722,2026-01-14 15:39:00,STR-107,CUST-5127,PRD-1029,3,17201.59,0.2,41283.82,Cash,Online,,2026-01-14,2026,1,Wednesday,Electronics,11585.33,13761.272,41283.82,34755.99,6527.83
TXN-101723,2026-05-24 15:35:00,STR-110,CUST-5014,PRD-1004,2,18042.2,0.0,36084.4,Debit Card,Online,,2026-05-24,2026,5,Sunday,Clothing,12833.5,18042.2,36084.4,25667.0,10417.4
TXN-101724,2026-06-24 13:04:00,STR-111,CUST-5070,PRD-1045,2,14916.37,0.0,29832.74,Cash,Online,,2026-06-24,2026,6,Wednesday,Clothing,8228.67,14916.37,29832.74,16457.34,13375.4
TXN-101725,2026-05-06 14:45:00,STR-112,CUST-5034,PRD-1046,1,2150.38,0.2,1720.3,Net Banking,In-Store,,2026-05-06,2026,5,Wednesday,Clothing,1198.25,1720.304,1720.3,1198.25,522.05
TXN-101726,2026-05-18 19:43:00,STR-104,CUST-5084,PRD-1042,4,10274.71,0.1,36988.96,Credit Card,Mobile App,,2026-05-18,2026,5,Monday,Home & Kitchen,7238.41,9247.239,36988.96,28953.64,8035.32
TXN-101727,2026-05-19 18:37:00,STR-105,CUST-5001,PRD-1032,4,19167.84,0.05,72837.79,Cash,In-Store,,2026-05-19,2026,5,Tuesday,Sports & Outdoors,12780.48,18209.448,72837.79,51121.92,21715.87
TXN-101728,2026-01-31 20:04:00,STR-109,CUST-5016,PRD-1045,3,14916.37,0.2,35799.29,Cash,Online,,2026-01-31,2026,1,Saturday,Clothing,8228.67,11933.096000000001,35799.29,24686.01,11113.28
TXN-101729,2026-03-05 17:49:00,STR-112,CUST-5045,PRD-1046,2,2150.38,0.05,4085.72,Credit Card,In-Store,,2026-03-05,2026,3,Thursday,Clothing,1198.25,2042.861,4085.72,2396.5,1689.22
TXN-101730,2026-03-26 09:06:00,STR-106,CUST-5146,PRD-1041,4,23258.31,0.0,93033.24,Net Banking,Online,,2026-03-26,2026,3,Thursday,Clothing,16832.29,23258.31,93033.24,67329.16,25704.08
TXN-101731,2026-03-29 10:06:00,STR-104,CUST-5090,PRD-1024,4,9368.27,0.05,35599.43,Credit Card,Mobile App,,2026-03-29,2026,3,Sunday,Beauty & Care,7301.49,8899.8565,35599.43,29205.96,6393.47
TXN-101732,2026-01-24 10:16:00,STR-106,CUST-5051,PRD-1027,3,2055.49,0.15,5241.5,Credit Card,Online,,2026-01-24,2026,1,Saturday,Sports & Outdoors,1310.93,1747.1664999999998,5241.5,3932.79,1308.71
TXN-101733,2026-04-26 20:06:00,STR-108,CUST-5065,PRD-1041,1,23258.31,0.1,20932.48,UPI,Mobile App,,2026-04-26,2026,4,Sunday,Clothing,16832.29,20932.479000000003,20932.48,16832.29,4100.19
TXN-101734,2026-06-24 13:06:00,STR-102,CUST-5000,PRD-1003,5,6199.42,0.0,30997.1,Cash,In-Store,,2026-06-24,2026,6,Wednesday,Clothing,4268.08,6199.42,30997.1,21340.4,9656.7
TXN-101735,2026-03-20 08:51:00,STR-114,CUST-5145,PRD-1000,3,1111.79,0.15,2835.06,Cash,Online,,2026-03-20,2026,3,Friday,Electronics,681.81,945.0215,2835.06,2045.43,789.63
TXN-101736,2026-06-12 17:31:00,STR-102,CUST-5137,PRD-1004,2,18042.2,0.05,34280.18,Credit Card,Online,,2026-06-12,2026,6,Friday,Clothing,12833.5,17140.09,34280.18,25667.0,8613.18
TXN-101737,2026-04-06 17:11:00,STR-114,CUST-5112,PRD-1006,2,17604.11,0.2,28166.58,Credit Card,Mobile App,,2026-04-06,2026,4,Monday,Clothing,11059.92,14083.288,28166.58,22119.84,6046.74
TXN-101738,2026-06-09 08:59:00,STR-108,CUST-5030,PRD-1009,4,20274.45,0.0,81097.8,Debit Card,Online,,2026-06-09,2026,6,Tuesday,Home & Kitchen,14553.78,20274.45,81097.8,58215.12,22882.68
TXN-101739,2026-06-01 16:10:00,STR-114,CUST-5025,PRD-1006,3,17604.11,0.05,50171.71,Net Banking,In-Store,,2026-06-01,2026,6,Monday,Clothing,11059.92,16723.9045,50171.71,33179.76,16991.95
TXN-101740,2026-03-28 15:59:00,STR-110,CUST-5140,PRD-1038,2,18431.47,0.2,29490.35,Net Banking,Online,,2026-03-28,2026,3,Saturday,Electronics,13596.63,14745.176000000001,29490.35,27193.26,2297.09
TXN-101741,2026-03-28 11:23:00,STR-102,CUST-5061,PRD-1007,5,23951.68,0.0,119758.4,Net Banking,In-Store,,2026-03-28,2026,3,Saturday,Clothing,15027.69,23951.68,119758.4,75138.45,44619.95
TXN-101742,2026-01-16 15:51:00,STR-113,CUST-5168,PRD-1025,1,12590.63,0.1,11331.57,Cash,In-Store,,2026-01-16,2026,1,Friday,Sports & Outdoors,9113.47,11331.567,11331.57,9113.47,2218.1
TXN-101743,2026-05-15 17:36:00,STR-111,CUST-5136,PRD-1033,1,21120.74,0.1,19008.67,Cash,Online,,2026-05-15,2026,5,Friday,Home & Kitchen,14082.52,19008.666,19008.67,14082.52,4926.15
TXN-101744,2026-03-14 13:08:00,STR-107,CUST-5195,PRD-1048,5,13710.77,0.05,65126.16,Credit Card,Online,,2026-03-14,2026,3,Saturday,Clothing,9822.0,13025.2315,65126.16,49110.0,16016.16
TXN-101745,2026-04-22 14:05:00,STR-107,CUST-5006,PRD-1040,4,6993.15,0.15,23776.71,Net Banking,In-Store,,2026-04-22,2026,4,Wednesday,Clothing,5249.48,5944.1775,23776.71,20997.92,2778.79
TXN-101746,2026-06-06 14:19:00,STR-107,CUST-5197,PRD-1020,5,2120.69,0.15,9012.93,Debit Card,Mobile App,,2026-06-06,2026,6,Saturday,Home & Kitchen,1611.77,1802.5865,9012.93,8058.85,954.08
TXN-101747,2026-01-11 11:05:00,STR-104,CUST-5150,PRD-1044,1,2067.7,0.2,1654.16,Cash,Mobile App,,2026-01-11,2026,1,Sunday,Clothing,1147.24,1654.1599999999999,1654.16,1147.24,506.92
TXN-101748,2026-05-17 08:03:00,STR-104,CUST-5098,PRD-1011,3,20820.24,0.0,62460.72,Credit Card,Online,,2026-05-17,2026,5,Sunday,Home & Kitchen,14413.01,20820.24,62460.72,43239.03,19221.69
TXN-101749,2026-05-11 16:54:00,STR-102,CUST-5130,PRD-1034,1,9660.26,0.15,8211.22,Debit Card,Mobile App,,2026-05-11,2026,5,Monday,Clothing,5672.08,8211.221,8211.22,5672.08,2539.14
TXN-101750,2026-01-26 15:11:00,STR-114,CUST-5056,PRD-1044,1,2067.7,0.05,1964.31,Debit Card,In-Store,,2026-01-26,2026,1,Monday,Clothing,1147.24,1964.3149999999998,1964.31,1147.24,817.07
TXN-101751,2026-02-22 17:40:00,STR-109,CUST-5003,PRD-1045,2,14916.37,0.15,25357.83,UPI,Online,,2026-02-22,2026,2,Sunday,Clothing,8228.67,12678.9145,25357.83,16457.34,8900.49
TXN-101752,2026-01-02 11:42:00,STR-113,CUST-5084,PRD-1013,1,24637.91,0.1,22174.12,Credit Card,Online,,2026-01-02,2026,1,Friday,Home & Kitchen,18397.7,22174.119,22174.12,18397.7,3776.42
TXN-101753,2026-01-12 10:09:00,STR-109,CUST-5063,PRD-1014,3,7309.63,0.15,18639.56,Cash,Mobile App,,2026-01-12,2026,1,Monday,Beauty & Care,5089.02,6213.1855,18639.56,15267.06,3372.5
TXN-101754,2026-06-10 12:13:00,STR-114,CUST-5167,PRD-1016,4,15423.32,0.2,49354.62,Debit Card,Online,,2026-06-10,2026,6,Wednesday,Electronics,9089.92,12338.656,49354.62,36359.68,12994.94
TXN-101755,2026-04-16 14:17:00,STR-113,CUST-5048,PRD-1044,1,2067.7,0.15,1757.54,Net Banking,Online,,2026-04-16,2026,4,Thursday,Clothing,1147.24,1757.5449999999998,1757.54,1147.24,610.3
TXN-101756,2026-01-11 19:49:00,STR-107,CUST-5032,PRD-1038,1,18431.47,0.15,15666.75,Credit Card,In-Store,,2026-01-11,2026,1,Sunday,Electronics,13596.63,15666.7495,15666.75,13596.63,2070.12
TXN-101757,2026-02-10 20:31:00,STR-101,CUST-5046,PRD-1040,1,6993.15,0.0,6993.15,Cash,Online,,2026-02-10,2026,2,Tuesday,Clothing,5249.48,6993.15,6993.15,5249.48,1743.67
TXN-101758,2026-03-14 16:18:00,STR-104,CUST-5145,PRD-1010,3,24341.31,0.15,62070.34,Debit Card,In-Store,,2026-03-14,2026,3,Saturday,Electronics,15506.95,20690.1135,62070.34,46520.85,15549.49
TXN-101759,2026-02-21 09:35:00,STR-113,CUST-5127,PRD-1048,1,13710.77,0.15,11654.15,Credit Card,In-Store,,2026-02-21,2026,2,Saturday,Clothing,9822.0,11654.1545,11654.15,9822.0,1832.15
TXN-101760,2026-05-03 09:07:00,STR-103,CUST-5009,PRD-1033,1,21120.74,0.15,17952.63,Net Banking,In-Store,,2026-05-03,2026,5,Sunday,Home & Kitchen,14082.52,17952.629,17952.63,14082.52,3870.11
TXN-101761,2026-04-22 17:23:00,STR-107,CUST-5189,PRD-1005,1,11505.07,0.05,10929.82,Credit Card,Online,,2026-04-22,2026,4,Wednesday,Clothing,7063.93,10929.816499999999,10929.82,7063.93,3865.89
TXN-101762,2026-02-18 20:13:00,STR-111,CUST-5081,PRD-1038,1,18431.47,0.2,14745.18,UPI,Mobile App,,2026-02-18,2026,2,Wednesday,Electronics,13596.63,14745.176000000001,14745.18,13596.63,1148.55
TXN-101763,2026-03-06 10:22:00,STR-107,CUST-5051,PRD-1000,2,1111.79,0.1,2001.22,UPI,Online,,2026-03-06,2026,3,Friday,Electronics,681.81,1000.611,2001.22,1363.62,637.6
TXN-101764,2026-05-10 09:14:00,STR-102,CUST-5160,PRD-1024,2,9368.27,0.1,16862.89,Credit Card,Online,,2026-05-10,2026,5,Sunday,Beauty & Care,7301.49,8431.443000000001,16862.89,14602.98,2259.91
TXN-101765,2026-04-23 09:53:00,STR-103,CUST-5154,PRD-1042,4,10274.71,0.0,41098.84,Cash,Online,,2026-04-23,2026,4,Thursday,Home & Kitchen,7238.41,10274.71,41098.84,28953.64,12145.2
TXN-101766,2026-05-21 13:03:00,STR-101,CUST-5175,PRD-1035,2,15173.74,0.05,28830.11,UPI,Online,,2026-05-21,2026,5,Thursday,Electronics,10050.77,14415.053,28830.11,20101.54,8728.57
TXN-101767,2026-06-08 19:10:00,STR-111,CUST-5082,PRD-1033,5,21120.74,0.0,105603.7,Debit Card,In-Store,,2026-06-08,2026,6,Monday,Home & Kitchen,14082.52,21120.74,105603.7,70412.6,35191.1
TXN-101768,2026-01-02 14:00:00,STR-109,CUST-5014,PRD-1009,1,20274.45,0.05,19260.73,Net Banking,Mobile App,,2026-01-02,2026,1,Friday,Home & Kitchen,14553.78,19260.7275,19260.73,14553.78,4706.95
TXN-101769,2026-05-25 16:04:00,STR-100,CUST-5166,PRD-1007,2,23951.68,0.0,47903.36,Net Banking,Mobile App,,2026-05-25,2026,5,Monday,Clothing,15027.69,23951.68,47903.36,30055.38,17847.98
TXN-101770,2026-06-25 17:24:00,STR-107,CUST-5191,PRD-1041,4,23258.31,0.1,83729.92,Credit Card,Mobile App,,2026-06-25,2026,6,Thursday,Clothing,16832.29,20932.479000000003,83729.92,67329.16,16400.76
TXN-101771,2026-03-30 18:29:00,STR-107,CUST-5039,PRD-1031,5,23868.44,0.1,107407.98,Net Banking,Mobile App,,2026-03-30,2026,3,Monday,Electronics,17935.85,21481.595999999998,107407.98,89679.25,17728.73
TXN-101772,2026-03-15 18:46:00,STR-102,CUST-5099,PRD-1023,2,6936.43,0.05,13179.22,Debit Card,In-Store,,2026-03-15,2026,3,Sunday,Sports & Outdoors,4747.67,6589.6085,13179.22,9495.34,3683.88
TXN-101773,2026-03-18 10:02:00,STR-107,CUST-5105,PRD-1023,1,6936.43,0.15,5895.97,Cash,In-Store,,2026-03-18,2026,3,Wednesday,Sports & Outdoors,4747.67,5895.9655,5895.97,4747.67,1148.3
TXN-101774,2026-02-23 14:26:00,STR-114,CUST-5106,PRD-1025,2,12590.63,0.1,22663.13,Net Banking,Mobile App,,2026-02-23,2026,2,Monday,Sports & Outdoors,9113.47,11331.567,22663.13,18226.94,4436.19
TXN-101775,2026-04-29 13:21:00,STR-105,CUST-5170,PRD-1028,4,6658.9,0.15,22640.26,Net Banking,In-Store,,2026-04-29,2026,4,Wednesday,Sports & Outdoors,4509.69,5660.065,22640.26,18038.76,4601.5
TXN-101776,2026-03-04 11:45:00,STR-103,CUST-5145,PRD-1046,5,2150.38,0.05,10214.31,Credit Card,Mobile App,,2026-03-04,2026,3,Wednesday,Clothing,1198.25,2042.861,10214.3,5991.25,4223.05
TXN-101777,2026-04-29 16:55:00,STR-112,CUST-5104,PRD-1042,5,10274.71,0.1,46236.19,Debit Card,Mobile App,,2026-04-29,2026,4,Wednesday,Home & Kitchen,7238.41,9247.239,46236.2,36192.05,10044.15
TXN-101778,2026-02-06 15:06:00,STR-108,CUST-5166,PRD-1019,2,20633.99,0.15,35077.78,Net Banking,Online,,2026-02-06,2026,2,Friday,Clothing,15169.3,17538.8915,35077.78,30338.6,4739.18
TXN-101779,2026-01-14 11:13:00,STR-105,CUST-5141,PRD-1049,5,12079.91,0.15,51339.62,Credit Card,Mobile App,,2026-01-14,2026,1,Wednesday,Sports & Outdoors,8823.92,10267.923499999999,51339.62,44119.6,7220.02
TXN-101780,2026-02-16 15:01:00,STR-111,CUST-5052,PRD-1024,5,9368.27,0.15,39815.15,Net Banking,Mobile App,,2026-02-16,2026,2,Monday,Beauty & Care,7301.49,7963.029500000001,39815.15,36507.45,3307.7
TXN-101781,2026-06-24 17:49:00,STR-102,CUST-5164,PRD-1042,2,10274.71,0.1,18494.48,Net Banking,Mobile App,,2026-06-24,2026,6,Wednesday,Home & Kitchen,7238.41,9247.239,18494.48,14476.82,4017.66
TXN-101782,2026-03-23 15:15:00,STR-113,CUST-5189,PRD-1012,2,5210.26,0.15,8857.44,Credit Card,Online,,2026-03-23,2026,3,Monday,Sports & Outdoors,2949.0,4428.7210000000005,8857.44,5898.0,2959.44
TXN-101783,2026-05-16 19:40:00,STR-114,CUST-5009,PRD-1020,5,2120.69,0.2,8482.76,UPI,In-Store,,2026-05-16,2026,5,Saturday,Home & Kitchen,1611.77,1696.5520000000001,8482.76,8058.85,423.91
TXN-101784,2026-01-14 13:54:00,STR-101,CUST-5080,PRD-1005,1,11505.07,0.0,11505.07,Debit Card,In-Store,,2026-01-14,2026,1,Wednesday,Clothing,7063.93,11505.07,11505.07,7063.93,4441.14
TXN-101785,2026-03-20 21:04:00,STR-105,CUST-5159,PRD-1047,2,13096.34,0.05,24883.05,Debit Card,Mobile App,,2026-03-20,2026,3,Friday,Electronics,8041.8,12441.523,24883.05,16083.6,8799.45
TXN-101786,2026-06-30 10:18:00,STR-104,CUST-5025,PRD-1028,4,6658.9,0.1,23972.04,Cash,In-Store,,2026-06-30,2026,6,Tuesday,Sports & Outdoors,4509.69,5993.01,23972.04,18038.76,5933.28
TXN-101787,2026-01-31 16:58:00,STR-109,CUST-5104,PRD-1009,2,20274.45,0.15,34466.57,Credit Card,Mobile App,,2026-01-31,2026,1,Saturday,Home & Kitchen,14553.78,17233.2825,34466.56,29107.56,5359.0
TXN-101788,2026-06-26 21:57:00,STR-103,CUST-5029,PRD-1035,4,15173.74,0.1,54625.46,Credit Card,Online,,2026-06-26,2026,6,Friday,Electronics,10050.77,13656.366,54625.46,40203.08,14422.38
TXN-101789,2026-04-08 15:24:00,STR-107,CUST-5043,PRD-1006,1,17604.11,0.05,16723.9,UPI,Mobile App,,2026-04-08,2026,4,Wednesday,Clothing,11059.92,16723.9045,16723.9,11059.92,5663.98
TXN-101790,2026-05-30 17:11:00,STR-107,CUST-5005,PRD-1044,3,2067.7,0.15,5272.63,Net Banking,Mobile App,,2026-05-30,2026,5,Saturday,Clothing,1147.24,1757.5449999999998,5272.63,3441.72,1830.91
TXN-101791,2026-01-22 13:04:00,STR-102,CUST-5034,PRD-1036,3,22028.56,0.1,59477.11,Cash,Online,,2026-01-22,2026,1,Thursday,Home & Kitchen,16329.4,19825.704,59477.11,48988.2,10488.91
TXN-101792,2026-01-29 20:42:00,STR-103,CUST-5162,PRD-1043,4,22540.44,0.05,85653.67,Debit Card,Online,,2026-01-29,2026,1,Thursday,Beauty & Care,14737.88,21413.417999999998,85653.67,58951.52,26702.15
TXN-101793,2026-06-04 20:31:00,STR-100,CUST-5159,PRD-1045,1,14916.37,0.1,13424.73,Cash,Online,,2026-06-04,2026,6,Thursday,Clothing,8228.67,13424.733,13424.73,8228.67,5196.06
TXN-101794,2026-02-19 16:17:00,STR-108,CUST-5006,PRD-1010,3,24341.31,0.1,65721.54,Net Banking,Online,,2026-02-19,2026,2,Thursday,Electronics,15506.95,21907.179,65721.54,46520.85,19200.69
TXN-101795,2026-06-29 12:16:00,STR-107,CUST-5110,PRD-1010,1,24341.31,0.05,23124.24,Debit Card,In-Store,,2026-06-29,2026,6,Monday,Electronics,15506.95,23124.2445,23124.24,15506.95,7617.29
TXN-101796,2026-03-27 16:02:00,STR-102,CUST-5159,PRD-1017,4,11824.84,0.0,47299.36,UPI,Mobile App,,2026-03-27,2026,3,Friday,Clothing,7237.84,11824.84,47299.36,28951.36,18348.0
TXN-101797,2026-04-08 11:57:00,STR-107,CUST-5097,PRD-1036,1,22028.56,0.1,19825.7,Net Banking,In-Store,,2026-04-08,2026,4,Wednesday,Home & Kitchen,16329.4,19825.704,19825.7,16329.4,3496.3
TXN-101798,2026-03-27 13:51:00,STR-108,CUST-5108,PRD-1044,3,2067.7,0.15,5272.63,Net Banking,Mobile App,,2026-03-27,2026,3,Friday,Clothing,1147.24,1757.5449999999998,5272.63,3441.72,1830.91
TXN-101799,2026-03-08 16:12:00,STR-107,CUST-5072,PRD-1021,2,5708.56,0.1,10275.41,Debit Card,In-Store,,2026-03-08,2026,3,Sunday,Home & Kitchen,3795.18,5137.704000000001,10275.41,7590.36,2685.05
TXN-101800,2026-05-11 09:01:00,STR-112,CUST-5032,PRD-1028,1,6658.9,0.1,5993.01,UPI,In-Store,,2026-05-11,2026,5,Monday,Sports & Outdoors,4509.69,5993.01,5993.01,4509.69,1483.32
TXN-101801,2026-01-17 10:36:00,STR-112,CUST-5060,PRD-1004,2,18042.2,0.1,32475.96,UPI,In-Store,,2026-01-17,2026,1,Saturday,Clothing,12833.5,16237.980000000001,32475.96,25667.0,6808.96
TXN-101802,2026-06-08 09:09:00,STR-109,CUST-5160,PRD-1000,1,1111.79,0.1,1000.61,Net Banking,Mobile App,,2026-06-08,2026,6,Monday,Electronics,681.81,1000.611,1000.61,681.81,318.8
TXN-101803,2026-02-01 08:45:00,STR-102,CUST-5051,PRD-1021,1,5708.56,0.2,4566.85,UPI,In-Store,,2026-02-01,2026,2,Sunday,Home & Kitchen,3795.18,4566.848000000001,4566.85,3795.18,771.67
TXN-101804,2026-04-21 20:43:00,STR-103,CUST-5053,PRD-1005,1,11505.07,0.0,11505.07,UPI,Mobile App,,2026-04-21,2026,4,Tuesday,Clothing,7063.93,11505.07,11505.07,7063.93,4441.14
TXN-101805,2026-06-10 16:12:00,STR-107,CUST-5050,PRD-1005,4,11505.07,0.1,41418.25,Net Banking,Mobile App,,2026-06-10,2026,6,Wednesday,Clothing,7063.93,10354.563,41418.25,28255.72,13162.53
TXN-101806,2026-03-15 19:43:00,STR-109,CUST-5015,PRD-1045,2,14916.37,0.15,25357.83,Net Banking,In-Store,,2026-03-15,2026,3,Sunday,Clothing,8228.67,12678.9145,25357.83,16457.34,8900.49
TXN-101807,2026-02-15 11:16:00,STR-102,CUST-5138,PRD-1032,1,19167.84,0.0,19167.84,Cash,In-Store,,2026-02-15,2026,2,Sunday,Sports & Outdoors,12780.48,19167.84,19167.84,12780.48,6387.36
TXN-101808,2026-02-18 10:54:00,STR-105,CUST-5193,PRD-1044,1,2067.7,0.0,2067.7,Credit Card,In-Store,,2026-02-18,2026,2,Wednesday,Clothing,1147.24,2067.7,2067.7,1147.24,920.46
TXN-101809,2026-06-03 14:32:00,STR-110,CUST-5073,PRD-1025,5,12590.63,0.1,56657.83,Credit Card,Online,,2026-06-03,2026,6,Wednesday,Sports & Outdoors,9113.47,11331.567,56657.83,45567.35,11090.48
TXN-101810,2026-05-16 08:41:00,STR-114,CUST-5174,PRD-1016,3,15423.32,0.05,43956.46,Debit Card,Online,,2026-05-16,2026,5,Saturday,Electronics,9089.92,14652.153999999999,43956.46,27269.76,16686.7
TXN-101811,2026-01-16 09:31:00,STR-105,CUST-5187,PRD-1048,2,13710.77,0.0,27421.54,UPI,Mobile App,,2026-01-16,2026,1,Friday,Clothing,9822.0,13710.77,27421.54,19644.0,7777.54
TXN-101812,2026-06-22 20:57:00,STR-111,CUST-5114,PRD-1048,4,13710.77,0.0,54843.08,UPI,Mobile App,,2026-06-22,2026,6,Monday,Clothing,9822.0,13710.77,54843.08,39288.0,15555.08
TXN-101813,2026-05-31 20:58:00,STR-114,CUST-5092,PRD-1043,1,22540.44,0.1,20286.4,Cash,Mobile App,,2026-05-31,2026,5,Sunday,Beauty & Care,14737.88,20286.396,20286.4,14737.88,5548.52
TXN-101814,2026-03-23 15:22:00,STR-111,CUST-5122,PRD-1004,5,18042.2,0.1,81189.9,Debit Card,Online,,2026-03-23,2026,3,Monday,Clothing,12833.5,16237.980000000001,81189.9,64167.5,17022.4
TXN-101815,2026-05-20 19:12:00,STR-103,CUST-5150,PRD-1019,4,20633.99,0.1,74282.36,Credit Card,In-Store,,2026-05-20,2026,5,Wednesday,Clothing,15169.3,18570.591,74282.36,60677.2,13605.16
TXN-101816,2026-04-30 15:20:00,STR-114,CUST-5103,PRD-1044,3,2067.7,0.15,5272.63,Net Banking,Online,,2026-04-30,2026,4,Thursday,Clothing,1147.24,1757.5449999999998,5272.63,3441.72,1830.91
TXN-101817,2026-04-09 14:01:00,STR-113,CUST-5035,PRD-1028,2,6658.9,0.05,12651.91,Debit Card,Online,,2026-04-09,2026,4,Thursday,Sports & Outdoors,4509.69,6325.954999999999,12651.91,9019.38,3632.53
TXN-101818,2026-04-04 08:27:00,STR-112,CUST-5169,PRD-1040,2,6993.15,0.15,11888.35,Credit Card,In-Store,,2026-04-04,2026,4,Saturday,Clothing,5249.48,5944.1775,11888.36,10498.96,1389.4
TXN-101819,2026-01-25 08:25:00,STR-107,CUST-5038,PRD-1037,2,1918.22,0.05,3644.62,Debit Card,Online,,2026-01-25,2026,1,Sunday,Clothing,1442.39,1822.309,3644.62,2884.78,759.84
TXN-101820,2026-04-11 10:19:00,STR-113,CUST-5140,PRD-1012,1,5210.26,0.15,4428.72,Debit Card,In-Store,,2026-04-11,2026,4,Saturday,Sports & Outdoors,2949.0,4428.7210000000005,4428.72,2949.0,1479.72
TXN-101821,2026-05-08 14:27:00,STR-113,CUST-5040,PRD-1012,4,5210.26,0.2,16672.83,Net Banking,Mobile App,,2026-05-08,2026,5,Friday,Sports & Outdoors,2949.0,4168.2080000000005,16672.83,11796.0,4876.83
TXN-101822,2026-01-18 13:45:00,STR-107,CUST-5155,PRD-1003,3,6199.42,0.0,18598.26,Debit Card,In-Store,,2026-01-18,2026,1,Sunday,Clothing,4268.08,6199.42,18598.26,12804.24,5794.02
TXN-101823,2026-02-25 14:31:00,STR-100,CUST-5078,PRD-1015,5,9568.8,0.15,40667.4,Credit Card,Online,,2026-02-25,2026,2,Wednesday,Clothing,5723.93,8133.48,40667.4,28619.65,12047.75
TXN-101824,2026-04-20 17:07:00,STR-109,CUST-5033,PRD-1040,3,6993.15,0.2,16783.56,Cash,Online,,2026-04-20,2026,4,Monday,Clothing,5249.48,5594.52,16783.56,15748.44,1035.12
TXN-101825,2026-04-05 17:30:00,STR-101,CUST-5004,PRD-1021,3,5708.56,0.05,16269.4,Net Banking,Online,,2026-04-05,2026,4,Sunday,Home & Kitchen,3795.18,5423.1320000000005,16269.4,11385.54,4883.86
TXN-101826,2026-03-25 19:14:00,STR-114,CUST-5080,PRD-1026,2,15872.06,0.05,30156.91,Net Banking,Online,,2026-03-25,2026,3,Wednesday,Clothing,11621.18,15078.456999999999,30156.91,23242.36,6914.55
TXN-101827,2026-03-26 19:12:00,STR-114,CUST-5032,PRD-1035,3,15173.74,0.2,36416.98,Debit Card,Mobile App,,2026-03-26,2026,3,Thursday,Electronics,10050.77,12138.992,36416.98,30152.31,6264.67
TXN-101828,2026-06-06 11:52:00,STR-113,CUST-5063,PRD-1036,2,22028.56,0.2,35245.7,Net Banking,Mobile App,,2026-06-06,2026,6,Saturday,Home & Kitchen,16329.4,17622.848,35245.7,32658.8,2586.9
TXN-101829,2026-05-11 09:24:00,STR-112,CUST-5037,PRD-1030,1,3232.14,0.1,2908.93,Cash,Online,,2026-05-11,2026,5,Monday,Home & Kitchen,2100.88,2908.926,2908.93,2100.88,808.05
TXN-101830,2026-04-29 17:57:00,STR-114,CUST-5186,PRD-1005,5,11505.07,0.15,48896.55,Debit Card,In-Store,,2026-04-29,2026,4,Wednesday,Clothing,7063.93,9779.3095,48896.55,35319.65,13576.9
TXN-101831,2026-03-12 19:09:00,STR-105,CUST-5199,PRD-1028,4,6658.9,0.05,25303.82,UPI,Online,,2026-03-12,2026,3,Thursday,Sports & Outdoors,4509.69,6325.954999999999,25303.82,18038.76,7265.06
TXN-101832,2026-03-25 13:52:00,STR-109,CUST-5123,PRD-1015,2,9568.8,0.0,19137.6,Cash,In-Store,,2026-03-25,2026,3,Wednesday,Clothing,5723.93,9568.8,19137.6,11447.86,7689.74
TXN-101833,2026-03-22 17:56:00,STR-108,CUST-5051,PRD-1017,3,11824.84,0.15,30153.34,Credit Card,Mobile App,,2026-03-22,2026,3,Sunday,Clothing,7237.84,10051.114,30153.34,21713.52,8439.82
TXN-101834,2026-01-16 19:56:00,STR-103,CUST-5134,PRD-1038,1,18431.47,0.1,16588.32,Cash,Online,,2026-01-16,2026,1,Friday,Electronics,13596.63,16588.323,16588.32,13596.63,2991.69
TXN-101835,2026-06-29 21:54:00,STR-100,CUST-5076,PRD-1015,4,9568.8,0.15,32533.92,Debit Card,In-Store,,2026-06-29,2026,6,Monday,Clothing,5723.93,8133.48,32533.92,22895.72,9638.2
TXN-101836,2026-01-08 18:41:00,STR-112,CUST-5107,PRD-1009,3,20274.45,0.0,60823.35,UPI,Online,,2026-01-08,2026,1,Thursday,Home & Kitchen,14553.78,20274.45,60823.35,43661.34,17162.01
TXN-101837,2026-06-10 14:35:00,STR-102,CUST-5152,PRD-1029,2,17201.59,0.15,29242.7,Net Banking,Online,,2026-06-10,2026,6,Wednesday,Electronics,11585.33,14621.351499999999,29242.7,23170.66,6072.04
TXN-101838,2026-03-12 11:45:00,STR-109,CUST-5116,PRD-1006,3,17604.11,0.15,44890.48,Debit Card,In-Store,,2026-03-12,2026,3,Thursday,Clothing,11059.92,14963.4935,44890.48,33179.76,11710.72
TXN-101839,2026-01-05 09:03:00,STR-113,CUST-5083,PRD-1037,2,1918.22,0.1,3452.8,Cash,Online,,2026-01-05,2026,1,Monday,Clothing,1442.39,1726.3980000000001,3452.8,2884.78,568.02
TXN-101840,2026-04-07 16:01:00,STR-110,CUST-5111,PRD-1023,2,6936.43,0.1,12485.57,Debit Card,Online,,2026-04-07,2026,4,Tuesday,Sports & Outdoors,4747.67,6242.787,12485.57,9495.34,2990.23
TXN-101841,2026-01-09 18:18:00,STR-105,CUST-5144,PRD-1011,3,20820.24,0.2,49968.58,Cash,In-Store,,2026-01-09,2026,1,Friday,Home & Kitchen,14413.01,16656.192000000003,49968.58,43239.03,6729.55
TXN-101842,2026-05-08 09:59:00,STR-101,CUST-5035,PRD-1032,1,19167.84,0.05,18209.45,Credit Card,In-Store,,2026-05-08,2026,5,Friday,Sports & Outdoors,12780.48,18209.448,18209.45,12780.48,5428.97
TXN-101843,2026-01-24 20:23:00,STR-105,CUST-5086,PRD-1033,2,21120.74,0.05,40129.41,UPI,Online,,2026-01-24,2026,1,Saturday,Home & Kitchen,14082.52,20064.703,40129.41,28165.04,11964.37
TXN-101844,2026-04-13 16:03:00,STR-108,CUST-5106,PRD-1021,1,5708.56,0.15,4852.28,Net Banking,Mobile App,,2026-04-13,2026,4,Monday,Home & Kitchen,3795.18,4852.276,4852.28,3795.18,1057.1
TXN-101845,2026-02-23 15:10:00,STR-101,CUST-5195,PRD-1009,5,20274.45,0.0,101372.25,Debit Card,In-Store,,2026-02-23,2026,2,Monday,Home & Kitchen,14553.78,20274.45,101372.25,72768.9,28603.35
TXN-101846,2026-01-07 08:41:00,STR-113,CUST-5178,PRD-1015,1,9568.8,0.2,7655.04,Credit Card,Online,,2026-01-07,2026,1,Wednesday,Clothing,5723.93,7655.04,7655.04,5723.93,1931.11
TXN-101847,2026-03-01 10:55:00,STR-102,CUST-5128,PRD-1002,1,14966.66,0.05,14218.33,Debit Card,Online,,2026-03-01,2026,3,Sunday,Electronics,8341.07,14218.327,14218.33,8341.07,5877.26
TXN-101848,2026-05-11 20:18:00,STR-107,CUST-5006,PRD-1024,4,9368.27,0.0,37473.08,Net Banking,Mobile App,,2026-05-11,2026,5,Monday,Beauty & Care,7301.49,9368.27,37473.08,29205.96,8267.12
TXN-101849,2026-05-31 08:13:00,STR-103,CUST-5149,PRD-1004,1,18042.2,0.05,17140.09,Net Banking,In-Store,,2026-05-31,2026,5,Sunday,Clothing,12833.5,17140.09,17140.09,12833.5,4306.59
TXN-101850,2026-04-05 16:57:00,STR-113,CUST-5042,PRD-1022,1,6988.83,0.2,5591.06,Net Banking,In-Store,,2026-04-05,2026,4,Sunday,Clothing,4240.29,5591.064,5591.06,4240.29,1350.77
TXN-101851,2026-06-10 19:39:00,STR-104,CUST-5068,PRD-1009,5,20274.45,0.0,101372.25,Cash,Online,,2026-06-10,2026,6,Wednesday,Home & Kitchen,14553.78,20274.45,101372.25,72768.9,28603.35
TXN-101852,2026-02-21 20:38:00,STR-104,CUST-5085,PRD-1032,4,19167.84,0.05,72837.79,Credit Card,Online,,2026-02-21,2026,2,Saturday,Sports & Outdoors,12780.48,18209.448,72837.79,51121.92,21715.87
TXN-101853,2026-06-16 12:28:00,STR-100,CUST-5114,PRD-1016,4,15423.32,0.0,61693.28,Cash,Mobile App,,2026-06-16,2026,6,Tuesday,Electronics,9089.92,15423.32,61693.28,36359.68,25333.6
TXN-101854,2026-02-22 10:07:00,STR-100,CUST-5099,PRD-1042,5,10274.71,0.15,43667.52,UPI,Mobile App,,2026-02-22,2026,2,Sunday,Home & Kitchen,7238.41,8733.503499999999,43667.52,36192.05,7475.47
TXN-101855,2026-03-18 21:44:00,STR-110,CUST-5054,PRD-1013,2,24637.91,0.2,39420.66,Cash,Online,,2026-03-18,2026,3,Wednesday,Home & Kitchen,18397.7,19710.328,39420.66,36795.4,2625.26
TXN-101856,2026-06-15 18:14:00,STR-109,CUST-5064,PRD-1023,4,6936.43,0.0,27745.72,Credit Card,Mobile App,,2026-06-15,2026,6,Monday,Sports & Outdoors,4747.67,6936.43,27745.72,18990.68,8755.04
TXN-101857,2026-02-25 21:11:00,STR-113,CUST-5085,PRD-1001,3,18543.28,0.0,55629.84,Credit Card,Online,,2026-02-25,2026,2,Wednesday,Clothing,13084.9,18543.28,55629.84,39254.7,16375.14
TXN-101858,2026-04-28 14:38:00,STR-112,CUST-5042,PRD-1046,4,2150.38,0.1,7741.37,Net Banking,Online,,2026-04-28,2026,4,Tuesday,Clothing,1198.25,1935.342,7741.37,4793.0,2948.37
TXN-101859,2026-06-20 21:15:00,STR-101,CUST-5157,PRD-1035,5,15173.74,0.1,68281.83,UPI,In-Store,,2026-06-20,2026,6,Saturday,Electronics,10050.77,13656.366,68281.83,50253.85,18027.98
TXN-101860,2026-01-03 12:59:00,STR-100,CUST-5077,PRD-1001,5,18543.28,0.0,92716.4,Net Banking,Online,,2026-01-03,2026,1,Saturday,Clothing,13084.9,18543.28,92716.4,65424.5,27291.9
TXN-101861,2026-01-25 08:23:00,STR-103,CUST-5165,PRD-1046,5,2150.38,0.05,10214.31,Credit Card,Online,,2026-01-25,2026,1,Sunday,Clothing,1198.25,2042.861,10214.3,5991.25,4223.05
TXN-101862,2026-03-13 14:41:00,STR-100,CUST-5076,PRD-1047,3,13096.34,0.0,39289.02,UPI,In-Store,,2026-03-13,2026,3,Friday,Electronics,8041.8,13096.34,39289.02,24125.4,15163.62
TXN-101863,2026-04-27 20:58:00,STR-103,CUST-5030,PRD-1019,2,20633.99,0.1,37141.18,UPI,Online,,2026-04-27,2026,4,Monday,Clothing,15169.3,18570.591,37141.18,30338.6,6802.58
TXN-101864,2026-01-23 19:15:00,STR-107,CUST-5148,PRD-1011,1,20820.24,0.0,20820.24,Cash,Online,,2026-01-23,2026,1,Friday,Home & Kitchen,14413.01,20820.24,20820.24,14413.01,6407.23
TXN-101865,2026-05-03 09:46:00,STR-111,CUST-5039,PRD-1017,1,11824.84,0.2,9459.87,Credit Card,In-Store,,2026-05-03,2026,5,Sunday,Clothing,7237.84,9459.872000000001,9459.87,7237.84,2222.03
TXN-101866,2026-01-10 15:27:00,STR-113,CUST-5119,PRD-1025,4,12590.63,0.0,50362.52,Net Banking,In-Store,,2026-01-10,2026,1,Saturday,Sports & Outdoors,9113.47,12590.63,50362.52,36453.88,13908.64
TXN-101867,2026-06-18 09:49:00,STR-114,CUST-5071,PRD-1000,5,1111.79,0.0,5558.95,Debit Card,Mobile App,,2026-06-18,2026,6,Thursday,Electronics,681.81,1111.79,5558.95,3409.05,2149.9
TXN-101868,2026-01-07 18:17:00,STR-113,CUST-5048,PRD-1030,2,3232.14,0.1,5817.85,Credit Card,Mobile App,,2026-01-07,2026,1,Wednesday,Home & Kitchen,2100.88,2908.926,5817.85,4201.76,1616.09
TXN-101869,2026-05-25 21:54:00,STR-106,CUST-5143,PRD-1028,1,6658.9,0.0,6658.9,Net Banking,In-Store,,2026-05-25,2026,5,Monday,Sports & Outdoors,4509.69,6658.9,6658.9,4509.69,2149.21
TXN-101870,2026-04-04 09:38:00,STR-105,CUST-5116,PRD-1045,1,14916.37,0.1,13424.73,Net Banking,Mobile App,,2026-04-04,2026,4,Saturday,Clothing,8228.67,13424.733,13424.73,8228.67,5196.06
TXN-101871,2026-05-22 16:09:00,STR-105,CUST-5188,PRD-1010,3,24341.31,0.1,65721.54,Debit Card,Online,,2026-05-22,2026,5,Friday,Electronics,15506.95,21907.179,65721.54,46520.85,19200.69
TXN-101872,2026-04-06 15:22:00,STR-112,CUST-5074,PRD-1011,5,20820.24,0.15,88486.02,Credit Card,Mobile App,,2026-04-06,2026,4,Monday,Home & Kitchen,14413.01,17697.204,88486.02,72065.05,16420.97
TXN-101873,2026-04-15 13:27:00,STR-101,CUST-5154,PRD-1048,4,13710.77,0.2,43874.46,Debit Card,In-Store,,2026-04-15,2026,4,Wednesday,Clothing,9822.0,10968.616000000002,43874.46,39288.0,4586.46
TXN-101874,2026-04-26 20:34:00,STR-113,CUST-5174,PRD-1021,3,5708.56,0.15,14556.83,Credit Card,In-Store,,2026-04-26,2026,4,Sunday,Home & Kitchen,3795.18,4852.276,14556.83,11385.54,3171.29
TXN-101875,2026-06-03 13:34:00,STR-110,CUST-5190,PRD-1021,5,5708.56,0.05,27115.66,Credit Card,Mobile App,,2026-06-03,2026,6,Wednesday,Home & Kitchen,3795.18,5423.1320000000005,27115.66,18975.9,8139.76
TXN-101876,2026-01-21 21:26:00,STR-114,CUST-5028,PRD-1008,2,2868.65,0.15,4876.7,Cash,Mobile App,,2026-01-21,2026,1,Wednesday,Beauty & Care,2136.93,2438.3525,4876.7,4273.86,602.84
TXN-101877,2026-05-28 08:16:00,STR-114,CUST-5140,PRD-1002,5,14966.66,0.0,74833.3,Credit Card,Mobile App,,2026-05-28,2026,5,Thursday,Electronics,8341.07,14966.66,74833.3,41705.35,33127.95
TXN-101878,2026-01-30 13:46:00,STR-113,CUST-5095,PRD-1014,3,7309.63,0.15,18639.56,Cash,Online,,2026-01-30,2026,1,Friday,Beauty & Care,5089.02,6213.1855,18639.56,15267.06,3372.5
TXN-101879,2026-05-28 13:47:00,STR-106,CUST-5176,PRD-1033,4,21120.74,0.05,80258.81,UPI,In-Store,,2026-05-28,2026,5,Thursday,Home & Kitchen,14082.52,20064.703,80258.81,56330.08,23928.73
TXN-101880,2026-06-27 20:12:00,STR-111,CUST-5000,PRD-1040,4,6993.15,0.05,26573.97,Cash,In-Store,,2026-06-27,2026,6,Saturday,Clothing,5249.48,6643.492499999999,26573.97,20997.92,5576.05
TXN-101881,2026-06-27 12:15:00,STR-112,CUST-5103,PRD-1031,2,23868.44,0.0,47736.88,Debit Card,In-Store,,2026-06-27,2026,6,Saturday,Electronics,17935.85,23868.44,47736.88,35871.7,11865.18
TXN-101882,2026-01-07 08:01:00,STR-104,CUST-5030,PRD-1034,1,9660.26,0.05,9177.25,Credit Card,In-Store,,2026-01-07,2026,1,Wednesday,Clothing,5672.08,9177.247,9177.25,5672.08,3505.17
TXN-101883,2026-03-06 15:07:00,STR-106,CUST-5091,PRD-1049,1,12079.91,0.0,12079.91,Net Banking,In-Store,,2026-03-06,2026,3,Friday,Sports & Outdoors,8823.92,12079.91,12079.91,8823.92,3255.99
TXN-101884,2026-03-29 14:23:00,STR-103,CUST-5077,PRD-1044,5,2067.7,0.1,9304.65,Net Banking,Mobile App,,2026-03-29,2026,3,Sunday,Clothing,1147.24,1860.9299999999998,9304.65,5736.2,3568.45
TXN-101885,2026-06-01 08:43:00,STR-107,CUST-5008,PRD-1037,4,1918.22,0.2,6138.3,Net Banking,Online,,2026-06-01,2026,6,Monday,Clothing,1442.39,1534.576,6138.3,5769.56,368.74
TXN-101886,2026-06-29 15:55:00,STR-112,CUST-5098,PRD-1022,1,6988.83,0.1,6289.95,Cash,In-Store,,2026-06-29,2026,6,Monday,Clothing,4240.29,6289.947,6289.95,4240.29,2049.66
TXN-101887,2026-03-31 18:31:00,STR-100,CUST-5097,PRD-1027,5,2055.49,0.2,8221.96,UPI,Online,,2026-03-31,2026,3,Tuesday,Sports & Outdoors,1310.93,1644.3919999999998,8221.96,6554.65,1667.31
TXN-101888,2026-03-06 16:05:00,STR-101,CUST-5062,PRD-1048,1,13710.77,0.15,11654.15,UPI,Online,,2026-03-06,2026,3,Friday,Clothing,9822.0,11654.1545,11654.15,9822.0,1832.15
TXN-101889,2026-06-04 15:02:00,STR-105,CUST-5079,PRD-1024,3,9368.27,0.05,26699.57,Cash,Mobile App,,2026-06-04,2026,6,Thursday,Beauty & Care,7301.49,8899.8565,26699.57,21904.47,4795.1
TXN-101890,2026-04-16 09:00:00,STR-110,CUST-5032,PRD-1028,2,6658.9,0.2,10654.24,Cash,Mobile App,,2026-04-16,2026,4,Thursday,Sports & Outdoors,4509.69,5327.12,10654.24,9019.38,1634.86
TXN-101891,2026-04-24 09:32:00,STR-102,CUST-5118,PRD-1049,1,12079.91,0.2,9663.93,Debit Card,Mobile App,,2026-04-24,2026,4,Friday,Sports & Outdoors,8823.92,9663.928,9663.93,8823.92,840.01
TXN-101892,2026-06-17 19:03:00,STR-104,CUST-5149,PRD-1036,4,22028.56,0.2,70491.39,UPI,Mobile App,,2026-06-17,2026,6,Wednesday,Home & Kitchen,16329.4,17622.848,70491.39,65317.6,5173.79
TXN-101893,2026-04-26 12:54:00,STR-102,CUST-5010,PRD-1033,4,21120.74,0.05,80258.81,Debit Card,Mobile App,,2026-04-26,2026,4,Sunday,Home & Kitchen,14082.52,20064.703,80258.81,56330.08,23928.73
TXN-101894,2026-06-25 10:53:00,STR-101,CUST-5050,PRD-1021,4,5708.56,0.0,22834.24,Net Banking,Online,,2026-06-25,2026,6,Thursday,Home & Kitchen,3795.18,5708.56,22834.24,15180.72,7653.52
TXN-101895,2026-06-17 10:49:00,STR-106,CUST-5011,PRD-1015,1,9568.8,0.15,8133.48,Debit Card,In-Store,,2026-06-17,2026,6,Wednesday,Clothing,5723.93,8133.48,8133.48,5723.93,2409.55
TXN-101896,2026-05-07 11:45:00,STR-107,CUST-5179,PRD-1014,3,7309.63,0.2,17543.11,UPI,In-Store,,2026-05-07,2026,5,Thursday,Beauty & Care,5089.02,5847.704000000001,17543.11,15267.06,2276.05
TXN-101897,2026-06-04 17:01:00,STR-107,CUST-5127,PRD-1010,2,24341.31,0.05,46248.49,Debit Card,Mobile App,,2026-06-04,2026,6,Thursday,Electronics,15506.95,23124.2445,46248.49,31013.9,15234.59
TXN-101898,2026-06-27 13:40:00,STR-108,CUST-5027,PRD-1027,1,2055.49,0.2,1644.39,Net Banking,Online,,2026-06-27,2026,6,Saturday,Sports & Outdoors,1310.93,1644.3919999999998,1644.39,1310.93,333.46
TXN-101899,2026-05-23 19:27:00,STR-101,CUST-5016,PRD-1002,3,14966.66,0.15,38164.98,UPI,Online,,2026-05-23,2026,5,Saturday,Electronics,8341.07,12721.661,38164.98,25023.21,13141.77
TXN-101900,2026-04-13 16:58:00,STR-103,CUST-5035,PRD-1042,3,10274.71,0.15,26200.51,UPI,In-Store,,2026-04-13,2026,4,Monday,Home & Kitchen,7238.41,8733.503499999999,26200.51,21715.23,4485.28
TXN-101901,2026-02-17 18:12:00,STR-107,CUST-5168,PRD-1010,1,24341.31,0.2,19473.05,Cash,Online,,2026-02-17,2026,2,Tuesday,Electronics,15506.95,19473.048000000003,19473.05,15506.95,3966.1
TXN-101902,2026-01-18 20:42:00,STR-102,CUST-5149,PRD-1035,3,15173.74,0.15,38693.04,Net Banking,In-Store,,2026-01-18,2026,1,Sunday,Electronics,10050.77,12897.679,38693.04,30152.31,8540.73
TXN-101903,2026-02-21 10:19:00,STR-102,CUST-5191,PRD-1035,1,15173.74,0.05,14415.05,Net Banking,In-Store,,2026-02-21,2026,2,Saturday,Electronics,10050.77,14415.053,14415.05,10050.77,4364.28
TXN-101904,2026-01-04 09:33:00,STR-110,CUST-5068,PRD-1023,1,6936.43,0.2,5549.14,Cash,Mobile App,,2026-01-04,2026,1,Sunday,Sports & Outdoors,4747.67,5549.144,5549.14,4747.67,801.47
TXN-101905,2026-03-23 11:55:00,STR-107,CUST-5054,PRD-1000,3,1111.79,0.05,3168.6,Credit Card,Mobile App,,2026-03-23,2026,3,Monday,Electronics,681.81,1056.2005,3168.6,2045.43,1123.17
TXN-101906,2026-02-24 09:11:00,STR-106,CUST-5141,PRD-1030,4,3232.14,0.15,10989.28,Cash,In-Store,,2026-02-24,2026,2,Tuesday,Home & Kitchen,2100.88,2747.319,10989.28,8403.52,2585.76
TXN-101907,2026-02-07 21:48:00,STR-101,CUST-5122,PRD-1009,2,20274.45,0.2,32439.12,Cash,In-Store,,2026-02-07,2026,2,Saturday,Home & Kitchen,14553.78,16219.560000000001,32439.12,29107.56,3331.56
TXN-101908,2026-06-10 20:26:00,STR-113,CUST-5160,PRD-1036,2,22028.56,0.05,41854.26,Debit Card,In-Store,,2026-06-10,2026,6,Wednesday,Home & Kitchen,16329.4,20927.132,41854.26,32658.8,9195.46
TXN-101909,2026-04-21 08:55:00,STR-105,CUST-5199,PRD-1016,4,15423.32,0.0,61693.28,Net Banking,In-Store,,2026-04-21,2026,4,Tuesday,Electronics,9089.92,15423.32,61693.28,36359.68,25333.6
TXN-101910,2026-04-26 17:53:00,STR-113,CUST-5057,PRD-1012,3,5210.26,0.15,13286.16,Credit Card,Online,,2026-04-26,2026,4,Sunday,Sports & Outdoors,2949.0,4428.7210000000005,13286.16,8847.0,4439.16
TXN-101911,2026-06-15 21:48:00,STR-110,CUST-5040,PRD-1039,5,3644.72,0.15,15490.06,Credit Card,Mobile App,,2026-06-15,2026,6,Monday,Clothing,2403.02,3098.0119999999997,15490.06,12015.1,3474.96
TXN-101912,2026-01-20 14:38:00,STR-100,CUST-5106,PRD-1033,3,21120.74,0.15,53857.89,UPI,Mobile App,,2026-01-20,2026,1,Tuesday,Home & Kitchen,14082.52,17952.629,53857.89,42247.56,11610.33
TXN-101913,2026-04-05 12:25:00,STR-104,CUST-5118,PRD-1005,2,11505.07,0.0,23010.14,Debit Card,Online,,2026-04-05,2026,4,Sunday,Clothing,7063.93,11505.07,23010.14,14127.86,8882.28
TXN-101914,2026-03-20 21:30:00,STR-108,CUST-5124,PRD-1034,5,9660.26,0.1,43471.17,Net Banking,Mobile App,,2026-03-20,2026,3,Friday,Clothing,5672.08,8694.234,43471.17,28360.4,15110.77
TXN-101915,2026-06-03 18:50:00,STR-109,CUST-5035,PRD-1037,5,1918.22,0.2,7672.88,Net Banking,Online,,2026-06-03,2026,6,Wednesday,Clothing,1442.39,1534.576,7672.88,7211.95,460.93
TXN-101916,2026-05-17 16:39:00,STR-110,CUST-5016,PRD-1005,4,11505.07,0.1,41418.25,Debit Card,Mobile App,,2026-05-17,2026,5,Sunday,Clothing,7063.93,10354.563,41418.25,28255.72,13162.53
TXN-101917,2026-06-02 16:14:00,STR-105,CUST-5082,PRD-1017,3,11824.84,0.1,31927.07,Credit Card,Mobile App,,2026-06-02,2026,6,Tuesday,Clothing,7237.84,10642.356,31927.07,21713.52,10213.55
TXN-101918,2026-02-19 21:21:00,STR-108,CUST-5173,PRD-1012,3,5210.26,0.1,14067.7,Net Banking,Online,,2026-02-19,2026,2,Thursday,Sports & Outdoors,2949.0,4689.234,14067.7,8847.0,5220.7
TXN-101919,2026-06-21 18:12:00,STR-112,CUST-5156,PRD-1016,5,15423.32,0.15,65549.11,Credit Card,Mobile App,,2026-06-21,2026,6,Sunday,Electronics,9089.92,13109.822,65549.11,45449.6,20099.51
TXN-101920,2026-05-19 16:20:00,STR-103,CUST-5118,PRD-1018,2,17272.73,0.1,31090.91,Cash,Mobile App,,2026-05-19,2026,5,Tuesday,Clothing,12848.42,15545.457,31090.91,25696.84,5394.07
TXN-101921,2026-06-13 11:13:00,STR-109,CUST-5162,PRD-1011,1,20820.24,0.1,18738.22,Debit Card,In-Store,,2026-06-13,2026,6,Saturday,Home & Kitchen,14413.01,18738.216,18738.22,14413.01,4325.21
TXN-101922,2026-03-04 14:30:00,STR-111,CUST-5069,PRD-1041,4,23258.31,0.1,83729.92,Cash,Online,,2026-03-04,2026,3,Wednesday,Clothing,16832.29,20932.479000000003,83729.92,67329.16,16400.76
TXN-101923,2026-03-07 17:04:00,STR-104,CUST-5031,PRD-1034,3,9660.26,0.05,27531.74,Net Banking,Mobile App,,2026-03-07,2026,3,Saturday,Clothing,5672.08,9177.247,27531.74,17016.24,10515.5
TXN-101924,2026-02-18 20:59:00,STR-104,CUST-5126,PRD-1025,1,12590.63,0.0,12590.63,Net Banking,Mobile App,,2026-02-18,2026,2,Wednesday,Sports & Outdoors,9113.47,12590.63,12590.63,9113.47,3477.16
TXN-101925,2026-05-26 14:12:00,STR-104,CUST-5013,PRD-1037,3,1918.22,0.2,4603.73,Net Banking,Mobile App,,2026-05-26,2026,5,Tuesday,Clothing,1442.39,1534.576,4603.73,4327.17,276.56
TXN-101926,2026-05-02 14:24:00,STR-105,CUST-5030,PRD-1031,5,23868.44,0.0,119342.2,Credit Card,In-Store,,2026-05-02,2026,5,Saturday,Electronics,17935.85,23868.44,119342.2,89679.25,29662.95
TXN-101927,2026-01-11 21:04:00,STR-104,CUST-5027,PRD-1007,3,23951.68,0.0,71855.04,Cash,Mobile App,,2026-01-11,2026,1,Sunday,Clothing,15027.69,23951.68,71855.04,45083.07,26771.97
TXN-101928,2026-06-25 14:13:00,STR-100,CUST-5169,PRD-1017,2,11824.84,0.0,23649.68,Cash,In-Store,,2026-06-25,2026,6,Thursday,Clothing,7237.84,11824.84,23649.68,14475.68,9174.0
TXN-101929,2026-06-09 19:17:00,STR-104,CUST-5110,PRD-1000,1,1111.79,0.1,1000.61,Credit Card,In-Store,,2026-06-09,2026,6,Tuesday,Electronics,681.81,1000.611,1000.61,681.81,318.8
TXN-101930,2026-05-27 20:17:00,STR-114,CUST-5141,PRD-1014,5,7309.63,0.2,29238.52,Debit Card,In-Store,,2026-05-27,2026,5,Wednesday,Beauty & Care,5089.02,5847.704000000001,29238.52,25445.1,3793.42
TXN-101931,2026-05-30 13:48:00,STR-103,CUST-5043,PRD-1009,1,20274.45,0.2,16219.56,Net Banking,In-Store,,2026-05-30,2026,5,Saturday,Home & Kitchen,14553.78,16219.560000000001,16219.56,14553.78,1665.78
TXN-101932,2026-02-11 09:36:00,STR-111,CUST-5157,PRD-1034,5,9660.26,0.0,48301.3,Debit Card,Online,,2026-02-11,2026,2,Wednesday,Clothing,5672.08,9660.26,48301.3,28360.4,19940.9
TXN-101933,2026-04-15 11:15:00,STR-107,CUST-5156,PRD-1007,1,23951.68,0.05,22754.1,Credit Card,In-Store,,2026-04-15,2026,4,Wednesday,Clothing,15027.69,22754.095999999998,22754.1,15027.69,7726.41
TXN-101934,2026-01-01 11:42:00,STR-104,CUST-5111,PRD-1014,3,7309.63,0.0,21928.89,Cash,Mobile App,,2026-01-01,2026,1,Thursday,Beauty & Care,5089.02,7309.63,21928.89,15267.06,6661.83
TXN-101935,2026-03-01 09:54:00,STR-101,CUST-5104,PRD-1024,4,9368.27,0.05,35599.43,Net Banking,Online,,2026-03-01,2026,3,Sunday,Beauty & Care,7301.49,8899.8565,35599.43,29205.96,6393.47
TXN-101936,2026-04-08 08:34:00,STR-112,CUST-5069,PRD-1009,4,20274.45,0.2,64878.24,Credit Card,Mobile App,,2026-04-08,2026,4,Wednesday,Home & Kitchen,14553.78,16219.560000000001,64878.24,58215.12,6663.12
TXN-101937,2026-03-29 13:01:00,STR-107,CUST-5129,PRD-1031,4,23868.44,0.2,76379.01,Cash,Online,,2026-03-29,2026,3,Sunday,Electronics,17935.85,19094.752,76379.01,71743.4,4635.61
TXN-101938,2026-04-06 10:45:00,STR-101,CUST-5153,PRD-1028,5,6658.9,0.05,31629.77,Net Banking,In-Store,,2026-04-06,2026,4,Monday,Sports & Outdoors,4509.69,6325.954999999999,31629.77,22548.45,9081.32
TXN-101939,2026-03-22 13:25:00,STR-104,CUST-5063,PRD-1025,2,12590.63,0.05,23922.2,Debit Card,In-Store,,2026-03-22,2026,3,Sunday,Sports & Outdoors,9113.47,11961.098499999998,23922.2,18226.94,5695.26
TXN-101940,2026-01-07 18:59:00,STR-109,CUST-5062,PRD-1024,5,9368.27,0.15,39815.15,UPI,Online,,2026-01-07,2026,1,Wednesday,Beauty & Care,7301.49,7963.029500000001,39815.15,36507.45,3307.7
TXN-101941,2026-05-27 13:23:00,STR-106,CUST-5005,PRD-1045,1,14916.37,0.15,12678.91,Net Banking,Online,,2026-05-27,2026,5,Wednesday,Clothing,8228.67,12678.9145,12678.91,8228.67,4450.24
TXN-101942,2026-01-23 14:16:00,STR-105,CUST-5058,PRD-1046,4,2150.38,0.15,7311.29,Debit Card,Online,,2026-01-23,2026,1,Friday,Clothing,1198.25,1827.823,7311.29,4793.0,2518.29
TXN-101943,2026-02-13 11:54:00,STR-109,CUST-5165,PRD-1016,4,15423.32,0.05,58608.62,Cash,Mobile App,,2026-02-13,2026,2,Friday,Electronics,9089.92,14652.153999999999,58608.62,36359.68,22248.94
TXN-101944,2026-04-08 13:03:00,STR-112,CUST-5058,PRD-1033,2,21120.74,0.0,42241.48,UPI,Mobile App,,2026-04-08,2026,4,Wednesday,Home & Kitchen,14082.52,21120.74,42241.48,28165.04,14076.44
TXN-101945,2026-06-28 16:03:00,STR-104,CUST-5020,PRD-1010,1,24341.31,0.2,19473.05,Cash,Online,,2026-06-28,2026,6,Sunday,Electronics,15506.95,19473.048000000003,19473.05,15506.95,3966.1
TXN-101946,2026-02-06 21:27:00,STR-104,CUST-5047,PRD-1028,2,6658.9,0.1,11986.02,Credit Card,Online,,2026-02-06,2026,2,Friday,Sports & Outdoors,4509.69,5993.01,11986.02,9019.38,2966.64
TXN-101947,2026-01-18 11:55:00,STR-101,CUST-5158,PRD-1019,2,20633.99,0.2,33014.38,UPI,Mobile App,,2026-01-18,2026,1,Sunday,Clothing,15169.3,16507.192000000003,33014.38,30338.6,2675.78
TXN-101948,2026-05-21 15:27:00,STR-114,CUST-5042,PRD-1041,2,23258.31,0.1,41864.96,Credit Card,In-Store,,2026-05-21,2026,5,Thursday,Clothing,16832.29,20932.479000000003,41864.96,33664.58,8200.38
TXN-101949,2026-01-18 20:06:00,STR-104,CUST-5045,PRD-1012,5,5210.26,0.0,26051.3,Cash,In-Store,,2026-01-18,2026,1,Sunday,Sports & Outdoors,2949.0,5210.26,26051.3,14745.0,11306.3
TXN-101950,2026-04-05 19:11:00,STR-102,CUST-5136,PRD-1049,4,12079.91,0.2,38655.71,Credit Card,In-Store,,2026-04-05,2026,4,Sunday,Sports & Outdoors,8823.92,9663.928,38655.71,35295.68,3360.03
TXN-101951,2026-03-11 16:52:00,STR-100,CUST-5128,PRD-1000,3,1111.79,0.05,3168.6,Cash,In-Store,,2026-03-11,2026,3,Wednesday,Electronics,681.81,1056.2005,3168.6,2045.43,1123.17
TXN-101952,2026-01-13 15:09:00,STR-113,CUST-5033,PRD-1025,2,12590.63,0.05,23922.2,Credit Card,Mobile App,,2026-01-13,2026,1,Tuesday,Sports & Outdoors,9113.47,11961.098499999998,23922.2,18226.94,5695.26
TXN-101953,2026-04-29 11:29:00,STR-102,CUST-5181,PRD-1023,5,6936.43,0.1,31213.94,UPI,Mobile App,,2026-04-29,2026,4,Wednesday,Sports & Outdoors,4747.67,6242.787,31213.94,23738.35,7475.59
TXN-101954,2026-01-11 09:24:00,STR-102,CUST-5000,PRD-1015,2,9568.8,0.2,15310.08,Debit Card,Online,,2026-01-11,2026,1,Sunday,Clothing,5723.93,7655.04,15310.08,11447.86,3862.22
TXN-101955,2026-05-21 16:46:00,STR-106,CUST-5134,PRD-1033,4,21120.74,0.15,71810.52,Net Banking,Mobile App,,2026-05-21,2026,5,Thursday,Home & Kitchen,14082.52,17952.629,71810.52,56330.08,15480.44
TXN-101956,2026-05-28 19:53:00,STR-111,CUST-5103,PRD-1033,3,21120.74,0.2,50689.78,Debit Card,Mobile App,,2026-05-28,2026,5,Thursday,Home & Kitchen,14082.52,16896.592,50689.78,42247.56,8442.22
TXN-101957,2026-05-08 10:51:00,STR-100,CUST-5052,PRD-1026,2,15872.06,0.2,25395.3,UPI,Mobile App,,2026-05-08,2026,5,Friday,Clothing,11621.18,12697.648000000001,25395.3,23242.36,2152.94
TXN-101958,2026-06-04 14:24:00,STR-106,CUST-5076,PRD-1023,3,6936.43,0.0,20809.29,Debit Card,In-Store,,2026-06-04,2026,6,Thursday,Sports & Outdoors,4747.67,6936.43,20809.29,14243.01,6566.28
TXN-101959,2026-01-05 11:27:00,STR-112,CUST-5163,PRD-1020,4,2120.69,0.05,8058.62,Credit Card,Online,,2026-01-05,2026,1,Monday,Home & Kitchen,1611.77,2014.6554999999998,8058.62,6447.08,1611.54
TXN-101960,2026-04-12 11:09:00,STR-100,CUST-5058,PRD-1037,2,1918.22,0.1,3452.8,Net Banking,Online,,2026-04-12,2026,4,Sunday,Clothing,1442.39,1726.3980000000001,3452.8,2884.78,568.02
TXN-101961,2026-04-30 13:56:00,STR-103,CUST-5118,PRD-1031,4,23868.44,0.15,81152.7,Credit Card,Online,,2026-04-30,2026,4,Thursday,Electronics,17935.85,20288.174,81152.7,71743.4,9409.3
TXN-101962,2026-06-13 09:18:00,STR-105,CUST-5013,PRD-1003,2,6199.42,0.05,11778.9,Debit Card,Online,,2026-06-13,2026,6,Saturday,Clothing,4268.08,5889.449,11778.9,8536.16,3242.74
TXN-101963,2026-06-03 12:22:00,STR-113,CUST-5131,PRD-1024,4,9368.27,0.0,37473.08,Cash,Online,,2026-06-03,2026,6,Wednesday,Beauty & Care,7301.49,9368.27,37473.08,29205.96,8267.12
TXN-101964,2026-04-01 13:12:00,STR-104,CUST-5129,PRD-1002,4,14966.66,0.0,59866.64,Credit Card,In-Store,,2026-04-01,2026,4,Wednesday,Electronics,8341.07,14966.66,59866.64,33364.28,26502.36
TXN-101965,2026-03-11 08:01:00,STR-108,CUST-5055,PRD-1006,2,17604.11,0.2,28166.58,Cash,Online,,2026-03-11,2026,3,Wednesday,Clothing,11059.92,14083.288,28166.58,22119.84,6046.74
TXN-101966,2026-03-27 20:39:00,STR-107,CUST-5088,PRD-1001,4,18543.28,0.15,63047.15,Cash,Online,,2026-03-27,2026,3,Friday,Clothing,13084.9,15761.787999999999,63047.15,52339.6,10707.55
TXN-101967,2026-05-13 17:07:00,STR-114,CUST-5112,PRD-1018,3,17272.73,0.0,51818.19,Net Banking,Online,,2026-05-13,2026,5,Wednesday,Clothing,12848.42,17272.73,51818.19,38545.26,13272.93
TXN-101968,2026-06-20 20:35:00,STR-111,CUST-5191,PRD-1048,5,13710.77,0.0,68553.85,Cash,Mobile App,,2026-06-20,2026,6,Saturday,Clothing,9822.0,13710.77,68553.85,49110.0,19443.85
TXN-101969,2026-03-26 18:45:00,STR-107,CUST-5187,PRD-1004,2,18042.2,0.15,30671.74,Debit Card,In-Store,,2026-03-26,2026,3,Thursday,Clothing,12833.5,15335.87,30671.74,25667.0,5004.74
TXN-101970,2026-06-07 14:17:00,STR-106,CUST-5056,PRD-1009,2,20274.45,0.0,40548.9,UPI,In-Store,,2026-06-07,2026,6,Sunday,Home & Kitchen,14553.78,20274.45,40548.9,29107.56,11441.34
TXN-101971,2026-02-19 14:36:00,STR-103,CUST-5106,PRD-1019,1,20633.99,0.05,19602.29,Credit Card,Online,,2026-02-19,2026,2,Thursday,Clothing,15169.3,19602.2905,19602.29,15169.3,4432.99
TXN-101972,2026-02-23 08:04:00,STR-102,CUST-5009,PRD-1035,5,15173.74,0.1,68281.83,Debit Card,Mobile App,,2026-02-23,2026,2,Monday,Electronics,10050.77,13656.366,68281.83,50253.85,18027.98
TXN-101973,2026-04-30 10:59:00,STR-110,CUST-5126,PRD-1030,1,3232.14,0.05,3070.53,UPI,In-Store,,2026-04-30,2026,4,Thursday,Home & Kitchen,2100.88,3070.533,3070.53,2100.88,969.65
TXN-101974,2026-06-07 19:23:00,STR-113,CUST-5120,PRD-1042,4,10274.71,0.1,36988.96,Debit Card,Mobile App,,2026-06-07,2026,6,Sunday,Home & Kitchen,7238.41,9247.239,36988.96,28953.64,8035.32
TXN-101975,2026-06-11 18:20:00,STR-108,CUST-5039,PRD-1035,5,15173.74,0.1,68281.83,Cash,Mobile App,,2026-06-11,2026,6,Thursday,Electronics,10050.77,13656.366,68281.83,50253.85,18027.98
TXN-101976,2026-03-04 11:52:00,STR-100,CUST-5111,PRD-1043,3,22540.44,0.2,54097.06,Net Banking,Online,,2026-03-04,2026,3,Wednesday,Beauty & Care,14737.88,18032.352,54097.06,44213.64,9883.42
TXN-101977,2026-05-08 19:25:00,STR-100,CUST-5151,PRD-1021,5,5708.56,0.1,25688.52,Debit Card,Online,,2026-05-08,2026,5,Friday,Home & Kitchen,3795.18,5137.704000000001,25688.52,18975.9,6712.62
TXN-101978,2026-02-27 21:50:00,STR-103,CUST-5063,PRD-1006,2,17604.11,0.2,28166.58,Net Banking,In-Store,,2026-02-27,2026,2,Friday,Clothing,11059.92,14083.288,28166.58,22119.84,6046.74
TXN-101979,2026-04-03 14:47:00,STR-106,CUST-5107,PRD-1006,5,17604.11,0.2,70416.44,Cash,Online,,2026-04-03,2026,4,Friday,Clothing,11059.92,14083.288,70416.44,55299.6,15116.84
TXN-101980,2026-02-11 17:30:00,STR-114,CUST-5169,PRD-1019,1,20633.99,0.05,19602.29,UPI,Online,,2026-02-11,2026,2,Wednesday,Clothing,15169.3,19602.2905,19602.29,15169.3,4432.99
TXN-101981,2026-04-21 10:26:00,STR-107,CUST-5007,PRD-1003,4,6199.42,0.15,21078.03,Debit Card,Online,,2026-04-21,2026,4,Tuesday,Clothing,4268.08,5269.507,21078.03,17072.32,4005.71
TXN-101982,2026-05-05 15:59:00,STR-106,CUST-5150,PRD-1007,3,23951.68,0.05,68262.29,Credit Card,Online,,2026-05-05,2026,5,Tuesday,Clothing,15027.69,22754.095999999998,68262.29,45083.07,23179.22
TXN-101983,2026-03-04 17:51:00,STR-102,CUST-5086,PRD-1027,2,2055.49,0.1,3699.88,Credit Card,Mobile App,,2026-03-04,2026,3,Wednesday,Sports & Outdoors,1310.93,1849.9409999999998,3699.88,2621.86,1078.02
TXN-101984,2026-01-22 09:05:00,STR-101,CUST-5188,PRD-1020,5,2120.69,0.15,9012.93,UPI,In-Store,,2026-01-22,2026,1,Thursday,Home & Kitchen,1611.77,1802.5865,9012.93,8058.85,954.08
TXN-101985,2026-01-24 20:51:00,STR-111,CUST-5165,PRD-1034,4,9660.26,0.15,32844.88,Credit Card,In-Store,,2026-01-24,2026,1,Saturday,Clothing,5672.08,8211.221,32844.88,22688.32,10156.56
TXN-101986,2026-01-09 10:18:00,STR-113,CUST-5093,PRD-1000,4,1111.79,0.05,4224.8,Debit Card,Mobile App,,2026-01-09,2026,1,Friday,Electronics,681.81,1056.2005,4224.8,2727.24,1497.56
TXN-101987,2026-02-12 12:21:00,STR-101,CUST-5009,PRD-1036,1,22028.56,0.0,22028.56,Cash,In-Store,,2026-02-12,2026,2,Thursday,Home & Kitchen,16329.4,22028.56,22028.56,16329.4,5699.16
TXN-101988,2026-02-19 20:10:00,STR-114,CUST-5100,PRD-1002,5,14966.66,0.0,74833.3,Net Banking,In-Store,,2026-02-19,2026,2,Thursday,Electronics,8341.07,14966.66,74833.3,41705.35,33127.95
TXN-101989,2026-06-07 21:33:00,STR-101,CUST-5156,PRD-1017,5,11824.84,0.1,53211.78,Debit Card,In-Store,,2026-06-07,2026,6,Sunday,Clothing,7237.84,10642.356,53211.78,36189.2,17022.58
TXN-101990,2026-03-08 10:41:00,STR-112,CUST-5179,PRD-1004,4,18042.2,0.2,57735.04,Cash,In-Store,,2026-03-08,2026,3,Sunday,Clothing,12833.5,14433.760000000002,57735.04,51334.0,6401.04
TXN-101991,2026-06-26 12:02:00,STR-106,CUST-5086,PRD-1031,5,23868.44,0.05,113375.09,Credit Card,Mobile App,,2026-06-26,2026,6,Friday,Electronics,17935.85,22675.017999999996,113375.09,89679.25,23695.84
TXN-101992,2026-05-11 12:18:00,STR-110,CUST-5180,PRD-1030,4,3232.14,0.1,11635.7,Net Banking,Online,,2026-05-11,2026,5,Monday,Home & Kitchen,2100.88,2908.926,11635.7,8403.52,3232.18
TXN-101993,2026-02-23 11:29:00,STR-102,CUST-5180,PRD-1015,3,9568.8,0.1,25835.76,Credit Card,In-Store,,2026-02-23,2026,2,Monday,Clothing,5723.93,8611.92,25835.76,17171.79,8663.97
TXN-101994,2026-01-31 10:06:00,STR-107,CUST-5032,PRD-1005,1,11505.07,0.2,9204.06,Credit Card,Mobile App,,2026-01-31,2026,1,Saturday,Clothing,7063.93,9204.056,9204.06,7063.93,2140.13
TXN-101995,2026-06-26 13:37:00,STR-103,CUST-5183,PRD-1004,3,18042.2,0.1,48713.94,Net Banking,Online,,2026-06-26,2026,6,Friday,Clothing,12833.5,16237.980000000001,48713.94,38500.5,10213.44
TXN-101996,2026-05-31 12:59:00,STR-111,CUST-5053,PRD-1026,1,15872.06,0.2,12697.65,Net Banking,Mobile App,,2026-05-31,2026,5,Sunday,Clothing,11621.18,12697.648000000001,12697.65,11621.18,1076.47
TXN-101997,2026-04-11 11:22:00,STR-101,CUST-5012,PRD-1002,3,14966.66,0.05,42654.98,UPI,Online,,2026-04-11,2026,4,Saturday,Electronics,8341.07,14218.327,42654.98,25023.21,17631.77
TXN-101998,2026-04-29 18:25:00,STR-112,CUST-5181,PRD-1024,2,9368.27,0.15,15926.06,Debit Card,Online,,2026-04-29,2026,4,Wednesday,Beauty & Care,7301.49,7963.029500000001,15926.06,14602.98,1323.08
TXN-101999,2026-06-18 13:58:00,STR-112,CUST-5145,PRD-1008,3,2868.65,0.15,7315.06,Credit Card,In-Store,,2026-06-18,2026,6,Thursday,Beauty & Care,2136.93,2438.3525,7315.06,6410.79,904.27
TXN-102000,2026-01-24 15:56:00,STR-105,CUST-5037,PRD-1010,3,24341.31,0.15,62070.34,UPI,In-Store,,2026-01-24,2026,1,Saturday,Electronics,15506.95,20690.1135,62070.34,46520.85,15549.49
TXN-102001,2026-05-07 12:58:00,STR-103,CUST-5184,PRD-1015,5,9568.8,0.2,38275.2,Credit Card,Online,,2026-05-07,2026,5,Thursday,Clothing,5723.93,7655.04,38275.2,28619.65,9655.55
TXN-102002,2026-03-29 20:39:00,STR-105,CUST-5086,PRD-1002,1,14966.66,0.1,13469.99,UPI,In-Store,,2026-03-29,2026,3,Sunday,Electronics,8341.07,13469.994,13469.99,8341.07,5128.92
TXN-102003,2026-02-24 10:21:00,STR-110,CUST-5168,PRD-1030,5,3232.14,0.05,15352.66,Cash,Online,,2026-02-24,2026,2,Tuesday,Home & Kitchen,2100.88,3070.533,15352.66,10504.4,4848.26
TXN-102004,2026-06-01 17:59:00,STR-109,CUST-5050,PRD-1033,4,21120.74,0.2,67586.37,Net Banking,Mobile App,,2026-06-01,2026,6,Monday,Home & Kitchen,14082.52,16896.592,67586.37,56330.08,11256.29
TXN-102005,2026-05-21 12:34:00,STR-112,CUST-5116,PRD-1002,4,14966.66,0.2,47893.31,UPI,Online,,2026-05-21,2026,5,Thursday,Electronics,8341.07,11973.328000000001,47893.31,33364.28,14529.03
TXN-102006,2026-05-31 18:50:00,STR-101,CUST-5121,PRD-1021,1,5708.56,0.15,4852.28,Net Banking,Online,,2026-05-31,2026,5,Sunday,Home & Kitchen,3795.18,4852.276,4852.28,3795.18,1057.1
TXN-102007,2026-03-22 21:37:00,STR-103,CUST-5115,PRD-1038,5,18431.47,0.05,87549.48,Debit Card,Online,,2026-03-22,2026,3,Sunday,Electronics,13596.63,17509.8965,87549.48,67983.15,19566.33
TXN-102008,2026-06-21 17:16:00,STR-106,CUST-5067,PRD-1041,1,23258.31,0.05,22095.39,UPI,Mobile App,,2026-06-21,2026,6,Sunday,Clothing,16832.29,22095.3945,22095.39,16832.29,5263.1
TXN-102009,2026-04-26 11:25:00,STR-100,CUST-5110,PRD-1014,1,7309.63,0.05,6944.15,UPI,In-Store,,2026-04-26,2026,4,Sunday,Beauty & Care,5089.02,6944.148499999999,6944.15,5089.02,1855.13
TXN-102010,2026-04-17 08:32:00,STR-113,CUST-5187,PRD-1017,5,11824.84,0.2,47299.36,Debit Card,Mobile App,,2026-04-17,2026,4,Friday,Clothing,7237.84,9459.872000000001,47299.36,36189.2,11110.16
TXN-102011,2026-05-29 11:34:00,STR-110,CUST-5141,PRD-1042,1,10274.71,0.15,8733.5,Debit Card,In-Store,,2026-05-29,2026,5,Friday,Home & Kitchen,7238.41,8733.503499999999,8733.5,7238.41,1495.09
TXN-102012,2026-03-26 10:34:00,STR-110,CUST-5051,PRD-1015,4,9568.8,0.2,30620.16,UPI,Mobile App,,2026-03-26,2026,3,Thursday,Clothing,5723.93,7655.04,30620.16,22895.72,7724.44
TXN-102013,2026-06-15 11:30:00,STR-100,CUST-5025,PRD-1027,1,2055.49,0.1,1849.94,Credit Card,Mobile App,,2026-06-15,2026,6,Monday,Sports & Outdoors,1310.93,1849.9409999999998,1849.94,1310.93,539.01
TXN-102014,2026-06-18 12:42:00,STR-104,CUST-5106,PRD-1046,3,2150.38,0.05,6128.58,Credit Card,Online,,2026-06-18,2026,6,Thursday,Clothing,1198.25,2042.861,6128.58,3594.75,2533.83
TXN-102015,2026-01-25 20:59:00,STR-104,CUST-5079,PRD-1013,2,24637.91,0.1,44348.24,Cash,Mobile App,,2026-01-25,2026,1,Sunday,Home & Kitchen,18397.7,22174.119,44348.24,36795.4,7552.84
TXN-102016,2026-02-09 21:07:00,STR-113,CUST-5000,PRD-1035,1,15173.74,0.0,15173.74,Credit Card,In-Store,,2026-02-09,2026,2,Monday,Electronics,10050.77,15173.74,15173.74,10050.77,5122.97
TXN-102017,2026-01-30 20:28:00,STR-105,CUST-5031,PRD-1049,3,12079.91,0.05,34427.74,Cash,Mobile App,,2026-01-30,2026,1,Friday,Sports & Outdoors,8823.92,11475.914499999999,34427.74,26471.76,7955.98
TXN-102018,2026-05-04 18:39:00,STR-104,CUST-5021,PRD-1029,5,17201.59,0.0,86007.95,Debit Card,In-Store,,2026-05-04,2026,5,Monday,Electronics,11585.33,17201.59,86007.95,57926.65,28081.3
TXN-102019,2026-02-18 16:16:00,STR-111,CUST-5004,PRD-1022,2,6988.83,0.15,11881.01,Cash,In-Store,,2026-02-18,2026,2,Wednesday,Clothing,4240.29,5940.5055,11881.01,8480.58,3400.43
TXN-102020,2026-03-29 10:33:00,STR-113,CUST-5176,PRD-1004,2,18042.2,0.05,34280.18,Cash,In-Store,,2026-03-29,2026,3,Sunday,Clothing,12833.5,17140.09,34280.18,25667.0,8613.18
TXN-102021,2026-03-29 21:24:00,STR-112,CUST-5193,PRD-1030,3,3232.14,0.0,9696.42,Net Banking,In-Store,,2026-03-29,2026,3,Sunday,Home & Kitchen,2100.88,3232.14,9696.42,6302.64,3393.78
TXN-102022,2026-02-12 11:39:00,STR-110,CUST-5123,PRD-1032,4,19167.84,0.05,72837.79,Cash,Mobile App,,2026-02-12,2026,2,Thursday,Sports & Outdoors,12780.48,18209.448,72837.79,51121.92,21715.87
TXN-102023,2026-06-18 20:31:00,STR-108,CUST-5197,PRD-1044,1,2067.7,0.05,1964.31,Net Banking,Online,,2026-06-18,2026,6,Thursday,Clothing,1147.24,1964.3149999999998,1964.31,1147.24,817.07
TXN-102024,2026-01-11 08:28:00,STR-103,CUST-5000,PRD-1020,3,2120.69,0.05,6043.97,Cash,Online,,2026-01-11,2026,1,Sunday,Home & Kitchen,1611.77,2014.6554999999998,6043.97,4835.31,1208.66
TXN-102025,2026-04-17 19:53:00,STR-100,CUST-5080,PRD-1001,3,18543.28,0.1,50066.86,Net Banking,In-Store,,2026-04-17,2026,4,Friday,Clothing,13084.9,16688.952,50066.86,39254.7,10812.16
TXN-102026,2026-05-14 16:49:00,STR-101,CUST-5151,PRD-1008,1,2868.65,0.2,2294.92,Credit Card,Online,,2026-05-14,2026,5,Thursday,Beauty & Care,2136.93,2294.92,2294.92,2136.93,157.99
TXN-102027,2026-03-29 09:39:00,STR-112,CUST-5008,PRD-1031,5,23868.44,0.2,95473.76,Debit Card,In-Store,,2026-03-29,2026,3,Sunday,Electronics,17935.85,19094.752,95473.76,89679.25,5794.51
TXN-102028,2026-03-17 08:54:00,STR-101,CUST-5014,PRD-1019,5,20633.99,0.15,87694.46,Debit Card,Mobile App,,2026-03-17,2026,3,Tuesday,Clothing,15169.3,17538.8915,87694.46,75846.5,11847.96
TXN-102029,2026-02-09 12:21:00,STR-113,CUST-5105,PRD-1008,3,2868.65,0.15,7315.06,UPI,Mobile App,,2026-02-09,2026,2,Monday,Beauty & Care,2136.93,2438.3525,7315.06,6410.79,904.27
TXN-102030,2026-03-20 19:19:00,STR-106,CUST-5005,PRD-1023,1,6936.43,0.15,5895.97,UPI,Online,,2026-03-20,2026,3,Friday,Sports & Outdoors,4747.67,5895.9655,5895.97,4747.67,1148.3
TXN-102031,2026-02-05 16:38:00,STR-109,CUST-5025,PRD-1020,2,2120.69,0.0,4241.38,Debit Card,In-Store,,2026-02-05,2026,2,Thursday,Home & Kitchen,1611.77,2120.69,4241.38,3223.54,1017.84
TXN-102032,2026-03-23 09:11:00,STR-109,CUST-5054,PRD-1006,3,17604.11,0.1,47531.1,Cash,In-Store,,2026-03-23,2026,3,Monday,Clothing,11059.92,15843.699,47531.1,33179.76,14351.34
TXN-102033,2026-03-21 21:48:00,STR-108,CUST-5193,PRD-1014,1,7309.63,0.1,6578.67,Cash,In-Store,,2026-03-21,2026,3,Saturday,Beauty & Care,5089.02,6578.667,6578.67,5089.02,1489.65
TXN-102034,2026-06-26 16:19:00,STR-114,CUST-5141,PRD-1045,5,14916.37,0.2,59665.48,Debit Card,In-Store,,2026-06-26,2026,6,Friday,Clothing,8228.67,11933.096000000001,59665.48,41143.35,18522.13
TXN-102035,2026-04-18 09:42:00,STR-105,CUST-5068,PRD-1025,1,12590.63,0.1,11331.57,UPI,In-Store,,2026-04-18,2026,4,Saturday,Sports & Outdoors,9113.47,11331.567,11331.57,9113.47,2218.1
TXN-102036,2026-01-02 09:57:00,STR-107,CUST-5010,PRD-1004,1,18042.2,0.2,14433.76,Net Banking,Online,,2026-01-02,2026,1,Friday,Clothing,12833.5,14433.760000000002,14433.76,12833.5,1600.26
TXN-102037,2026-03-09 10:37:00,STR-108,CUST-5063,PRD-1025,5,12590.63,0.0,62953.15,UPI,Online,,2026-03-09,2026,3,Monday,Sports & Outdoors,9113.47,12590.63,62953.15,45567.35,17385.8
TXN-102038,2026-06-29 21:06:00,STR-110,CUST-5004,PRD-1010,2,24341.31,0.2,38946.1,Net Banking,In-Store,,2026-06-29,2026,6,Monday,Electronics,15506.95,19473.048000000003,38946.1,31013.9,7932.2
TXN-102039,2026-06-24 16:15:00,STR-106,CUST-5001,PRD-1046,2,2150.38,0.05,4085.72,Cash,Online,,2026-06-24,2026,6,Wednesday,Clothing,1198.25,2042.861,4085.72,2396.5,1689.22
TXN-102040,2026-05-21 11:03:00,STR-106,CUST-5054,PRD-1036,2,22028.56,0.15,37448.55,Cash,Mobile App,,2026-05-21,2026,5,Thursday,Home & Kitchen,16329.4,18724.276,37448.55,32658.8,4789.75
TXN-102041,2026-03-16 13:08:00,STR-106,CUST-5151,PRD-1024,2,9368.27,0.2,14989.23,Net Banking,Mobile App,,2026-03-16,2026,3,Monday,Beauty & Care,7301.49,7494.616000000001,14989.23,14602.98,386.25
TXN-102042,2026-06-07 21:56:00,STR-101,CUST-5180,PRD-1018,3,17272.73,0.05,49227.28,Net Banking,Online,,2026-06-07,2026,6,Sunday,Clothing,12848.42,16409.0935,49227.28,38545.26,10682.02
TXN-102043,2026-01-01 09:25:00,STR-109,CUST-5048,PRD-1041,5,23258.31,0.15,98847.82,Debit Card,Mobile App,,2026-01-01,2026,1,Thursday,Clothing,16832.29,19769.5635,98847.82,84161.45,14686.37
TXN-102044,2026-06-14 17:07:00,STR-110,CUST-5063,PRD-1008,5,2868.65,0.05,13626.09,Credit Card,Mobile App,,2026-06-14,2026,6,Sunday,Beauty & Care,2136.93,2725.2174999999997,13626.09,10684.65,2941.44
TXN-102045,2026-01-12 19:04:00,STR-110,CUST-5101,PRD-1002,2,14966.66,0.05,28436.65,Credit Card,In-Store,,2026-01-12,2026,1,Monday,Electronics,8341.07,14218.327,28436.65,16682.14,11754.51
TXN-102046,2026-01-01 18:13:00,STR-111,CUST-5028,PRD-1017,1,11824.84,0.2,9459.87,UPI,Online,,2026-01-01,2026,1,Thursday,Clothing,7237.84,9459.872000000001,9459.87,7237.84,2222.03
TXN-102047,2026-04-25 10:09:00,STR-111,CUST-5165,PRD-1006,3,17604.11,0.05,50171.71,UPI,Online,,2026-04-25,2026,4,Saturday,Clothing,11059.92,16723.9045,50171.71,33179.76,16991.95
TXN-102048,2026-06-18 16:43:00,STR-104,CUST-5113,PRD-1020,4,2120.69,0.15,7210.35,Credit Card,Mobile App,,2026-06-18,2026,6,Thursday,Home & Kitchen,1611.77,1802.5865,7210.35,6447.08,763.27
TXN-102049,2026-04-01 11:55:00,STR-110,CUST-5169,PRD-1009,2,20274.45,0.15,34466.57,Credit Card,Online,,2026-04-01,2026,4,Wednesday,Home & Kitchen,14553.78,17233.2825,34466.56,29107.56,5359.0
TXN-102050,2026-01-13 12:00:00,STR-106,CUST-5118,PRD-1031,3,23868.44,0.15,60864.52,Credit Card,In-Store,,2026-01-13,2026,1,Tuesday,Electronics,17935.85,20288.174,60864.52,53807.55,7056.97
TXN-102051,2026-03-16 11:26:00,STR-101,CUST-5073,PRD-1003,4,6199.42,0.2,19838.14,Credit Card,Online,,2026-03-16,2026,3,Monday,Clothing,4268.08,4959.536,19838.14,17072.32,2765.82
TXN-102052,2026-01-04 15:50:00,STR-112,CUST-5135,PRD-1017,2,11824.84,0.15,20102.23,UPI,Mobile App,,2026-01-04,2026,1,Sunday,Clothing,7237.84,10051.114,20102.23,14475.68,5626.55
TXN-102053,2026-06-14 11:28:00,STR-103,CUST-5176,PRD-1029,3,17201.59,0.1,46444.29,Debit Card,Online,,2026-06-14,2026,6,Sunday,Electronics,11585.33,15481.431,46444.29,34755.99,11688.3
TXN-102054,2026-05-03 11:28:00,STR-114,CUST-5034,PRD-1024,3,9368.27,0.05,26699.57,UPI,In-Store,,2026-05-03,2026,5,Sunday,Beauty & Care,7301.49,8899.8565,26699.57,21904.47,4795.1
TXN-102055,2026-02-26 16:32:00,STR-110,CUST-5037,PRD-1041,4,23258.31,0.15,79078.25,UPI,Online,,2026-02-26,2026,2,Thursday,Clothing,16832.29,19769.5635,79078.25,67329.16,11749.09
TXN-102056,2026-03-07 19:06:00,STR-104,CUST-5168,PRD-1046,3,2150.38,0.2,5160.91,Cash,Online,,2026-03-07,2026,3,Saturday,Clothing,1198.25,1720.304,5160.91,3594.75,1566.16
TXN-102057,2026-01-17 17:56:00,STR-101,CUST-5061,PRD-1047,4,13096.34,0.0,52385.36,Debit Card,Online,,2026-01-17,2026,1,Saturday,Electronics,8041.8,13096.34,52385.36,32167.2,20218.16
TXN-102058,2026-05-28 20:59:00,STR-108,CUST-5046,PRD-1015,5,9568.8,0.2,38275.2,Net Banking,Mobile App,,2026-05-28,2026,5,Thursday,Clothing,5723.93,7655.04,38275.2,28619.65,9655.55
TXN-102059,2026-03-25 20:44:00,STR-112,CUST-5141,PRD-1000,2,1111.79,0.0,2223.58,Net Banking,Mobile App,,2026-03-25,2026,3,Wednesday,Electronics,681.81,1111.79,2223.58,1363.62,859.96
TXN-102060,2026-02-19 10:06:00,STR-111,CUST-5078,PRD-1021,1,5708.56,0.15,4852.28,Net Banking,Online,,2026-02-19,2026,2,Thursday,Home & Kitchen,3795.18,4852.276,4852.28,3795.18,1057.1
TXN-102061,2026-02-21 18:25:00,STR-110,CUST-5154,PRD-1044,3,2067.7,0.2,4962.48,Cash,Mobile App,,2026-02-21,2026,2,Saturday,Clothing,1147.24,1654.1599999999999,4962.48,3441.72,1520.76
TXN-102062,2026-05-01 17:12:00,STR-114,CUST-5062,PRD-1022,1,6988.83,0.15,5940.51,Debit Card,In-Store,,2026-05-01,2026,5,Friday,Clothing,4240.29,5940.5055,5940.51,4240.29,1700.22
TXN-102063,2026-03-03 16:21:00,STR-107,CUST-5058,PRD-1021,3,5708.56,0.15,14556.83,Net Banking,Mobile App,,2026-03-03,2026,3,Tuesday,Home & Kitchen,3795.18,4852.276,14556.83,11385.54,3171.29
TXN-102064,2026-05-25 10:14:00,STR-106,CUST-5011,PRD-1001,1,18543.28,0.0,18543.28,Credit Card,Online,,2026-05-25,2026,5,Monday,Clothing,13084.9,18543.28,18543.28,13084.9,5458.38
TXN-102065,2026-01-27 18:35:00,STR-107,CUST-5183,PRD-1026,5,15872.06,0.0,79360.3,Credit Card,In-Store,,2026-01-27,2026,1,Tuesday,Clothing,11621.18,15872.06,79360.3,58105.9,21254.4
TXN-102066,2026-04-05 09:02:00,STR-104,CUST-5002,PRD-1047,2,13096.34,0.05,24883.05,Cash,Online,,2026-04-05,2026,4,Sunday,Electronics,8041.8,12441.523,24883.05,16083.6,8799.45
TXN-102067,2026-04-26 11:05:00,STR-105,CUST-5060,PRD-1007,3,23951.68,0.2,57484.03,Cash,In-Store,,2026-04-26,2026,4,Sunday,Clothing,15027.69,19161.344,57484.03,45083.07,12400.96
TXN-102068,2026-05-18 19:40:00,STR-112,CUST-5061,PRD-1005,3,11505.07,0.2,27612.17,UPI,Online,,2026-05-18,2026,5,Monday,Clothing,7063.93,9204.056,27612.17,21191.79,6420.38
TXN-102069,2026-02-12 18:48:00,STR-111,CUST-5186,PRD-1044,3,2067.7,0.2,4962.48,UPI,Online,,2026-02-12,2026,2,Thursday,Clothing,1147.24,1654.1599999999999,4962.48,3441.72,1520.76
TXN-102070,2026-01-26 09:32:00,STR-109,CUST-5058,PRD-1013,4,24637.91,0.1,88696.48,Cash,Online,,2026-01-26,2026,1,Monday,Home & Kitchen,18397.7,22174.119,88696.48,73590.8,15105.68
TXN-102071,2026-04-02 20:28:00,STR-108,CUST-5178,PRD-1000,4,1111.79,0.1,4002.44,Credit Card,In-Store,,2026-04-02,2026,4,Thursday,Electronics,681.81,1000.611,4002.44,2727.24,1275.2
TXN-102072,2026-01-06 18:17:00,STR-103,CUST-5044,PRD-1047,1,13096.34,0.2,10477.07,Credit Card,In-Store,,2026-01-06,2026,1,Tuesday,Electronics,8041.8,10477.072,10477.07,8041.8,2435.27
TXN-102073,2026-02-20 21:13:00,STR-103,CUST-5033,PRD-1047,1,13096.34,0.05,12441.52,Debit Card,Online,,2026-02-20,2026,2,Friday,Electronics,8041.8,12441.523,12441.52,8041.8,4399.72
TXN-102074,2026-06-08 10:02:00,STR-101,CUST-5185,PRD-1003,4,6199.42,0.05,23557.8,Credit Card,Online,,2026-06-08,2026,6,Monday,Clothing,4268.08,5889.449,23557.8,17072.32,6485.48
TXN-102075,2026-02-09 19:04:00,STR-113,CUST-5040,PRD-1040,3,6993.15,0.15,17832.53,Net Banking,Online,,2026-02-09,2026,2,Monday,Clothing,5249.48,5944.1775,17832.53,15748.44,2084.09
TXN-102076,2026-01-09 16:11:00,STR-110,CUST-5107,PRD-1000,2,1111.79,0.1,2001.22,UPI,In-Store,,2026-01-09,2026,1,Friday,Electronics,681.81,1000.611,2001.22,1363.62,637.6
TXN-102077,2026-01-19 10:26:00,STR-101,CUST-5111,PRD-1048,2,13710.77,0.05,26050.46,Credit Card,Mobile App,,2026-01-19,2026,1,Monday,Clothing,9822.0,13025.2315,26050.46,19644.0,6406.46
TXN-102078,2026-05-23 18:33:00,STR-114,CUST-5151,PRD-1010,3,24341.31,0.2,58419.14,Cash,Online,,2026-05-23,2026,5,Saturday,Electronics,15506.95,19473.048000000003,58419.14,46520.85,11898.29
TXN-102079,2026-05-17 18:36:00,STR-103,CUST-5114,PRD-1028,2,6658.9,0.2,10654.24,Net Banking,In-Store,,2026-05-17,2026,5,Sunday,Sports & Outdoors,4509.69,5327.12,10654.24,9019.38,1634.86
TXN-102080,2026-03-22 12:38:00,STR-103,CUST-5187,PRD-1039,4,3644.72,0.1,13120.99,UPI,In-Store,,2026-03-22,2026,3,Sunday,Clothing,2403.02,3280.248,13120.99,9612.08,3508.91
TXN-102081,2026-05-18 15:59:00,STR-101,CUST-5148,PRD-1025,3,12590.63,0.15,32106.11,UPI,Mobile App,,2026-05-18,2026,5,Monday,Sports & Outdoors,9113.47,10702.035499999998,32106.11,27340.41,4765.7
TXN-102082,2026-06-29 16:54:00,STR-101,CUST-5143,PRD-1008,1,2868.65,0.05,2725.22,Net Banking,Online,,2026-06-29,2026,6,Monday,Beauty & Care,2136.93,2725.2174999999997,2725.22,2136.93,588.29
TXN-102083,2026-01-14 16:11:00,STR-108,CUST-5059,PRD-1041,5,23258.31,0.05,110476.97,Credit Card,In-Store,,2026-01-14,2026,1,Wednesday,Clothing,16832.29,22095.3945,110476.97,84161.45,26315.52
TXN-102084,2026-05-20 09:15:00,STR-108,CUST-5141,PRD-1003,5,6199.42,0.2,24797.68,UPI,Online,,2026-05-20,2026,5,Wednesday,Clothing,4268.08,4959.536,24797.68,21340.4,3457.28
TXN-102085,2026-03-08 12:21:00,STR-108,CUST-5034,PRD-1033,5,21120.74,0.0,105603.7,Credit Card,In-Store,,2026-03-08,2026,3,Sunday,Home & Kitchen,14082.52,21120.74,105603.7,70412.6,35191.1
TXN-102086,2026-02-05 20:50:00,STR-103,CUST-5178,PRD-1027,4,2055.49,0.05,7810.86,UPI,Mobile App,,2026-02-05,2026,2,Thursday,Sports & Outdoors,1310.93,1952.7154999999998,7810.86,5243.72,2567.14
TXN-102087,2026-01-19 14:46:00,STR-110,CUST-5139,PRD-1009,5,20274.45,0.15,86166.41,UPI,Mobile App,,2026-01-19,2026,1,Monday,Home & Kitchen,14553.78,17233.2825,86166.41,72768.9,13397.51
TXN-102088,2026-02-12 18:17:00,STR-113,CUST-5086,PRD-1048,3,13710.77,0.15,34962.46,UPI,In-Store,,2026-02-12,2026,2,Thursday,Clothing,9822.0,11654.1545,34962.46,29466.0,5496.46
TXN-102089,2026-06-20 19:01:00,STR-113,CUST-5185,PRD-1048,1,13710.77,0.0,13710.77,UPI,In-Store,,2026-06-20,2026,6,Saturday,Clothing,9822.0,13710.77,13710.77,9822.0,3888.77
TXN-102090,2026-01-21 09:44:00,STR-103,CUST-5123,PRD-1020,2,2120.69,0.2,3393.1,UPI,Online,,2026-01-21,2026,1,Wednesday,Home & Kitchen,1611.77,1696.5520000000001,3393.1,3223.54,169.56
TXN-102091,2026-06-11 19:38:00,STR-100,CUST-5184,PRD-1034,3,9660.26,0.0,28980.78,Credit Card,Online,,2026-06-11,2026,6,Thursday,Clothing,5672.08,9660.26,28980.78,17016.24,11964.54
TXN-102092,2026-05-10 18:18:00,STR-112,CUST-5074,PRD-1020,4,2120.69,0.0,8482.76,Debit Card,In-Store,,2026-05-10,2026,5,Sunday,Home & Kitchen,1611.77,2120.69,8482.76,6447.08,2035.68
TXN-102093,2026-06-03 18:36:00,STR-108,CUST-5122,PRD-1005,5,11505.07,0.05,54649.08,Debit Card,Online,,2026-06-03,2026,6,Wednesday,Clothing,7063.93,10929.816499999999,54649.08,35319.65,19329.43
TXN-102094,2026-02-14 21:48:00,STR-104,CUST-5128,PRD-1033,1,21120.74,0.05,20064.7,Cash,In-Store,,2026-02-14,2026,2,Saturday,Home & Kitchen,14082.52,20064.703,20064.7,14082.52,5982.18
TXN-102095,2026-01-11 16:27:00,STR-107,CUST-5006,PRD-1020,4,2120.69,0.15,7210.35,UPI,Mobile App,,2026-01-11,2026,1,Sunday,Home & Kitchen,1611.77,1802.5865,7210.35,6447.08,763.27
TXN-102096,2026-03-04 14:22:00,STR-110,CUST-5087,PRD-1003,1,6199.42,0.1,5579.48,UPI,Online,,2026-03-04,2026,3,Wednesday,Clothing,4268.08,5579.478,5579.48,4268.08,1311.4
TXN-102097,2026-05-16 10:25:00,STR-106,CUST-5144,PRD-1046,5,2150.38,0.1,9676.71,UPI,In-Store,,2026-05-16,2026,5,Saturday,Clothing,1198.25,1935.342,9676.71,5991.25,3685.46
TXN-102098,2026-05-11 11:20:00,STR-105,CUST-5169,PRD-1026,2,15872.06,0.1,28569.71,UPI,Online,,2026-05-11,2026,5,Monday,Clothing,11621.18,14284.854,28569.71,23242.36,5327.35
TXN-102099,2026-04-07 19:02:00,STR-108,CUST-5182,PRD-1019,2,20633.99,0.2,33014.38,UPI,Mobile App,,2026-04-07,2026,4,Tuesday,Clothing,15169.3,16507.192000000003,33014.38,30338.6,2675.78
TXN-102100,2026-02-23 11:26:00,STR-109,CUST-5157,PRD-1030,1,3232.14,0.15,2747.32,Cash,Online,,2026-02-23,2026,2,Monday,Home & Kitchen,2100.88,2747.319,2747.32,2100.88,646.44
TXN-102101,2026-06-09 20:40:00,STR-113,CUST-5134,PRD-1039,3,3644.72,0.0,10934.16,Credit Card,In-Store,,2026-06-09,2026,6,Tuesday,Clothing,2403.02,3644.72,10934.16,7209.06,3725.1
TXN-102102,2026-01-13 09:55:00,STR-106,CUST-5064,PRD-1004,1,18042.2,0.1,16237.98,Cash,In-Store,,2026-01-13,2026,1,Tuesday,Clothing,12833.5,16237.980000000001,16237.98,12833.5,3404.48
TXN-102103,2026-03-08 18:46:00,STR-104,CUST-5164,PRD-1035,5,15173.74,0.0,75868.7,Credit Card,Mobile App,,2026-03-08,2026,3,Sunday,Electronics,10050.77,15173.74,75868.7,50253.85,25614.85
TXN-102104,2026-05-13 11:24:00,STR-111,CUST-5195,PRD-1030,4,3232.14,0.05,12282.13,Credit Card,Mobile App,,2026-05-13,2026,5,Wednesday,Home & Kitchen,2100.88,3070.533,12282.13,8403.52,3878.61
TXN-102105,2026-03-10 11:09:00,STR-110,CUST-5016,PRD-1041,1,23258.31,0.15,19769.56,Credit Card,Mobile App,,2026-03-10,2026,3,Tuesday,Clothing,16832.29,19769.5635,19769.56,16832.29,2937.27
TXN-102106,2026-02-13 16:36:00,STR-110,CUST-5171,PRD-1025,5,12590.63,0.1,56657.83,Debit Card,Online,,2026-02-13,2026,2,Friday,Sports & Outdoors,9113.47,11331.567,56657.83,45567.35,11090.48
TXN-102107,2026-03-04 14:48:00,STR-111,CUST-5033,PRD-1019,2,20633.99,0.0,41267.98,Debit Card,Mobile App,,2026-03-04,2026,3,Wednesday,Clothing,15169.3,20633.99,41267.98,30338.6,10929.38
TXN-102108,2026-02-24 09:19:00,STR-112,CUST-5064,PRD-1046,5,2150.38,0.15,9139.12,UPI,Online,,2026-02-24,2026,2,Tuesday,Clothing,1198.25,1827.823,9139.12,5991.25,3147.87
TXN-102109,2026-06-11 14:10:00,STR-105,CUST-5192,PRD-1002,4,14966.66,0.1,53879.98,Debit Card,Online,,2026-06-11,2026,6,Thursday,Electronics,8341.07,13469.994,53879.98,33364.28,20515.7
TXN-102110,2026-02-28 19:43:00,STR-105,CUST-5087,PRD-1002,2,14966.66,0.15,25443.32,Cash,Mobile App,,2026-02-28,2026,2,Saturday,Electronics,8341.07,12721.661,25443.32,16682.14,8761.18
TXN-102111,2026-01-06 18:05:00,STR-107,CUST-5096,PRD-1011,3,20820.24,0.05,59337.68,Debit Card,Online,,2026-01-06,2026,1,Tuesday,Home & Kitchen,14413.01,19779.228,59337.68,43239.03,16098.65
TXN-102112,2026-05-28 21:33:00,STR-108,CUST-5005,PRD-1017,3,11824.84,0.2,28379.62,Credit Card,Mobile App,,2026-05-28,2026,5,Thursday,Clothing,7237.84,9459.872000000001,28379.62,21713.52,6666.1
TXN-102113,2026-05-23 19:32:00,STR-108,CUST-5045,PRD-1006,3,17604.11,0.05,50171.71,Debit Card,Online,,2026-05-23,2026,5,Saturday,Clothing,11059.92,16723.9045,50171.71,33179.76,16991.95
TXN-102114,2026-06-06 21:44:00,STR-100,CUST-5172,PRD-1046,2,2150.38,0.15,3655.65,Debit Card,In-Store,,2026-06-06,2026,6,Saturday,Clothing,1198.25,1827.823,3655.65,2396.5,1259.15
TXN-102115,2026-03-03 11:58:00,STR-103,CUST-5053,PRD-1018,1,17272.73,0.1,15545.46,Debit Card,In-Store,,2026-03-03,2026,3,Tuesday,Clothing,12848.42,15545.457,15545.46,12848.42,2697.04
TXN-102116,2026-03-22 19:07:00,STR-106,CUST-5186,PRD-1033,3,21120.74,0.2,50689.78,Credit Card,In-Store,,2026-03-22,2026,3,Sunday,Home & Kitchen,14082.52,16896.592,50689.78,42247.56,8442.22
TXN-102117,2026-06-03 15:33:00,STR-107,CUST-5184,PRD-1006,1,17604.11,0.0,17604.11,UPI,Mobile App,,2026-06-03,2026,6,Wednesday,Clothing,11059.92,17604.11,17604.11,11059.92,6544.19
TXN-102118,2026-03-03 17:05:00,STR-110,CUST-5173,PRD-1003,5,6199.42,0.05,29447.24,Credit Card,Online,,2026-03-03,2026,3,Tuesday,Clothing,4268.08,5889.449,29447.24,21340.4,8106.84
TXN-102119,2026-06-14 13:14:00,STR-100,CUST-5104,PRD-1013,2,24637.91,0.15,41884.45,UPI,Mobile App,,2026-06-14,2026,6,Sunday,Home & Kitchen,18397.7,20942.2235,41884.45,36795.4,5089.05
TXN-102120,2026-05-10 15:48:00,STR-105,CUST-5099,PRD-1004,1,18042.2,0.2,14433.76,UPI,Online,,2026-05-10,2026,5,Sunday,Clothing,12833.5,14433.760000000002,14433.76,12833.5,1600.26
TXN-102121,2026-05-15 08:00:00,STR-114,CUST-5047,PRD-1032,4,19167.84,0.2,61337.09,Credit Card,In-Store,,2026-05-15,2026,5,Friday,Sports & Outdoors,12780.48,15334.272,61337.09,51121.92,10215.17
TXN-102122,2026-03-27 20:26:00,STR-101,CUST-5140,PRD-1001,5,18543.28,0.0,92716.4,Credit Card,Mobile App,,2026-03-27,2026,3,Friday,Clothing,13084.9,18543.28,92716.4,65424.5,27291.9
TXN-102123,2026-06-26 14:21:00,STR-107,CUST-5163,PRD-1033,1,21120.74,0.05,20064.7,Net Banking,Online,,2026-06-26,2026,6,Friday,Home & Kitchen,14082.52,20064.703,20064.7,14082.52,5982.18
TXN-102124,2026-01-31 19:58:00,STR-106,CUST-5000,PRD-1046,3,2150.38,0.2,5160.91,Cash,Mobile App,,2026-01-31,2026,1,Saturday,Clothing,1198.25,1720.304,5160.91,3594.75,1566.16
TXN-102125,2026-06-06 20:22:00,STR-102,CUST-5014,PRD-1013,4,24637.91,0.1,88696.48,UPI,Online,,2026-06-06,2026,6,Saturday,Home & Kitchen,18397.7,22174.119,88696.48,73590.8,15105.68
TXN-102126,2026-05-15 18:49:00,STR-109,CUST-5073,PRD-1038,1,18431.47,0.0,18431.47,UPI,Mobile App,,2026-05-15,2026,5,Friday,Electronics,13596.63,18431.47,18431.47,13596.63,4834.84
TXN-102127,2026-04-12 16:30:00,STR-105,CUST-5006,PRD-1018,2,17272.73,0.05,32818.19,Cash,In-Store,,2026-04-12,2026,4,Sunday,Clothing,12848.42,16409.0935,32818.19,25696.84,7121.35
TXN-102128,2026-02-13 21:46:00,STR-102,CUST-5055,PRD-1048,4,13710.77,0.05,52100.93,Cash,Mobile App,,2026-02-13,2026,2,Friday,Clothing,9822.0,13025.2315,52100.93,39288.0,12812.93
TXN-102129,2026-03-03 15:17:00,STR-105,CUST-5086,PRD-1032,2,19167.84,0.0,38335.68,Net Banking,In-Store,,2026-03-03,2026,3,Tuesday,Sports & Outdoors,12780.48,19167.84,38335.68,25560.96,12774.72
TXN-102130,2026-06-28 19:54:00,STR-111,CUST-5075,PRD-1005,3,11505.07,0.0,34515.21,Credit Card,Mobile App,,2026-06-28,2026,6,Sunday,Clothing,7063.93,11505.07,34515.21,21191.79,13323.42
TXN-102131,2026-04-04 18:01:00,STR-112,CUST-5086,PRD-1034,4,9660.26,0.0,38641.04,Credit Card,Online,,2026-04-04,2026,4,Saturday,Clothing,5672.08,9660.26,38641.04,22688.32,15952.72
TXN-102132,2026-01-12 16:44:00,STR-101,CUST-5029,PRD-1025,4,12590.63,0.15,42808.14,Credit Card,Online,,2026-01-12,2026,1,Monday,Sports & Outdoors,9113.47,10702.035499999998,42808.14,36453.88,6354.26
TXN-102133,2026-02-19 21:03:00,STR-108,CUST-5052,PRD-1049,1,12079.91,0.0,12079.91,Debit Card,Online,,2026-02-19,2026,2,Thursday,Sports & Outdoors,8823.92,12079.91,12079.91,8823.92,3255.99
TXN-102134,2026-01-07 14:09:00,STR-110,CUST-5116,PRD-1025,5,12590.63,0.0,62953.15,UPI,Online,,2026-01-07,2026,1,Wednesday,Sports & Outdoors,9113.47,12590.63,62953.15,45567.35,17385.8
TXN-102135,2026-02-14 20:13:00,STR-104,CUST-5087,PRD-1047,2,13096.34,0.0,26192.68,Debit Card,In-Store,,2026-02-14,2026,2,Saturday,Electronics,8041.8,13096.34,26192.68,16083.6,10109.08
TXN-102136,2026-02-16 14:36:00,STR-101,CUST-5124,PRD-1027,5,2055.49,0.2,8221.96,Net Banking,Online,,2026-02-16,2026,2,Monday,Sports & Outdoors,1310.93,1644.3919999999998,8221.96,6554.65,1667.31
TXN-102137,2026-06-09 11:33:00,STR-113,CUST-5067,PRD-1048,5,13710.77,0.05,65126.16,Debit Card,Mobile App,,2026-06-09,2026,6,Tuesday,Clothing,9822.0,13025.2315,65126.16,49110.0,16016.16
TXN-102138,2026-03-19 16:00:00,STR-112,CUST-5135,PRD-1002,1,14966.66,0.05,14218.33,Net Banking,In-Store,,2026-03-19,2026,3,Thursday,Electronics,8341.07,14218.327,14218.33,8341.07,5877.26
TXN-102139,2026-05-03 21:42:00,STR-114,CUST-5140,PRD-1021,3,5708.56,0.05,16269.4,Cash,In-Store,,2026-05-03,2026,5,Sunday,Home & Kitchen,3795.18,5423.1320000000005,16269.4,11385.54,4883.86
TXN-102140,2026-03-01 18:23:00,STR-109,CUST-5185,PRD-1026,1,15872.06,0.05,15078.46,UPI,In-Store,,2026-03-01,2026,3,Sunday,Clothing,11621.18,15078.456999999999,15078.46,11621.18,3457.28
TXN-102141,2026-06-26 19:01:00,STR-109,CUST-5012,PRD-1006,3,17604.11,0.15,44890.48,Cash,Online,,2026-06-26,2026,6,Friday,Clothing,11059.92,14963.4935,44890.48,33179.76,11710.72
TXN-102142,2026-03-16 12:36:00,STR-102,CUST-5004,PRD-1036,5,22028.56,0.0,110142.8,Net Banking,Online,,2026-03-16,2026,3,Monday,Home & Kitchen,16329.4,22028.56,110142.8,81647.0,28495.8
TXN-102143,2026-06-03 19:36:00,STR-109,CUST-5160,PRD-1037,2,1918.22,0.15,3260.97,Net Banking,Mobile App,,2026-06-03,2026,6,Wednesday,Clothing,1442.39,1630.487,3260.97,2884.78,376.19
TXN-102144,2026-05-22 18:38:00,STR-112,CUST-5153,PRD-1036,4,22028.56,0.1,79302.82,Net Banking,In-Store,,2026-05-22,2026,5,Friday,Home & Kitchen,16329.4,19825.704,79302.82,65317.6,13985.22
TXN-102145,2026-05-18 20:23:00,STR-109,CUST-5098,PRD-1033,3,21120.74,0.05,60194.11,Cash,In-Store,,2026-05-18,2026,5,Monday,Home & Kitchen,14082.52,20064.703,60194.11,42247.56,17946.55
TXN-102146,2026-01-27 12:01:00,STR-112,CUST-5128,PRD-1009,3,20274.45,0.2,48658.68,Debit Card,Mobile App,,2026-01-27,2026,1,Tuesday,Home & Kitchen,14553.78,16219.560000000001,48658.68,43661.34,4997.34
TXN-102147,2026-02-18 09:11:00,STR-113,CUST-5199,PRD-1039,2,3644.72,0.05,6924.97,Credit Card,Online,,2026-02-18,2026,2,Wednesday,Clothing,2403.02,3462.4839999999995,6924.97,4806.04,2118.93
TXN-102148,2026-04-14 17:35:00,STR-100,CUST-5104,PRD-1049,2,12079.91,0.15,20535.85,Cash,Mobile App,,2026-04-14,2026,4,Tuesday,Sports & Outdoors,8823.92,10267.923499999999,20535.85,17647.84,2888.01
TXN-102149,2026-02-09 14:40:00,STR-101,CUST-5117,PRD-1001,5,18543.28,0.15,78808.94,Net Banking,In-Store,,2026-02-09,2026,2,Monday,Clothing,13084.9,15761.787999999999,78808.94,65424.5,13384.44
TXN-102150,2026-02-25 12:35:00,STR-111,CUST-5058,PRD-1041,4,23258.31,0.05,88381.58,Cash,Mobile App,,2026-02-25,2026,2,Wednesday,Clothing,16832.29,22095.3945,88381.58,67329.16,21052.42
TXN-102151,2026-04-03 18:15:00,STR-114,CUST-5133,PRD-1014,3,7309.63,0.2,17543.11,Credit Card,Mobile App,,2026-04-03,2026,4,Friday,Beauty & Care,5089.02,5847.704000000001,17543.11,15267.06,2276.05
TXN-102152,2026-01-01 13:26:00,STR-114,CUST-5169,PRD-1035,1,15173.74,0.1,13656.37,UPI,In-Store,,2026-01-01,2026,1,Thursday,Electronics,10050.77,13656.366,13656.37,10050.77,3605.6
TXN-102153,2026-04-22 13:01:00,STR-108,CUST-5037,PRD-1044,5,2067.7,0.2,8270.8,Net Banking,Mobile App,,2026-04-22,2026,4,Wednesday,Clothing,1147.24,1654.1599999999999,8270.8,5736.2,2534.6
TXN-102154,2026-06-23 10:27:00,STR-110,CUST-5068,PRD-1048,3,13710.77,0.2,32905.85,UPI,Mobile App,,2026-06-23,2026,6,Tuesday,Clothing,9822.0,10968.616000000002,32905.85,29466.0,3439.85
TXN-102155,2026-03-30 14:40:00,STR-101,CUST-5055,PRD-1024,5,9368.27,0.15,39815.15,UPI,Mobile App,,2026-03-30,2026,3,Monday,Beauty & Care,7301.49,7963.029500000001,39815.15,36507.45,3307.7
TXN-102156,2026-06-22 21:43:00,STR-114,CUST-5037,PRD-1030,4,3232.14,0.0,12928.56,Credit Card,Mobile App,,2026-06-22,2026,6,Monday,Home & Kitchen,2100.88,3232.14,12928.56,8403.52,4525.04
TXN-102157,2026-01-31 12:53:00,STR-103,CUST-5198,PRD-1020,5,2120.69,0.1,9543.11,Debit Card,Online,,2026-01-31,2026,1,Saturday,Home & Kitchen,1611.77,1908.621,9543.1,8058.85,1484.25
TXN-102158,2026-05-31 20:49:00,STR-104,CUST-5130,PRD-1034,2,9660.26,0.05,18354.49,Debit Card,Mobile App,,2026-05-31,2026,5,Sunday,Clothing,5672.08,9177.247,18354.49,11344.16,7010.33
TXN-102159,2026-05-03 20:14:00,STR-100,CUST-5001,PRD-1002,1,14966.66,0.05,14218.33,Cash,Online,,2026-05-03,2026,5,Sunday,Electronics,8341.07,14218.327,14218.33,8341.07,5877.26
TXN-102160,2026-01-17 08:07:00,STR-113,CUST-5195,PRD-1038,4,18431.47,0.15,62667.0,Net Banking,Mobile App,,2026-01-17,2026,1,Saturday,Electronics,13596.63,15666.7495,62667.0,54386.52,8280.48
TXN-102161,2026-06-21 11:52:00,STR-109,CUST-5085,PRD-1012,1,5210.26,0.0,5210.26,UPI,In-Store,,2026-06-21,2026,6,Sunday,Sports & Outdoors,2949.0,5210.26,5210.26,2949.0,2261.26
TXN-102162,2026-01-15 17:41:00,STR-104,CUST-5020,PRD-1004,4,18042.2,0.2,57735.04,Debit Card,Mobile App,,2026-01-15,2026,1,Thursday,Clothing,12833.5,14433.760000000002,57735.04,51334.0,6401.04
TXN-102163,2026-01-14 15:26:00,STR-112,CUST-5045,PRD-1038,1,18431.47,0.1,16588.32,Cash,In-Store,,2026-01-14,2026,1,Wednesday,Electronics,13596.63,16588.323,16588.32,13596.63,2991.69
TXN-102164,2026-06-10 10:03:00,STR-111,CUST-5094,PRD-1037,4,1918.22,0.15,6521.95,Credit Card,Mobile App,,2026-06-10,2026,6,Wednesday,Clothing,1442.39,1630.487,6521.95,5769.56,752.39
TXN-102165,2026-05-07 15:28:00,STR-109,CUST-5072,PRD-1017,3,11824.84,0.0,35474.52,Net Banking,In-Store,,2026-05-07,2026,5,Thursday,Clothing,7237.84,11824.84,35474.52,21713.52,13761.0
TXN-102166,2026-04-14 20:55:00,STR-106,CUST-5171,PRD-1003,4,6199.42,0.05,23557.8,Credit Card,Mobile App,,2026-04-14,2026,4,Tuesday,Clothing,4268.08,5889.449,23557.8,17072.32,6485.48
TXN-102167,2026-05-23 20:05:00,STR-111,CUST-5125,PRD-1008,3,2868.65,0.0,8605.95,Net Banking,Online,,2026-05-23,2026,5,Saturday,Beauty & Care,2136.93,2868.65,8605.95,6410.79,2195.16
TXN-102168,2026-06-29 17:04:00,STR-112,CUST-5199,PRD-1003,2,6199.42,0.2,9919.07,Debit Card,In-Store,,2026-06-29,2026,6,Monday,Clothing,4268.08,4959.536,9919.07,8536.16,1382.91
TXN-102169,2026-03-09 09:12:00,STR-103,CUST-5051,PRD-1025,5,12590.63,0.2,50362.52,Net Banking,In-Store,,2026-03-09,2026,3,Monday,Sports & Outdoors,9113.47,10072.504,50362.52,45567.35,4795.17
TXN-102170,2026-04-02 19:59:00,STR-102,CUST-5051,PRD-1005,2,11505.07,0.1,20709.13,Debit Card,Online,,2026-04-02,2026,4,Thursday,Clothing,7063.93,10354.563,20709.13,14127.86,6581.27
TXN-102171,2026-01-21 15:00:00,STR-103,CUST-5042,PRD-1006,4,17604.11,0.2,56333.15,UPI,In-Store,,2026-01-21,2026,1,Wednesday,Clothing,11059.92,14083.288,56333.15,44239.68,12093.47
TXN-102172,2026-04-08 09:14:00,STR-112,CUST-5108,PRD-1038,2,18431.47,0.0,36862.94,Credit Card,Mobile App,,2026-04-08,2026,4,Wednesday,Electronics,13596.63,18431.47,36862.94,27193.26,9669.68
TXN-102173,2026-04-30 15:34:00,STR-109,CUST-5088,PRD-1042,3,10274.71,0.05,29282.92,Net Banking,In-Store,,2026-04-30,2026,4,Thursday,Home & Kitchen,7238.41,9760.974499999998,29282.92,21715.23,7567.69
TXN-102174,2026-01-20 18:34:00,STR-104,CUST-5078,PRD-1012,2,5210.26,0.15,8857.44,Debit Card,Mobile App,,2026-01-20,2026,1,Tuesday,Sports & Outdoors,2949.0,4428.7210000000005,8857.44,5898.0,2959.44
TXN-102175,2026-03-24 08:09:00,STR-113,CUST-5101,PRD-1003,2,6199.42,0.2,9919.07,Debit Card,Mobile App,,2026-03-24,2026,3,Tuesday,Clothing,4268.08,4959.536,9919.07,8536.16,1382.91
TXN-102176,2026-03-12 12:03:00,STR-103,CUST-5115,PRD-1002,1,14966.66,0.15,12721.66,Credit Card,Mobile App,,2026-03-12,2026,3,Thursday,Electronics,8341.07,12721.661,12721.66,8341.07,4380.59
TXN-102177,2026-05-01 16:06:00,STR-114,CUST-5036,PRD-1016,1,15423.32,0.15,13109.82,Net Banking,Mobile App,,2026-05-01,2026,5,Friday,Electronics,9089.92,13109.822,13109.82,9089.92,4019.9
TXN-102178,2026-02-17 09:00:00,STR-113,CUST-5041,PRD-1031,5,23868.44,0.05,113375.09,UPI,Online,,2026-02-17,2026,2,Tuesday,Electronics,17935.85,22675.017999999996,113375.09,89679.25,23695.84
TXN-102179,2026-01-27 18:12:00,STR-104,CUST-5132,PRD-1037,5,1918.22,0.05,9111.55,Net Banking,In-Store,,2026-01-27,2026,1,Tuesday,Clothing,1442.39,1822.309,9111.54,7211.95,1899.59
TXN-102180,2026-05-06 20:46:00,STR-110,CUST-5155,PRD-1036,5,22028.56,0.1,99128.52,Net Banking,In-Store,,2026-05-06,2026,5,Wednesday,Home & Kitchen,16329.4,19825.704,99128.52,81647.0,17481.52
TXN-102181,2026-05-19 11:56:00,STR-101,CUST-5131,PRD-1048,4,13710.77,0.05,52100.93,Credit Card,Mobile App,,2026-05-19,2026,5,Tuesday,Clothing,9822.0,13025.2315,52100.93,39288.0,12812.93
TXN-102182,2026-01-08 13:14:00,STR-109,CUST-5192,PRD-1043,3,22540.44,0.15,57478.12,Net Banking,Mobile App,,2026-01-08,2026,1,Thursday,Beauty & Care,14737.88,19159.374,57478.12,44213.64,13264.48
TXN-102183,2026-05-20 19:40:00,STR-106,CUST-5103,PRD-1001,4,18543.28,0.2,59338.5,UPI,Online,,2026-05-20,2026,5,Wednesday,Clothing,13084.9,14834.624,59338.5,52339.6,6998.9
TXN-102184,2026-05-08 11:57:00,STR-106,CUST-5132,PRD-1030,1,3232.14,0.15,2747.32,Credit Card,In-Store,,2026-05-08,2026,5,Friday,Home & Kitchen,2100.88,2747.319,2747.32,2100.88,646.44
TXN-102185,2026-05-19 10:05:00,STR-110,CUST-5043,PRD-1023,1,6936.43,0.15,5895.97,Credit Card,In-Store,,2026-05-19,2026,5,Tuesday,Sports & Outdoors,4747.67,5895.9655,5895.97,4747.67,1148.3
TXN-102186,2026-06-22 10:05:00,STR-106,CUST-5173,PRD-1040,3,6993.15,0.1,18881.5,Debit Card,In-Store,,2026-06-22,2026,6,Monday,Clothing,5249.48,6293.835,18881.5,15748.44,3133.06
TXN-102187,2026-04-25 09:43:00,STR-104,CUST-5103,PRD-1049,3,12079.91,0.2,28991.78,Cash,In-Store,,2026-04-25,2026,4,Saturday,Sports & Outdoors,8823.92,9663.928,28991.78,26471.76,2520.02
TXN-102188,2026-06-16 20:59:00,STR-102,CUST-5018,PRD-1046,1,2150.38,0.2,1720.3,Cash,In-Store,,2026-06-16,2026,6,Tuesday,Clothing,1198.25,1720.304,1720.3,1198.25,522.05
TXN-102189,2026-04-27 20:38:00,STR-100,CUST-5142,PRD-1020,5,2120.69,0.15,9012.93,Cash,Mobile App,,2026-04-27,2026,4,Monday,Home & Kitchen,1611.77,1802.5865,9012.93,8058.85,954.08
TXN-102190,2026-04-21 17:38:00,STR-108,CUST-5073,PRD-1049,3,12079.91,0.05,34427.74,Cash,In-Store,,2026-04-21,2026,4,Tuesday,Sports & Outdoors,8823.92,11475.914499999999,34427.74,26471.76,7955.98
TXN-102191,2026-03-26 20:02:00,STR-109,CUST-5177,PRD-1010,2,24341.31,0.0,48682.62,Credit Card,Mobile App,,2026-03-26,2026,3,Thursday,Electronics,15506.95,24341.31,48682.62,31013.9,17668.72
TXN-102192,2026-06-27 12:32:00,STR-104,CUST-5165,PRD-1034,4,9660.26,0.2,30912.83,Credit Card,Online,,2026-06-27,2026,6,Saturday,Clothing,5672.08,7728.2080000000005,30912.83,22688.32,8224.51
TXN-102193,2026-05-12 16:40:00,STR-101,CUST-5165,PRD-1038,3,18431.47,0.2,44235.53,UPI,Online,,2026-05-12,2026,5,Tuesday,Electronics,13596.63,14745.176000000001,44235.53,40789.89,3445.64
TXN-102194,2026-05-10 15:51:00,STR-112,CUST-5009,PRD-1022,4,6988.83,0.2,22364.26,Net Banking,In-Store,,2026-05-10,2026,5,Sunday,Clothing,4240.29,5591.064,22364.26,16961.16,5403.1
TXN-102195,2026-05-20 14:28:00,STR-106,CUST-5122,PRD-1022,2,6988.83,0.05,13278.78,Credit Card,Mobile App,,2026-05-20,2026,5,Wednesday,Clothing,4240.29,6639.3885,13278.78,8480.58,4798.2
TXN-102196,2026-06-07 15:17:00,STR-106,CUST-5199,PRD-1049,2,12079.91,0.0,24159.82,UPI,Mobile App,,2026-06-07,2026,6,Sunday,Sports & Outdoors,8823.92,12079.91,24159.82,17647.84,6511.98
TXN-102197,2026-06-06 16:31:00,STR-106,CUST-5138,PRD-1004,4,18042.2,0.15,61343.48,Credit Card,Mobile App,,2026-06-06,2026,6,Saturday,Clothing,12833.5,15335.87,61343.48,51334.0,10009.48
TXN-102198,2026-05-08 19:54:00,STR-102,CUST-5033,PRD-1036,4,22028.56,0.2,70491.39,Debit Card,Mobile App,,2026-05-08,2026,5,Friday,Home & Kitchen,16329.4,17622.848,70491.39,65317.6,5173.79
TXN-102199,2026-01-10 20:41:00,STR-108,CUST-5081,PRD-1036,2,22028.56,0.15,37448.55,Cash,In-Store,,2026-01-10,2026,1,Saturday,Home & Kitchen,16329.4,18724.276,37448.55,32658.8,4789.75
TXN-102200,2026-04-05 08:44:00,STR-104,CUST-5007,PRD-1025,2,12590.63,0.05,23922.2,Debit Card,Online,,2026-04-05,2026,4,Sunday,Sports & Outdoors,9113.47,11961.098499999998,23922.2,18226.94,5695.26
TXN-102201,2026-06-25 15:36:00,STR-100,CUST-5007,PRD-1024,5,9368.27,0.1,42157.22,UPI,In-Store,,2026-06-25,2026,6,Thursday,Beauty & Care,7301.49,8431.443000000001,42157.22,36507.45,5649.77
TXN-102202,2026-03-29 21:23:00,STR-104,CUST-5064,PRD-1017,5,11824.84,0.05,56167.99,Credit Card,Mobile App,,2026-03-29,2026,3,Sunday,Clothing,7237.84,11233.598,56167.99,36189.2,19978.79
TXN-102203,2026-04-11 11:08:00,STR-105,CUST-5156,PRD-1025,4,12590.63,0.2,40290.02,Debit Card,In-Store,,2026-04-11,2026,4,Saturday,Sports & Outdoors,9113.47,10072.504,40290.02,36453.88,3836.14
TXN-102204,2026-06-24 16:47:00,STR-109,CUST-5068,PRD-1040,2,6993.15,0.05,13286.98,Net Banking,In-Store,,2026-06-24,2026,6,Wednesday,Clothing,5249.48,6643.492499999999,13286.98,10498.96,2788.02
TXN-102205,2026-01-27 13:25:00,STR-102,CUST-5066,PRD-1012,5,5210.26,0.2,20841.04,UPI,Mobile App,,2026-01-27,2026,1,Tuesday,Sports & Outdoors,2949.0,4168.2080000000005,20841.04,14745.0,6096.04
TXN-102206,2026-05-17 20:21:00,STR-111,CUST-5123,PRD-1043,3,22540.44,0.05,64240.25,Credit Card,Online,,2026-05-17,2026,5,Sunday,Beauty & Care,14737.88,21413.417999999998,64240.25,44213.64,20026.61
TXN-102207,2026-02-13 14:37:00,STR-103,CUST-5177,PRD-1024,2,9368.27,0.2,14989.23,Credit Card,Online,,2026-02-13,2026,2,Friday,Beauty & Care,7301.49,7494.616000000001,14989.23,14602.98,386.25
TXN-102208,2026-01-27 11:55:00,STR-108,CUST-5027,PRD-1033,5,21120.74,0.1,95043.33,Cash,Mobile App,,2026-01-27,2026,1,Tuesday,Home & Kitchen,14082.52,19008.666,95043.33,70412.6,24630.73
TXN-102209,2026-01-07 18:31:00,STR-108,CUST-5067,PRD-1025,3,12590.63,0.1,33994.7,Net Banking,Mobile App,,2026-01-07,2026,1,Wednesday,Sports & Outdoors,9113.47,11331.567,33994.7,27340.41,6654.29
TXN-102210,2026-03-24 20:31:00,STR-112,CUST-5174,PRD-1020,1,2120.69,0.2,1696.55,Debit Card,Online,,2026-03-24,2026,3,Tuesday,Home & Kitchen,1611.77,1696.5520000000001,1696.55,1611.77,84.78
TXN-102211,2026-03-20 18:39:00,STR-101,CUST-5172,PRD-1014,1,7309.63,0.05,6944.15,Cash,Mobile App,,2026-03-20,2026,3,Friday,Beauty & Care,5089.02,6944.148499999999,6944.15,5089.02,1855.13
TXN-102212,2026-06-03 15:10:00,STR-100,CUST-5050,PRD-1004,1,18042.2,0.15,15335.87,Cash,Mobile App,,2026-06-03,2026,6,Wednesday,Clothing,12833.5,15335.87,15335.87,12833.5,2502.37
TXN-102213,2026-03-10 20:02:00,STR-101,CUST-5093,PRD-1021,5,5708.56,0.05,27115.66,Credit Card,Online,,2026-03-10,2026,3,Tuesday,Home & Kitchen,3795.18,5423.1320000000005,27115.66,18975.9,8139.76
TXN-102214,2026-03-17 15:06:00,STR-105,CUST-5083,PRD-1019,1,20633.99,0.1,18570.59,Credit Card,In-Store,,2026-03-17,2026,3,Tuesday,Clothing,15169.3,18570.591,18570.59,15169.3,3401.29
TXN-102215,2026-06-08 11:52:00,STR-106,CUST-5121,PRD-1013,2,24637.91,0.1,44348.24,Cash,In-Store,,2026-06-08,2026,6,Monday,Home & Kitchen,18397.7,22174.119,44348.24,36795.4,7552.84
TXN-102216,2026-03-23 08:01:00,STR-109,CUST-5068,PRD-1015,4,9568.8,0.15,32533.92,Credit Card,Mobile App,,2026-03-23,2026,3,Monday,Clothing,5723.93,8133.48,32533.92,22895.72,9638.2
TXN-102217,2026-01-23 08:49:00,STR-105,CUST-5045,PRD-1041,1,23258.31,0.1,20932.48,Net Banking,Online,,2026-01-23,2026,1,Friday,Clothing,16832.29,20932.479000000003,20932.48,16832.29,4100.19
TXN-102218,2026-06-28 17:33:00,STR-107,CUST-5143,PRD-1039,5,3644.72,0.0,18223.6,UPI,Mobile App,,2026-06-28,2026,6,Sunday,Clothing,2403.02,3644.72,18223.6,12015.1,6208.5
TXN-102219,2026-01-02 12:23:00,STR-102,CUST-5060,PRD-1046,2,2150.38,0.15,3655.65,Cash,Mobile App,,2026-01-02,2026,1,Friday,Clothing,1198.25,1827.823,3655.65,2396.5,1259.15
TXN-102220,2026-02-11 10:59:00,STR-105,CUST-5142,PRD-1035,3,15173.74,0.15,38693.04,Net Banking,Online,,2026-02-11,2026,2,Wednesday,Electronics,10050.77,12897.679,38693.04,30152.31,8540.73
TXN-102221,2026-05-10 14:50:00,STR-112,CUST-5115,PRD-1003,3,6199.42,0.2,14878.61,Cash,Online,,2026-05-10,2026,5,Sunday,Clothing,4268.08,4959.536,14878.61,12804.24,2074.37
TXN-102222,2026-02-05 15:45:00,STR-105,CUST-5130,PRD-1017,3,11824.84,0.05,33700.79,Debit Card,Mobile App,,2026-02-05,2026,2,Thursday,Clothing,7237.84,11233.598,33700.79,21713.52,11987.27
TXN-102223,2026-06-11 13:46:00,STR-109,CUST-5108,PRD-1042,3,10274.71,0.2,24659.3,Debit Card,Online,,2026-06-11,2026,6,Thursday,Home & Kitchen,7238.41,8219.768,24659.3,21715.23,2944.07
TXN-102224,2026-02-15 16:08:00,STR-104,CUST-5157,PRD-1045,5,14916.37,0.1,67123.67,UPI,In-Store,,2026-02-15,2026,2,Sunday,Clothing,8228.67,13424.733,67123.67,41143.35,25980.32
TXN-102225,2026-01-07 10:59:00,STR-113,CUST-5001,PRD-1044,4,2067.7,0.1,7443.72,UPI,In-Store,,2026-01-07,2026,1,Wednesday,Clothing,1147.24,1860.9299999999998,7443.72,4588.96,2854.76
TXN-102226,2026-06-13 11:37:00,STR-110,CUST-5059,PRD-1009,3,20274.45,0.1,54741.02,UPI,In-Store,,2026-06-13,2026,6,Saturday,Home & Kitchen,14553.78,18247.005,54741.02,43661.34,11079.68
TXN-102227,2026-03-23 09:13:00,STR-100,CUST-5082,PRD-1008,1,2868.65,0.1,2581.79,Debit Card,Online,,2026-03-23,2026,3,Monday,Beauty & Care,2136.93,2581.7850000000003,2581.79,2136.93,444.86
TXN-102228,2026-06-12 18:27:00,STR-108,CUST-5188,PRD-1002,5,14966.66,0.05,71091.63,Credit Card,Mobile App,,2026-06-12,2026,6,Friday,Electronics,8341.07,14218.327,71091.63,41705.35,29386.28
TXN-102229,2026-03-14 21:33:00,STR-108,CUST-5157,PRD-1006,3,17604.11,0.1,47531.1,Net Banking,Online,,2026-03-14,2026,3,Saturday,Clothing,11059.92,15843.699,47531.1,33179.76,14351.34
TXN-102230,2026-02-06 15:54:00,STR-111,CUST-5056,PRD-1037,5,1918.22,0.15,8152.44,Net Banking,Online,,2026-02-06,2026,2,Friday,Clothing,1442.39,1630.487,8152.44,7211.95,940.49
TXN-102231,2026-06-14 14:09:00,STR-111,CUST-5001,PRD-1040,4,6993.15,0.1,25175.34,Credit Card,Online,,2026-06-14,2026,6,Sunday,Clothing,5249.48,6293.835,25175.34,20997.92,4177.42
TXN-102232,2026-03-15 11:04:00,STR-108,CUST-5055,PRD-1032,2,19167.84,0.1,34502.11,Credit Card,Mobile App,,2026-03-15,2026,3,Sunday,Sports & Outdoors,12780.48,17251.056,34502.11,25560.96,8941.15
TXN-102233,2026-02-18 21:04:00,STR-102,CUST-5051,PRD-1034,1,9660.26,0.05,9177.25,Cash,In-Store,,2026-02-18,2026,2,Wednesday,Clothing,5672.08,9177.247,9177.25,5672.08,3505.17
TXN-102234,2026-06-09 09:03:00,STR-106,CUST-5189,PRD-1041,1,23258.31,0.1,20932.48,UPI,In-Store,,2026-06-09,2026,6,Tuesday,Clothing,16832.29,20932.479000000003,20932.48,16832.29,4100.19
TXN-102235,2026-03-09 15:10:00,STR-103,CUST-5183,PRD-1033,2,21120.74,0.15,35905.26,Cash,Online,,2026-03-09,2026,3,Monday,Home & Kitchen,14082.52,17952.629,35905.26,28165.04,7740.22
TXN-102236,2026-02-12 20:30:00,STR-106,CUST-5132,PRD-1022,1,6988.83,0.2,5591.06,UPI,Mobile App,,2026-02-12,2026,2,Thursday,Clothing,4240.29,5591.064,5591.06,4240.29,1350.77
TXN-102237,2026-03-31 15:29:00,STR-105,CUST-5066,PRD-1029,2,17201.59,0.05,32683.02,Debit Card,Mobile App,,2026-03-31,2026,3,Tuesday,Electronics,11585.33,16341.510499999999,32683.02,23170.66,9512.36
TXN-102238,2026-02-04 14:09:00,STR-113,CUST-5146,PRD-1040,3,6993.15,0.15,17832.53,UPI,Online,,2026-02-04,2026,2,Wednesday,Clothing,5249.48,5944.1775,17832.53,15748.44,2084.09
TXN-102239,2026-05-11 21:49:00,STR-113,CUST-5171,PRD-1009,5,20274.45,0.0,101372.25,Net Banking,Online,,2026-05-11,2026,5,Monday,Home & Kitchen,14553.78,20274.45,101372.25,72768.9,28603.35
TXN-102240,2026-01-27 14:03:00,STR-108,CUST-5046,PRD-1042,5,10274.71,0.05,48804.87,Net Banking,In-Store,,2026-01-27,2026,1,Tuesday,Home & Kitchen,7238.41,9760.974499999998,48804.87,36192.05,12612.82
TXN-102241,2026-01-17 15:43:00,STR-103,CUST-5050,PRD-1041,4,23258.31,0.05,88381.58,Net Banking,Mobile App,,2026-01-17,2026,1,Saturday,Clothing,16832.29,22095.3945,88381.58,67329.16,21052.42
TXN-102242,2026-06-17 17:11:00,STR-113,CUST-5007,PRD-1046,2,2150.38,0.2,3440.61,Debit Card,In-Store,,2026-06-17,2026,6,Wednesday,Clothing,1198.25,1720.304,3440.61,2396.5,1044.11
TXN-102243,2026-05-26 17:13:00,STR-111,CUST-5105,PRD-1011,2,20820.24,0.2,33312.38,Credit Card,In-Store,,2026-05-26,2026,5,Tuesday,Home & Kitchen,14413.01,16656.192000000003,33312.38,28826.02,4486.36
TXN-102244,2026-06-18 21:37:00,STR-101,CUST-5163,PRD-1046,4,2150.38,0.1,7741.37,Debit Card,In-Store,,2026-06-18,2026,6,Thursday,Clothing,1198.25,1935.342,7741.37,4793.0,2948.37
TXN-102245,2026-03-02 10:20:00,STR-110,CUST-5093,PRD-1035,5,15173.74,0.05,72075.26,Credit Card,Mobile App,,2026-03-02,2026,3,Monday,Electronics,10050.77,14415.053,72075.26,50253.85,21821.41
TXN-102246,2026-05-23 12:17:00,STR-106,CUST-5031,PRD-1034,2,9660.26,0.1,17388.47,Net Banking,Mobile App,,2026-05-23,2026,5,Saturday,Clothing,5672.08,8694.234,17388.47,11344.16,6044.31
TXN-102247,2026-02-26 10:51:00,STR-106,CUST-5074,PRD-1041,4,23258.31,0.15,79078.25,Credit Card,In-Store,,2026-02-26,2026,2,Thursday,Clothing,16832.29,19769.5635,79078.25,67329.16,11749.09
TXN-102248,2026-03-06 17:51:00,STR-112,CUST-5127,PRD-1036,3,22028.56,0.1,59477.11,Cash,Mobile App,,2026-03-06,2026,3,Friday,Home & Kitchen,16329.4,19825.704,59477.11,48988.2,10488.91
TXN-102249,2026-04-25 17:52:00,STR-113,CUST-5149,PRD-1046,1,2150.38,0.05,2042.86,Net Banking,In-Store,,2026-04-25,2026,4,Saturday,Clothing,1198.25,2042.861,2042.86,1198.25,844.61
TXN-102250,2026-04-23 09:10:00,STR-100,CUST-5084,PRD-1011,5,20820.24,0.05,98896.14,Credit Card,Mobile App,,2026-04-23,2026,4,Thursday,Home & Kitchen,14413.01,19779.228,98896.14,72065.05,26831.09
TXN-102251,2026-05-08 19:07:00,STR-103,CUST-5125,PRD-1038,4,18431.47,0.2,58980.7,Debit Card,In-Store,,2026-05-08,2026,5,Friday,Electronics,13596.63,14745.176000000001,58980.7,54386.52,4594.18
TXN-102252,2026-03-04 10:09:00,STR-100,CUST-5172,PRD-1037,5,1918.22,0.2,7672.88,UPI,In-Store,,2026-03-04,2026,3,Wednesday,Clothing,1442.39,1534.576,7672.88,7211.95,460.93
TXN-102253,2026-05-21 11:11:00,STR-100,CUST-5011,PRD-1023,4,6936.43,0.0,27745.72,Debit Card,Mobile App,,2026-05-21,2026,5,Thursday,Sports & Outdoors,4747.67,6936.43,27745.72,18990.68,8755.04
TXN-102254,2026-05-13 16:32:00,STR-113,CUST-5145,PRD-1031,5,23868.44,0.15,101440.87,Net Banking,Online,,2026-05-13,2026,5,Wednesday,Electronics,17935.85,20288.174,101440.87,89679.25,11761.62
TXN-102255,2026-06-20 16:22:00,STR-102,CUST-5060,PRD-1043,2,22540.44,0.1,40572.79,Cash,Online,,2026-06-20,2026,6,Saturday,Beauty & Care,14737.88,20286.396,40572.79,29475.76,11097.03
TXN-102256,2026-01-05 12:19:00,STR-103,CUST-5099,PRD-1003,1,6199.42,0.05,5889.45,UPI,Mobile App,,2026-01-05,2026,1,Monday,Clothing,4268.08,5889.449,5889.45,4268.08,1621.37
TXN-102257,2026-04-28 09:22:00,STR-113,CUST-5041,PRD-1036,3,22028.56,0.0,66085.68,Credit Card,Mobile App,,2026-04-28,2026,4,Tuesday,Home & Kitchen,16329.4,22028.56,66085.68,48988.2,17097.48
TXN-102258,2026-02-08 18:36:00,STR-102,CUST-5199,PRD-1036,1,22028.56,0.0,22028.56,Cash,Mobile App,,2026-02-08,2026,2,Sunday,Home & Kitchen,16329.4,22028.56,22028.56,16329.4,5699.16
TXN-102259,2026-03-19 11:30:00,STR-104,CUST-5167,PRD-1022,1,6988.83,0.0,6988.83,Cash,In-Store,,2026-03-19,2026,3,Thursday,Clothing,4240.29,6988.83,6988.83,4240.29,2748.54
TXN-102260,2026-01-02 17:26:00,STR-107,CUST-5021,PRD-1003,5,6199.42,0.05,29447.24,Credit Card,Mobile App,,2026-01-02,2026,1,Friday,Clothing,4268.08,5889.449,29447.24,21340.4,8106.84
TXN-102261,2026-06-05 09:09:00,STR-106,CUST-5012,PRD-1037,4,1918.22,0.0,7672.88,Credit Card,Mobile App,,2026-06-05,2026,6,Friday,Clothing,1442.39,1918.22,7672.88,5769.56,1903.32
TXN-102262,2026-02-10 09:55:00,STR-110,CUST-5179,PRD-1009,1,20274.45,0.05,19260.73,Net Banking,Online,,2026-02-10,2026,2,Tuesday,Home & Kitchen,14553.78,19260.7275,19260.73,14553.78,4706.95
TXN-102263,2026-01-30 17:49:00,STR-111,CUST-5172,PRD-1029,2,17201.59,0.0,34403.18,UPI,In-Store,,2026-01-30,2026,1,Friday,Electronics,11585.33,17201.59,34403.18,23170.66,11232.52
TXN-102264,2026-01-27 10:58:00,STR-102,CUST-5010,PRD-1007,4,23951.68,0.15,81435.71,UPI,Mobile App,,2026-01-27,2026,1,Tuesday,Clothing,15027.69,20358.928,81435.71,60110.76,21324.95
TXN-102265,2026-02-04 19:21:00,STR-110,CUST-5190,PRD-1046,1,2150.38,0.15,1827.82,Cash,Online,,2026-02-04,2026,2,Wednesday,Clothing,1198.25,1827.823,1827.82,1198.25,629.57
TXN-102266,2026-02-24 08:18:00,STR-109,CUST-5049,PRD-1015,2,9568.8,0.2,15310.08,Net Banking,Online,,2026-02-24,2026,2,Tuesday,Clothing,5723.93,7655.04,15310.08,11447.86,3862.22
TXN-102267,2026-01-04 18:11:00,STR-107,CUST-5166,PRD-1021,2,5708.56,0.2,9133.7,Debit Card,Mobile App,,2026-01-04,2026,1,Sunday,Home & Kitchen,3795.18,4566.848000000001,9133.7,7590.36,1543.34
TXN-102268,2026-02-15 09:05:00,STR-104,CUST-5005,PRD-1006,2,17604.11,0.1,31687.4,Cash,Mobile App,,2026-02-15,2026,2,Sunday,Clothing,11059.92,15843.699,31687.4,22119.84,9567.56
TXN-102269,2026-03-28 21:00:00,STR-109,CUST-5170,PRD-1025,5,12590.63,0.05,59805.49,Debit Card,In-Store,,2026-03-28,2026,3,Saturday,Sports & Outdoors,9113.47,11961.098499999998,59805.49,45567.35,14238.14
TXN-102270,2026-04-07 10:01:00,STR-113,CUST-5151,PRD-1009,5,20274.45,0.1,91235.03,Credit Card,Mobile App,,2026-04-07,2026,4,Tuesday,Home & Kitchen,14553.78,18247.005,91235.02,72768.9,18466.12
TXN-102271,2026-01-17 20:47:00,STR-111,CUST-5167,PRD-1023,3,6936.43,0.15,17687.9,UPI,In-Store,,2026-01-17,2026,1,Saturday,Sports & Outdoors,4747.67,5895.9655,17687.9,14243.01,3444.89
TXN-102272,2026-03-30 10:49:00,STR-111,CUST-5149,PRD-1045,5,14916.37,0.2,59665.48,Net Banking,In-Store,,2026-03-30,2026,3,Monday,Clothing,8228.67,11933.096000000001,59665.48,41143.35,18522.13
TXN-102273,2026-04-27 09:09:00,STR-104,CUST-5048,PRD-1049,1,12079.91,0.05,11475.91,Net Banking,Online,,2026-04-27,2026,4,Monday,Sports & Outdoors,8823.92,11475.914499999999,11475.91,8823.92,2651.99
TXN-102274,2026-04-04 14:19:00,STR-112,CUST-5033,PRD-1035,3,15173.74,0.2,36416.98,Credit Card,In-Store,,2026-04-04,2026,4,Saturday,Electronics,10050.77,12138.992,36416.98,30152.31,6264.67
TXN-102275,2026-01-07 10:30:00,STR-114,CUST-5013,PRD-1016,1,15423.32,0.05,14652.15,Net Banking,In-Store,,2026-01-07,2026,1,Wednesday,Electronics,9089.92,14652.153999999999,14652.15,9089.92,5562.23
TXN-102276,2026-05-03 11:35:00,STR-107,CUST-5071,PRD-1023,5,6936.43,0.05,32948.04,UPI,In-Store,,2026-05-03,2026,5,Sunday,Sports & Outdoors,4747.67,6589.6085,32948.04,23738.35,9209.69
TXN-102277,2026-04-24 19:46:00,STR-101,CUST-5110,PRD-1038,5,18431.47,0.0,92157.35,Net Banking,Mobile App,,2026-04-24,2026,4,Friday,Electronics,13596.63,18431.47,92157.35,67983.15,24174.2
TXN-102278,2026-02-03 10:55:00,STR-104,CUST-5135,PRD-1001,4,18543.28,0.05,70464.46,UPI,Online,,2026-02-03,2026,2,Tuesday,Clothing,13084.9,17616.115999999998,70464.46,52339.6,18124.86
TXN-102279,2026-06-25 18:41:00,STR-100,CUST-5056,PRD-1020,3,2120.69,0.05,6043.97,Debit Card,In-Store,,2026-06-25,2026,6,Thursday,Home & Kitchen,1611.77,2014.6554999999998,6043.97,4835.31,1208.66
TXN-102280,2026-01-05 17:23:00,STR-114,CUST-5103,PRD-1015,1,9568.8,0.0,9568.8,Net Banking,Mobile App,,2026-01-05,2026,1,Monday,Clothing,5723.93,9568.8,9568.8,5723.93,3844.87
TXN-102281,2026-04-19 20:19:00,STR-109,CUST-5016,PRD-1049,4,12079.91,0.1,43487.68,Debit Card,Online,,2026-04-19,2026,4,Sunday,Sports & Outdoors,8823.92,10871.919,43487.68,35295.68,8192.0
TXN-102282,2026-03-14 14:53:00,STR-102,CUST-5063,PRD-1037,3,1918.22,0.1,5179.19,Debit Card,Online,,2026-03-14,2026,3,Saturday,Clothing,1442.39,1726.3980000000001,5179.19,4327.17,852.02
TXN-102283,2026-04-29 14:00:00,STR-101,CUST-5011,PRD-1006,2,17604.11,0.1,31687.4,Cash,In-Store,,2026-04-29,2026,4,Wednesday,Clothing,11059.92,15843.699,31687.4,22119.84,9567.56
TXN-102284,2026-02-01 08:13:00,STR-100,CUST-5188,PRD-1049,1,12079.91,0.2,9663.93,Net Banking,Mobile App,,2026-02-01,2026,2,Sunday,Sports & Outdoors,8823.92,9663.928,9663.93,8823.92,840.01
TXN-102285,2026-04-13 12:48:00,STR-101,CUST-5125,PRD-1014,1,7309.63,0.15,6213.19,Credit Card,Online,,2026-04-13,2026,4,Monday,Beauty & Care,5089.02,6213.1855,6213.19,5089.02,1124.17
TXN-102286,2026-01-04 16:06:00,STR-112,CUST-5186,PRD-1033,1,21120.74,0.2,16896.59,Debit Card,Online,,2026-01-04,2026,1,Sunday,Home & Kitchen,14082.52,16896.592,16896.59,14082.52,2814.07
TXN-102287,2026-01-08 21:46:00,STR-101,CUST-5087,PRD-1006,2,17604.11,0.2,28166.58,UPI,Online,,2026-01-08,2026,1,Thursday,Clothing,11059.92,14083.288,28166.58,22119.84,6046.74
TXN-102288,2026-01-11 14:28:00,STR-101,CUST-5063,PRD-1005,2,11505.07,0.2,18408.11,UPI,Online,,2026-01-11,2026,1,Sunday,Clothing,7063.93,9204.056,18408.11,14127.86,4280.25
TXN-102289,2026-01-21 08:52:00,STR-113,CUST-5073,PRD-1045,2,14916.37,0.1,26849.47,Debit Card,Mobile App,,2026-01-21,2026,1,Wednesday,Clothing,8228.67,13424.733,26849.47,16457.34,10392.13
TXN-102290,2026-02-21 20:25:00,STR-102,CUST-5029,PRD-1017,4,11824.84,0.1,42569.42,Credit Card,In-Store,,2026-02-21,2026,2,Saturday,Clothing,7237.84,10642.356,42569.42,28951.36,13618.06
TXN-102291,2026-02-16 13:34:00,STR-113,CUST-5135,PRD-1001,5,18543.28,0.15,78808.94,Debit Card,Online,,2026-02-16,2026,2,Monday,Clothing,13084.9,15761.787999999999,78808.94,65424.5,13384.44
TXN-102292,2026-03-06 15:01:00,STR-103,CUST-5030,PRD-1027,4,2055.49,0.2,6577.57,Cash,In-Store,,2026-03-06,2026,3,Friday,Sports & Outdoors,1310.93,1644.3919999999998,6577.57,5243.72,1333.85
TXN-102293,2026-06-05 14:10:00,STR-113,CUST-5112,PRD-1021,2,5708.56,0.05,10846.26,Debit Card,Online,,2026-06-05,2026,6,Friday,Home & Kitchen,3795.18,5423.1320000000005,10846.26,7590.36,3255.9
TXN-102294,2026-01-21 13:37:00,STR-101,CUST-5134,PRD-1025,4,12590.63,0.05,47844.39,Credit Card,In-Store,,2026-01-21,2026,1,Wednesday,Sports & Outdoors,9113.47,11961.098499999998,47844.39,36453.88,11390.51
TXN-102295,2026-01-09 08:17:00,STR-106,CUST-5106,PRD-1044,4,2067.7,0.0,8270.8,Net Banking,In-Store,,2026-01-09,2026,1,Friday,Clothing,1147.24,2067.7,8270.8,4588.96,3681.84
TXN-102296,2026-01-07 20:04:00,STR-112,CUST-5029,PRD-1019,3,20633.99,0.2,49521.58,UPI,Online,,2026-01-07,2026,1,Wednesday,Clothing,15169.3,16507.192000000003,49521.58,45507.9,4013.68
TXN-102297,2026-02-01 12:02:00,STR-100,CUST-5191,PRD-1037,4,1918.22,0.15,6521.95,Debit Card,Mobile App,,2026-02-01,2026,2,Sunday,Clothing,1442.39,1630.487,6521.95,5769.56,752.39
TXN-102298,2026-01-18 21:45:00,STR-109,CUST-5193,PRD-1015,5,9568.8,0.2,38275.2,Debit Card,Mobile App,,2026-01-18,2026,1,Sunday,Clothing,5723.93,7655.04,38275.2,28619.65,9655.55
TXN-102299,2026-06-20 19:04:00,STR-105,CUST-5044,PRD-1000,3,1111.79,0.05,3168.6,UPI,Online,,2026-06-20,2026,6,Saturday,Electronics,681.81,1056.2005,3168.6,2045.43,1123.17
TXN-102300,2026-01-10 20:37:00,STR-104,CUST-5165,PRD-1039,5,3644.72,0.2,14578.88,Cash,Online,,2026-01-10,2026,1,Saturday,Clothing,2403.02,2915.776,14578.88,12015.1,2563.78
TXN-102301,2026-05-07 18:14:00,STR-110,CUST-5016,PRD-1025,5,12590.63,0.2,50362.52,Credit Card,Online,,2026-05-07,2026,5,Thursday,Sports & Outdoors,9113.47,10072.504,50362.52,45567.35,4795.17
TXN-102302,2026-04-17 14:38:00,STR-108,CUST-5191,PRD-1037,4,1918.22,0.0,7672.88,Debit Card,In-Store,,2026-04-17,2026,4,Friday,Clothing,1442.39,1918.22,7672.88,5769.56,1903.32
TXN-102303,2026-02-08 11:31:00,STR-104,CUST-5012,PRD-1026,4,15872.06,0.0,63488.24,Net Banking,Online,,2026-02-08,2026,2,Sunday,Clothing,11621.18,15872.06,63488.24,46484.72,17003.52
TXN-102304,2026-03-01 21:11:00,STR-112,CUST-5082,PRD-1036,3,22028.56,0.05,62781.4,Net Banking,In-Store,,2026-03-01,2026,3,Sunday,Home & Kitchen,16329.4,20927.132,62781.4,48988.2,13793.2
TXN-102305,2026-06-02 12:37:00,STR-109,CUST-5029,PRD-1013,5,24637.91,0.2,98551.64,Cash,Online,,2026-06-02,2026,6,Tuesday,Home & Kitchen,18397.7,19710.328,98551.64,91988.5,6563.14
TXN-102306,2026-02-12 14:54:00,STR-110,CUST-5035,PRD-1000,1,1111.79,0.1,1000.61,UPI,In-Store,,2026-02-12,2026,2,Thursday,Electronics,681.81,1000.611,1000.61,681.81,318.8
TXN-102307,2026-04-28 21:57:00,STR-108,CUST-5043,PRD-1029,1,17201.59,0.2,13761.27,UPI,In-Store,,2026-04-28,2026,4,Tuesday,Electronics,11585.33,13761.272,13761.27,11585.33,2175.94
TXN-102308,2026-06-19 18:42:00,STR-100,CUST-5161,PRD-1026,1,15872.06,0.05,15078.46,Debit Card,In-Store,,2026-06-19,2026,6,Friday,Clothing,11621.18,15078.456999999999,15078.46,11621.18,3457.28
TXN-102309,2026-04-05 18:44:00,STR-112,CUST-5157,PRD-1034,1,9660.26,0.05,9177.25,Cash,Mobile App,,2026-04-05,2026,4,Sunday,Clothing,5672.08,9177.247,9177.25,5672.08,3505.17
TXN-102310,2026-04-25 10:57:00,STR-101,CUST-5021,PRD-1038,5,18431.47,0.2,73725.88,Net Banking,In-Store,,2026-04-25,2026,4,Saturday,Electronics,13596.63,14745.176000000001,73725.88,67983.15,5742.73
TXN-102311,2026-06-10 17:18:00,STR-114,CUST-5169,PRD-1046,5,2150.38,0.2,8601.52,Cash,In-Store,,2026-06-10,2026,6,Wednesday,Clothing,1198.25,1720.304,8601.52,5991.25,2610.27
TXN-102312,2026-03-08 12:34:00,STR-102,CUST-5041,PRD-1004,5,18042.2,0.15,76679.35,UPI,Online,,2026-03-08,2026,3,Sunday,Clothing,12833.5,15335.87,76679.35,64167.5,12511.85
TXN-102313,2026-03-01 17:28:00,STR-108,CUST-5095,PRD-1022,5,6988.83,0.2,27955.32,Net Banking,In-Store,,2026-03-01,2026,3,Sunday,Clothing,4240.29,5591.064,27955.32,21201.45,6753.87
TXN-102314,2026-01-07 12:34:00,STR-100,CUST-5107,PRD-1034,2,9660.26,0.0,19320.52,Net Banking,Online,,2026-01-07,2026,1,Wednesday,Clothing,5672.08,9660.26,19320.52,11344.16,7976.36
TXN-102315,2026-02-18 14:36:00,STR-101,CUST-5076,PRD-1030,1,3232.14,0.05,3070.53,Cash,Online,,2026-02-18,2026,2,Wednesday,Home & Kitchen,2100.88,3070.533,3070.53,2100.88,969.65
TXN-102316,2026-05-11 15:43:00,STR-113,CUST-5151,PRD-1005,1,11505.07,0.05,10929.82,Debit Card,In-Store,,2026-05-11,2026,5,Monday,Clothing,7063.93,10929.816499999999,10929.82,7063.93,3865.89
TXN-102317,2026-05-10 10:29:00,STR-111,CUST-5192,PRD-1038,4,18431.47,0.2,58980.7,Net Banking,Mobile App,,2026-05-10,2026,5,Sunday,Electronics,13596.63,14745.176000000001,58980.7,54386.52,4594.18
TXN-102318,2026-03-10 08:37:00,STR-105,CUST-5058,PRD-1042,4,10274.71,0.0,41098.84,UPI,Online,,2026-03-10,2026,3,Tuesday,Home & Kitchen,7238.41,10274.71,41098.84,28953.64,12145.2
TXN-102319,2026-01-29 13:27:00,STR-100,CUST-5126,PRD-1005,5,11505.07,0.15,48896.55,Cash,Mobile App,,2026-01-29,2026,1,Thursday,Clothing,7063.93,9779.3095,48896.55,35319.65,13576.9
TXN-102320,2026-03-14 18:57:00,STR-112,CUST-5176,PRD-1015,2,9568.8,0.15,16266.96,Cash,Mobile App,,2026-03-14,2026,3,Saturday,Clothing,5723.93,8133.48,16266.96,11447.86,4819.1
TXN-102321,2026-04-01 09:49:00,STR-114,CUST-5117,PRD-1014,3,7309.63,0.15,18639.56,Cash,Mobile App,,2026-04-01,2026,4,Wednesday,Beauty & Care,5089.02,6213.1855,18639.56,15267.06,3372.5
TXN-102322,2026-03-16 18:02:00,STR-114,CUST-5154,PRD-1042,4,10274.71,0.05,39043.9,Net Banking,Mobile App,,2026-03-16,2026,3,Monday,Home & Kitchen,7238.41,9760.974499999998,39043.9,28953.64,10090.26
TXN-102323,2026-04-07 14:34:00,STR-103,CUST-5184,PRD-1040,3,6993.15,0.2,16783.56,Debit Card,Mobile App,,2026-04-07,2026,4,Tuesday,Clothing,5249.48,5594.52,16783.56,15748.44,1035.12
TXN-102324,2026-04-26 16:19:00,STR-102,CUST-5016,PRD-1027,1,2055.49,0.1,1849.94,Net Banking,In-Store,,2026-04-26,2026,4,Sunday,Sports & Outdoors,1310.93,1849.9409999999998,1849.94,1310.93,539.01
TXN-102325,2026-01-27 14:09:00,STR-102,CUST-5091,PRD-1009,5,20274.45,0.1,91235.03,Cash,In-Store,,2026-01-27,2026,1,Tuesday,Home & Kitchen,14553.78,18247.005,91235.02,72768.9,18466.12
TXN-102326,2026-05-19 16:08:00,STR-100,CUST-5128,PRD-1040,4,6993.15,0.1,25175.34,Cash,In-Store,,2026-05-19,2026,5,Tuesday,Clothing,5249.48,6293.835,25175.34,20997.92,4177.42
TXN-102327,2026-05-17 19:32:00,STR-103,CUST-5157,PRD-1017,5,11824.84,0.15,50255.57,UPI,Online,,2026-05-17,2026,5,Sunday,Clothing,7237.84,10051.114,50255.57,36189.2,14066.37
TXN-102328,2026-05-03 10:48:00,STR-108,CUST-5113,PRD-1008,3,2868.65,0.15,7315.06,Cash,Mobile App,,2026-05-03,2026,5,Sunday,Beauty & Care,2136.93,2438.3525,7315.06,6410.79,904.27
TXN-102329,2026-06-09 21:04:00,STR-101,CUST-5076,PRD-1004,4,18042.2,0.0,72168.8,UPI,In-Store,,2026-06-09,2026,6,Tuesday,Clothing,12833.5,18042.2,72168.8,51334.0,20834.8
TXN-102330,2026-04-02 18:48:00,STR-109,CUST-5163,PRD-1007,5,23951.68,0.05,113770.48,Credit Card,In-Store,,2026-04-02,2026,4,Thursday,Clothing,15027.69,22754.095999999998,113770.48,75138.45,38632.03
TXN-102331,2026-03-01 11:30:00,STR-111,CUST-5104,PRD-1045,4,14916.37,0.0,59665.48,UPI,Online,,2026-03-01,2026,3,Sunday,Clothing,8228.67,14916.37,59665.48,32914.68,26750.8
TXN-102332,2026-03-07 13:35:00,STR-108,CUST-5024,PRD-1011,2,20820.24,0.0,41640.48,Net Banking,Online,,2026-03-07,2026,3,Saturday,Home & Kitchen,14413.01,20820.24,41640.48,28826.02,12814.46
TXN-102333,2026-04-03 12:48:00,STR-104,CUST-5126,PRD-1049,1,12079.91,0.05,11475.91,Credit Card,Online,,2026-04-03,2026,4,Friday,Sports & Outdoors,8823.92,11475.914499999999,11475.91,8823.92,2651.99
TXN-102334,2026-04-20 13:41:00,STR-100,CUST-5049,PRD-1007,5,23951.68,0.0,119758.4,Debit Card,Online,,2026-04-20,2026,4,Monday,Clothing,15027.69,23951.68,119758.4,75138.45,44619.95
TXN-102335,2026-04-13 21:04:00,STR-107,CUST-5193,PRD-1001,5,18543.28,0.15,78808.94,Net Banking,Mobile App,,2026-04-13,2026,4,Monday,Clothing,13084.9,15761.787999999999,78808.94,65424.5,13384.44
TXN-102336,2026-06-29 12:38:00,STR-108,CUST-5146,PRD-1004,5,18042.2,0.05,85700.45,Cash,Mobile App,,2026-06-29,2026,6,Monday,Clothing,12833.5,17140.09,85700.45,64167.5,21532.95
TXN-102337,2026-01-01 21:25:00,STR-107,CUST-5141,PRD-1002,5,14966.66,0.2,59866.64,Credit Card,In-Store,,2026-01-01,2026,1,Thursday,Electronics,8341.07,11973.328000000001,59866.64,41705.35,18161.29
TXN-102338,2026-03-11 14:33:00,STR-113,CUST-5026,PRD-1017,1,11824.84,0.15,10051.11,Credit Card,Online,,2026-03-11,2026,3,Wednesday,Clothing,7237.84,10051.114,10051.11,7237.84,2813.27
TXN-102339,2026-06-10 14:16:00,STR-108,CUST-5108,PRD-1039,2,3644.72,0.15,6196.02,Cash,Mobile App,,2026-06-10,2026,6,Wednesday,Clothing,2403.02,3098.0119999999997,6196.02,4806.04,1389.98
TXN-102340,2026-06-28 17:25:00,STR-111,CUST-5158,PRD-1034,5,9660.26,0.05,45886.24,Cash,Online,,2026-06-28,2026,6,Sunday,Clothing,5672.08,9177.247,45886.24,28360.4,17525.84
TXN-102341,2026-05-26 12:44:00,STR-114,CUST-5023,PRD-1019,5,20633.99,0.15,87694.46,Debit Card,Online,,2026-05-26,2026,5,Tuesday,Clothing,15169.3,17538.8915,87694.46,75846.5,11847.96
TXN-102342,2026-06-18 08:07:00,STR-101,CUST-5157,PRD-1037,3,1918.22,0.1,5179.19,Credit Card,Mobile App,,2026-06-18,2026,6,Thursday,Clothing,1442.39,1726.3980000000001,5179.19,4327.17,852.02
TXN-102343,2026-06-25 20:30:00,STR-105,CUST-5063,PRD-1038,2,18431.47,0.0,36862.94,Net Banking,Mobile App,,2026-06-25,2026,6,Thursday,Electronics,13596.63,18431.47,36862.94,27193.26,9669.68
TXN-102344,2026-01-19 15:05:00,STR-106,CUST-5174,PRD-1002,3,14966.66,0.0,44899.98,UPI,In-Store,,2026-01-19,2026,1,Monday,Electronics,8341.07,14966.66,44899.98,25023.21,19876.77
TXN-102345,2026-04-12 11:26:00,STR-105,CUST-5063,PRD-1038,5,18431.47,0.2,73725.88,Net Banking,Mobile App,,2026-04-12,2026,4,Sunday,Electronics,13596.63,14745.176000000001,73725.88,67983.15,5742.73
TXN-102346,2026-05-12 17:16:00,STR-105,CUST-5095,PRD-1041,2,23258.31,0.0,46516.62,Cash,In-Store,,2026-05-12,2026,5,Tuesday,Clothing,16832.29,23258.31,46516.62,33664.58,12852.04
TXN-102347,2026-01-13 08:38:00,STR-110,CUST-5166,PRD-1024,4,9368.27,0.0,37473.08,Cash,Online,,2026-01-13,2026,1,Tuesday,Beauty & Care,7301.49,9368.27,37473.08,29205.96,8267.12
TXN-102348,2026-05-29 12:11:00,STR-100,CUST-5075,PRD-1008,3,2868.65,0.2,6884.76,Net Banking,Online,,2026-05-29,2026,5,Friday,Beauty & Care,2136.93,2294.92,6884.76,6410.79,473.97
TXN-102349,2026-06-07 14:27:00,STR-107,CUST-5105,PRD-1043,3,22540.44,0.2,54097.06,UPI,Online,,2026-06-07,2026,6,Sunday,Beauty & Care,14737.88,18032.352,54097.06,44213.64,9883.42
TXN-102350,2026-01-04 21:50:00,STR-114,CUST-5079,PRD-1027,3,2055.49,0.05,5858.15,Debit Card,Online,,2026-01-04,2026,1,Sunday,Sports & Outdoors,1310.93,1952.7154999999998,5858.15,3932.79,1925.36
TXN-102351,2026-03-29 16:57:00,STR-100,CUST-5146,PRD-1023,4,6936.43,0.15,23583.86,Net Banking,Online,,2026-03-29,2026,3,Sunday,Sports & Outdoors,4747.67,5895.9655,23583.86,18990.68,4593.18
TXN-102352,2026-02-19 20:32:00,STR-112,CUST-5155,PRD-1049,3,12079.91,0.05,34427.74,UPI,Online,,2026-02-19,2026,2,Thursday,Sports & Outdoors,8823.92,11475.914499999999,34427.74,26471.76,7955.98
TXN-102353,2026-03-08 20:25:00,STR-114,CUST-5097,PRD-1008,2,2868.65,0.1,5163.57,Credit Card,Mobile App,,2026-03-08,2026,3,Sunday,Beauty & Care,2136.93,2581.7850000000003,5163.57,4273.86,889.71
TXN-102354,2026-06-29 12:03:00,STR-101,CUST-5101,PRD-1011,4,20820.24,0.1,74952.86,Debit Card,Mobile App,,2026-06-29,2026,6,Monday,Home & Kitchen,14413.01,18738.216,74952.86,57652.04,17300.82
TXN-102355,2026-01-14 08:44:00,STR-114,CUST-5172,PRD-1038,3,18431.47,0.05,52529.69,Net Banking,In-Store,,2026-01-14,2026,1,Wednesday,Electronics,13596.63,17509.8965,52529.69,40789.89,11739.8
TXN-102356,2026-02-08 12:11:00,STR-112,CUST-5115,PRD-1011,1,20820.24,0.05,19779.23,Net Banking,Online,,2026-02-08,2026,2,Sunday,Home & Kitchen,14413.01,19779.228,19779.23,14413.01,5366.22
TXN-102357,2026-04-13 10:48:00,STR-105,CUST-5156,PRD-1044,4,2067.7,0.1,7443.72,UPI,Online,,2026-04-13,2026,4,Monday,Clothing,1147.24,1860.9299999999998,7443.72,4588.96,2854.76
TXN-102358,2026-02-15 12:45:00,STR-101,CUST-5023,PRD-1001,1,18543.28,0.0,18543.28,Debit Card,Mobile App,,2026-02-15,2026,2,Sunday,Clothing,13084.9,18543.28,18543.28,13084.9,5458.38
TXN-102359,2026-06-13 14:03:00,STR-100,CUST-5194,PRD-1016,5,15423.32,0.2,61693.28,Cash,In-Store,,2026-06-13,2026,6,Saturday,Electronics,9089.92,12338.656,61693.28,45449.6,16243.68
TXN-102360,2026-05-13 14:30:00,STR-111,CUST-5126,PRD-1006,4,17604.11,0.2,56333.15,Cash,In-Store,,2026-05-13,2026,5,Wednesday,Clothing,11059.92,14083.288,56333.15,44239.68,12093.47
TXN-102361,2026-05-28 17:56:00,STR-105,CUST-5113,PRD-1012,1,5210.26,0.05,4949.75,UPI,Online,,2026-05-28,2026,5,Thursday,Sports & Outdoors,2949.0,4949.747,4949.75,2949.0,2000.75
TXN-102362,2026-03-09 21:10:00,STR-110,CUST-5108,PRD-1028,2,6658.9,0.15,11320.13,UPI,In-Store,,2026-03-09,2026,3,Monday,Sports & Outdoors,4509.69,5660.065,11320.13,9019.38,2300.75
TXN-102363,2026-01-14 11:33:00,STR-104,CUST-5058,PRD-1046,1,2150.38,0.05,2042.86,Net Banking,Online,,2026-01-14,2026,1,Wednesday,Clothing,1198.25,2042.861,2042.86,1198.25,844.61
TXN-102364,2026-06-28 17:46:00,STR-106,CUST-5192,PRD-1014,4,7309.63,0.1,26314.67,Cash,In-Store,,2026-06-28,2026,6,Sunday,Beauty & Care,5089.02,6578.667,26314.67,20356.08,5958.59
TXN-102365,2026-06-12 10:23:00,STR-104,CUST-5131,PRD-1029,5,17201.59,0.1,77407.15,Credit Card,Online,,2026-06-12,2026,6,Friday,Electronics,11585.33,15481.431,77407.16,57926.65,19480.51
TXN-102366,2026-06-27 20:14:00,STR-108,CUST-5083,PRD-1008,1,2868.65,0.2,2294.92,Debit Card,Online,,2026-06-27,2026,6,Saturday,Beauty & Care,2136.93,2294.92,2294.92,2136.93,157.99
TXN-102367,2026-01-09 18:27:00,STR-104,CUST-5078,PRD-1048,3,13710.77,0.0,41132.31,Debit Card,Online,,2026-01-09,2026,1,Friday,Clothing,9822.0,13710.77,41132.31,29466.0,11666.31
TXN-102368,2026-02-07 21:12:00,STR-113,CUST-5019,PRD-1041,4,23258.31,0.1,83729.92,UPI,In-Store,,2026-02-07,2026,2,Saturday,Clothing,16832.29,20932.479000000003,83729.92,67329.16,16400.76
TXN-102369,2026-03-15 20:34:00,STR-109,CUST-5195,PRD-1012,2,5210.26,0.15,8857.44,Net Banking,Mobile App,,2026-03-15,2026,3,Sunday,Sports & Outdoors,2949.0,4428.7210000000005,8857.44,5898.0,2959.44
TXN-102370,2026-04-23 20:25:00,STR-112,CUST-5052,PRD-1039,1,3644.72,0.15,3098.01,Credit Card,Mobile App,,2026-04-23,2026,4,Thursday,Clothing,2403.02,3098.0119999999997,3098.01,2403.02,694.99
TXN-102371,2026-02-13 08:12:00,STR-113,CUST-5142,PRD-1018,2,17272.73,0.15,29363.64,Cash,Online,,2026-02-13,2026,2,Friday,Clothing,12848.42,14681.8205,29363.64,25696.84,3666.8
TXN-102372,2026-05-02 13:45:00,STR-100,CUST-5167,PRD-1043,2,22540.44,0.0,45080.88,Cash,In-Store,,2026-05-02,2026,5,Saturday,Beauty & Care,14737.88,22540.44,45080.88,29475.76,15605.12
TXN-102373,2026-03-05 21:02:00,STR-104,CUST-5084,PRD-1004,5,18042.2,0.15,76679.35,Credit Card,In-Store,,2026-03-05,2026,3,Thursday,Clothing,12833.5,15335.87,76679.35,64167.5,12511.85
TXN-102374,2026-03-25 19:34:00,STR-108,CUST-5037,PRD-1024,5,9368.27,0.05,44499.28,Debit Card,Mobile App,,2026-03-25,2026,3,Wednesday,Beauty & Care,7301.49,8899.8565,44499.28,36507.45,7991.83
TXN-102375,2026-03-20 08:02:00,STR-113,CUST-5179,PRD-1014,3,7309.63,0.05,20832.45,UPI,Mobile App,,2026-03-20,2026,3,Friday,Beauty & Care,5089.02,6944.148499999999,20832.45,15267.06,5565.39
TXN-102376,2026-05-02 16:18:00,STR-108,CUST-5017,PRD-1004,4,18042.2,0.15,61343.48,Net Banking,Online,,2026-05-02,2026,5,Saturday,Clothing,12833.5,15335.87,61343.48,51334.0,10009.48
TXN-102377,2026-03-07 18:23:00,STR-104,CUST-5067,PRD-1011,3,20820.24,0.1,56214.65,Net Banking,In-Store,,2026-03-07,2026,3,Saturday,Home & Kitchen,14413.01,18738.216,56214.65,43239.03,12975.62
TXN-102378,2026-04-03 19:04:00,STR-107,CUST-5154,PRD-1034,2,9660.26,0.2,15456.42,Cash,In-Store,,2026-04-03,2026,4,Friday,Clothing,5672.08,7728.2080000000005,15456.42,11344.16,4112.26
TXN-102379,2026-01-04 18:43:00,STR-110,CUST-5193,PRD-1028,5,6658.9,0.0,33294.5,Debit Card,In-Store,,2026-01-04,2026,1,Sunday,Sports & Outdoors,4509.69,6658.9,33294.5,22548.45,10746.05
TXN-102380,2026-02-07 16:29:00,STR-108,CUST-5131,PRD-1041,5,23258.31,0.0,116291.55,Debit Card,Mobile App,,2026-02-07,2026,2,Saturday,Clothing,16832.29,23258.31,116291.55,84161.45,32130.1
TXN-102381,2026-05-26 17:27:00,STR-109,CUST-5135,PRD-1047,4,13096.34,0.2,41908.29,Cash,In-Store,,2026-05-26,2026,5,Tuesday,Electronics,8041.8,10477.072,41908.29,32167.2,9741.09
TXN-102382,2026-03-20 13:30:00,STR-109,CUST-5179,PRD-1048,5,13710.77,0.0,68553.85,Credit Card,Online,,2026-03-20,2026,3,Friday,Clothing,9822.0,13710.77,68553.85,49110.0,19443.85
TXN-102383,2026-06-24 10:16:00,STR-106,CUST-5059,PRD-1006,3,17604.11,0.15,44890.48,UPI,In-Store,,2026-06-24,2026,6,Wednesday,Clothing,11059.92,14963.4935,44890.48,33179.76,11710.72
TXN-102384,2026-04-08 19:16:00,STR-102,CUST-5068,PRD-1046,5,2150.38,0.2,8601.52,Credit Card,In-Store,,2026-04-08,2026,4,Wednesday,Clothing,1198.25,1720.304,8601.52,5991.25,2610.27
TXN-102385,2026-04-26 10:33:00,STR-103,CUST-5060,PRD-1035,2,15173.74,0.2,24277.98,Cash,In-Store,,2026-04-26,2026,4,Sunday,Electronics,10050.77,12138.992,24277.98,20101.54,4176.44
TXN-102386,2026-05-08 08:25:00,STR-114,CUST-5040,PRD-1009,1,20274.45,0.2,16219.56,Cash,In-Store,,2026-05-08,2026,5,Friday,Home & Kitchen,14553.78,16219.560000000001,16219.56,14553.78,1665.78
TXN-102387,2026-01-13 19:36:00,STR-108,CUST-5054,PRD-1011,5,20820.24,0.2,83280.96,Credit Card,In-Store,,2026-01-13,2026,1,Tuesday,Home & Kitchen,14413.01,16656.192000000003,83280.96,72065.05,11215.91
TXN-102388,2026-01-04 10:14:00,STR-102,CUST-5000,PRD-1007,1,23951.68,0.0,23951.68,UPI,In-Store,,2026-01-04,2026,1,Sunday,Clothing,15027.69,23951.68,23951.68,15027.69,8923.99
TXN-102389,2026-04-29 14:24:00,STR-101,CUST-5011,PRD-1044,5,2067.7,0.15,8787.73,UPI,Mobile App,,2026-04-29,2026,4,Wednesday,Clothing,1147.24,1757.5449999999998,8787.72,5736.2,3051.52
TXN-102390,2026-06-23 15:45:00,STR-106,CUST-5031,PRD-1040,5,6993.15,0.2,27972.6,UPI,Mobile App,,2026-06-23,2026,6,Tuesday,Clothing,5249.48,5594.52,27972.6,26247.4,1725.2
TXN-102391,2026-04-06 14:50:00,STR-101,CUST-5073,PRD-1005,3,11505.07,0.05,32789.45,UPI,Mobile App,,2026-04-06,2026,4,Monday,Clothing,7063.93,10929.816499999999,32789.45,21191.79,11597.66
TXN-102392,2026-03-23 18:15:00,STR-110,CUST-5021,PRD-1015,5,9568.8,0.1,43059.6,Cash,Mobile App,,2026-03-23,2026,3,Monday,Clothing,5723.93,8611.92,43059.6,28619.65,14439.95
TXN-102393,2026-03-12 14:50:00,STR-112,CUST-5196,PRD-1048,1,13710.77,0.15,11654.15,Cash,Mobile App,,2026-03-12,2026,3,Thursday,Clothing,9822.0,11654.1545,11654.15,9822.0,1832.15
TXN-102394,2026-03-21 14:55:00,STR-109,CUST-5080,PRD-1008,2,2868.65,0.1,5163.57,UPI,In-Store,,2026-03-21,2026,3,Saturday,Beauty & Care,2136.93,2581.7850000000003,5163.57,4273.86,889.71
TXN-102395,2026-04-28 21:48:00,STR-106,CUST-5046,PRD-1000,2,1111.79,0.0,2223.58,UPI,Online,,2026-04-28,2026,4,Tuesday,Electronics,681.81,1111.79,2223.58,1363.62,859.96
TXN-102396,2026-04-08 15:53:00,STR-101,CUST-5084,PRD-1017,3,11824.84,0.2,28379.62,UPI,Mobile App,,2026-04-08,2026,4,Wednesday,Clothing,7237.84,9459.872000000001,28379.62,21713.52,6666.1
TXN-102397,2026-06-21 14:27:00,STR-104,CUST-5023,PRD-1002,4,14966.66,0.15,50886.64,UPI,In-Store,,2026-06-21,2026,6,Sunday,Electronics,8341.07,12721.661,50886.64,33364.28,17522.36
TXN-102398,2026-03-18 21:05:00,STR-111,CUST-5023,PRD-1041,4,23258.31,0.1,83729.92,Credit Card,Online,,2026-03-18,2026,3,Wednesday,Clothing,16832.29,20932.479000000003,83729.92,67329.16,16400.76
TXN-102399,2026-03-24 09:25:00,STR-109,CUST-5151,PRD-1000,4,1111.79,0.2,3557.73,Debit Card,Mobile App,,2026-03-24,2026,3,Tuesday,Electronics,681.81,889.432,3557.73,2727.24,830.49
TXN-102400,2026-06-07 08:23:00,STR-112,CUST-5143,PRD-1030,1,3232.14,0.2,2585.71,Credit Card,Online,,2026-06-07,2026,6,Sunday,Home & Kitchen,2100.88,2585.712,2585.71,2100.88,484.83
TXN-102401,2026-03-17 16:09:00,STR-106,CUST-5136,PRD-1026,5,15872.06,0.05,75392.29,Cash,Mobile App,,2026-03-17,2026,3,Tuesday,Clothing,11621.18,15078.456999999999,75392.28,58105.9,17286.38
TXN-102402,2026-04-10 17:29:00,STR-112,CUST-5003,PRD-1039,4,3644.72,0.05,13849.94,Cash,In-Store,,2026-04-10,2026,4,Friday,Clothing,2403.02,3462.4839999999995,13849.94,9612.08,4237.86
TXN-102403,2026-05-23 16:57:00,STR-110,CUST-5144,PRD-1034,4,9660.26,0.2,30912.83,UPI,Online,,2026-05-23,2026,5,Saturday,Clothing,5672.08,7728.2080000000005,30912.83,22688.32,8224.51
TXN-102404,2026-01-19 13:01:00,STR-105,CUST-5151,PRD-1033,4,21120.74,0.2,67586.37,Net Banking,In-Store,,2026-01-19,2026,1,Monday,Home & Kitchen,14082.52,16896.592,67586.37,56330.08,11256.29
TXN-102405,2026-05-26 15:57:00,STR-106,CUST-5005,PRD-1023,4,6936.43,0.0,27745.72,Cash,In-Store,,2026-05-26,2026,5,Tuesday,Sports & Outdoors,4747.67,6936.43,27745.72,18990.68,8755.04
TXN-102406,2026-02-03 14:56:00,STR-111,CUST-5195,PRD-1008,1,2868.65,0.0,2868.65,Debit Card,Online,,2026-02-03,2026,2,Tuesday,Beauty & Care,2136.93,2868.65,2868.65,2136.93,731.72
TXN-102407,2026-05-24 21:55:00,STR-102,CUST-5097,PRD-1040,5,6993.15,0.2,27972.6,UPI,Online,,2026-05-24,2026,5,Sunday,Clothing,5249.48,5594.52,27972.6,26247.4,1725.2
TXN-102408,2026-05-27 13:59:00,STR-102,CUST-5018,PRD-1005,5,11505.07,0.0,57525.35,Net Banking,Online,,2026-05-27,2026,5,Wednesday,Clothing,7063.93,11505.07,57525.35,35319.65,22205.7
TXN-102409,2026-01-31 15:31:00,STR-107,CUST-5074,PRD-1021,5,5708.56,0.1,25688.52,UPI,Mobile App,,2026-01-31,2026,1,Saturday,Home & Kitchen,3795.18,5137.704000000001,25688.52,18975.9,6712.62
TXN-102410,2026-03-17 14:38:00,STR-102,CUST-5019,PRD-1047,2,13096.34,0.15,22263.78,UPI,Mobile App,,2026-03-17,2026,3,Tuesday,Electronics,8041.8,11131.889,22263.78,16083.6,6180.18
TXN-102411,2026-03-13 09:38:00,STR-111,CUST-5151,PRD-1043,5,22540.44,0.05,107067.09,Net Banking,In-Store,,2026-03-13,2026,3,Friday,Beauty & Care,14737.88,21413.417999999998,107067.09,73689.4,33377.69
TXN-102412,2026-02-11 10:38:00,STR-107,CUST-5085,PRD-1027,3,2055.49,0.05,5858.15,Cash,Mobile App,,2026-02-11,2026,2,Wednesday,Sports & Outdoors,1310.93,1952.7154999999998,5858.15,3932.79,1925.36
TXN-102413,2026-03-09 19:46:00,STR-105,CUST-5068,PRD-1004,4,18042.2,0.0,72168.8,Credit Card,In-Store,,2026-03-09,2026,3,Monday,Clothing,12833.5,18042.2,72168.8,51334.0,20834.8
TXN-102414,2026-04-06 15:53:00,STR-113,CUST-5011,PRD-1035,3,15173.74,0.1,40969.1,Debit Card,Online,,2026-04-06,2026,4,Monday,Electronics,10050.77,13656.366,40969.1,30152.31,10816.79
TXN-102415,2026-01-01 21:36:00,STR-102,CUST-5032,PRD-1049,5,12079.91,0.05,57379.57,Debit Card,Online,,2026-01-01,2026,1,Thursday,Sports & Outdoors,8823.92,11475.914499999999,57379.57,44119.6,13259.97
TXN-102416,2026-01-13 09:40:00,STR-106,CUST-5056,PRD-1000,5,1111.79,0.0,5558.95,Debit Card,Online,,2026-01-13,2026,1,Tuesday,Electronics,681.81,1111.79,5558.95,3409.05,2149.9
TXN-102417,2026-02-13 11:52:00,STR-102,CUST-5071,PRD-1017,1,11824.84,0.15,10051.11,Net Banking,In-Store,,2026-02-13,2026,2,Friday,Clothing,7237.84,10051.114,10051.11,7237.84,2813.27
TXN-102418,2026-06-06 13:56:00,STR-111,CUST-5071,PRD-1032,2,19167.84,0.2,30668.54,UPI,In-Store,,2026-06-06,2026,6,Saturday,Sports & Outdoors,12780.48,15334.272,30668.54,25560.96,5107.58
TXN-102419,2026-06-16 21:33:00,STR-102,CUST-5041,PRD-1005,4,11505.07,0.2,36816.22,Debit Card,Mobile App,,2026-06-16,2026,6,Tuesday,Clothing,7063.93,9204.056,36816.22,28255.72,8560.5
TXN-102420,2026-02-04 14:04:00,STR-106,CUST-5138,PRD-1028,2,6658.9,0.0,13317.8,Debit Card,In-Store,,2026-02-04,2026,2,Wednesday,Sports & Outdoors,4509.69,6658.9,13317.8,9019.38,4298.42
TXN-102421,2026-03-31 16:41:00,STR-111,CUST-5192,PRD-1030,1,3232.14,0.0,3232.14,UPI,In-Store,,2026-03-31,2026,3,Tuesday,Home & Kitchen,2100.88,3232.14,3232.14,2100.88,1131.26
TXN-102422,2026-01-01 17:11:00,STR-113,CUST-5118,PRD-1007,5,23951.68,0.1,107782.56,UPI,Mobile App,,2026-01-01,2026,1,Thursday,Clothing,15027.69,21556.512000000002,107782.56,75138.45,32644.11
TXN-102423,2026-04-20 09:47:00,STR-114,CUST-5011,PRD-1005,3,11505.07,0.05,32789.45,Debit Card,In-Store,,2026-04-20,2026,4,Monday,Clothing,7063.93,10929.816499999999,32789.45,21191.79,11597.66
TXN-102424,2026-02-04 11:02:00,STR-100,CUST-5118,PRD-1028,1,6658.9,0.2,5327.12,UPI,Online,,2026-02-04,2026,2,Wednesday,Sports & Outdoors,4509.69,5327.12,5327.12,4509.69,817.43
TXN-102425,2026-01-02 15:16:00,STR-114,CUST-5179,PRD-1037,3,1918.22,0.0,5754.66,UPI,Mobile App,,2026-01-02,2026,1,Friday,Clothing,1442.39,1918.22,5754.66,4327.17,1427.49
TXN-102426,2026-03-25 19:18:00,STR-103,CUST-5165,PRD-1036,3,22028.56,0.2,52868.54,Credit Card,Mobile App,,2026-03-25,2026,3,Wednesday,Home & Kitchen,16329.4,17622.848,52868.54,48988.2,3880.34
TXN-102427,2026-06-01 16:36:00,STR-103,CUST-5105,PRD-1033,4,21120.74,0.15,71810.52,Debit Card,In-Store,,2026-06-01,2026,6,Monday,Home & Kitchen,14082.52,17952.629,71810.52,56330.08,15480.44
TXN-102428,2026-05-01 20:07:00,STR-106,CUST-5187,PRD-1038,3,18431.47,0.1,49764.97,UPI,Mobile App,,2026-05-01,2026,5,Friday,Electronics,13596.63,16588.323,49764.97,40789.89,8975.08
TXN-102429,2026-05-02 11:51:00,STR-104,CUST-5137,PRD-1046,5,2150.38,0.05,10214.31,UPI,In-Store,,2026-05-02,2026,5,Saturday,Clothing,1198.25,2042.861,10214.3,5991.25,4223.05
TXN-102430,2026-03-08 13:02:00,STR-102,CUST-5090,PRD-1049,1,12079.91,0.0,12079.91,Cash,Mobile App,,2026-03-08,2026,3,Sunday,Sports & Outdoors,8823.92,12079.91,12079.91,8823.92,3255.99
TXN-102431,2026-06-25 10:04:00,STR-107,CUST-5075,PRD-1039,4,3644.72,0.05,13849.94,Credit Card,Mobile App,,2026-06-25,2026,6,Thursday,Clothing,2403.02,3462.4839999999995,13849.94,9612.08,4237.86
TXN-102432,2026-05-15 20:56:00,STR-113,CUST-5061,PRD-1023,4,6936.43,0.1,24971.15,Debit Card,In-Store,,2026-05-15,2026,5,Friday,Sports & Outdoors,4747.67,6242.787,24971.15,18990.68,5980.47
TXN-102433,2026-04-14 21:17:00,STR-108,CUST-5111,PRD-1026,5,15872.06,0.0,79360.3,UPI,Mobile App,,2026-04-14,2026,4,Tuesday,Clothing,11621.18,15872.06,79360.3,58105.9,21254.4
TXN-102434,2026-05-31 16:14:00,STR-111,CUST-5064,PRD-1027,4,2055.49,0.05,7810.86,Debit Card,Mobile App,,2026-05-31,2026,5,Sunday,Sports & Outdoors,1310.93,1952.7154999999998,7810.86,5243.72,2567.14
TXN-102435,2026-03-19 10:20:00,STR-112,CUST-5058,PRD-1032,2,19167.84,0.2,30668.54,Net Banking,Mobile App,,2026-03-19,2026,3,Thursday,Sports & Outdoors,12780.48,15334.272,30668.54,25560.96,5107.58
TXN-102436,2026-05-19 08:21:00,STR-105,CUST-5013,PRD-1019,4,20633.99,0.05,78409.16,Net Banking,Online,,2026-05-19,2026,5,Tuesday,Clothing,15169.3,19602.2905,78409.16,60677.2,17731.96
TXN-102437,2026-04-03 15:39:00,STR-105,CUST-5090,PRD-1017,1,11824.84,0.15,10051.11,UPI,Online,,2026-04-03,2026,4,Friday,Clothing,7237.84,10051.114,10051.11,7237.84,2813.27
TXN-102438,2026-05-25 10:46:00,STR-113,CUST-5002,PRD-1025,2,12590.63,0.05,23922.2,Cash,In-Store,,2026-05-25,2026,5,Monday,Sports & Outdoors,9113.47,11961.098499999998,23922.2,18226.94,5695.26
TXN-102439,2026-01-28 08:31:00,STR-110,CUST-5179,PRD-1034,3,9660.26,0.1,26082.7,Debit Card,Mobile App,,2026-01-28,2026,1,Wednesday,Clothing,5672.08,8694.234,26082.7,17016.24,9066.46
TXN-102440,2026-03-01 09:05:00,STR-101,CUST-5118,PRD-1001,5,18543.28,0.0,92716.4,Cash,Online,,2026-03-01,2026,3,Sunday,Clothing,13084.9,18543.28,92716.4,65424.5,27291.9
TXN-102441,2026-02-06 13:51:00,STR-104,CUST-5180,PRD-1006,5,17604.11,0.0,88020.55,Net Banking,Mobile App,,2026-02-06,2026,2,Friday,Clothing,11059.92,17604.11,88020.55,55299.6,32720.95
TXN-102442,2026-02-13 18:01:00,STR-106,CUST-5183,PRD-1024,1,9368.27,0.05,8899.86,Cash,Online,,2026-02-13,2026,2,Friday,Beauty & Care,7301.49,8899.8565,8899.86,7301.49,1598.37
TXN-102443,2026-06-28 09:43:00,STR-102,CUST-5000,PRD-1014,3,7309.63,0.1,19736.0,UPI,Mobile App,,2026-06-28,2026,6,Sunday,Beauty & Care,5089.02,6578.667,19736.0,15267.06,4468.94
TXN-102444,2026-03-22 20:50:00,STR-114,CUST-5144,PRD-1008,2,2868.65,0.15,4876.7,Debit Card,In-Store,,2026-03-22,2026,3,Sunday,Beauty & Care,2136.93,2438.3525,4876.7,4273.86,602.84
TXN-102445,2026-06-29 08:05:00,STR-105,CUST-5028,PRD-1000,2,1111.79,0.15,1890.04,Debit Card,In-Store,,2026-06-29,2026,6,Monday,Electronics,681.81,945.0215,1890.04,1363.62,526.42
TXN-102446,2026-06-17 18:43:00,STR-109,CUST-5066,PRD-1046,2,2150.38,0.1,3870.68,Net Banking,Mobile App,,2026-06-17,2026,6,Wednesday,Clothing,1198.25,1935.342,3870.68,2396.5,1474.18
TXN-102447,2026-04-23 12:02:00,STR-113,CUST-5126,PRD-1039,3,3644.72,0.0,10934.16,UPI,Online,,2026-04-23,2026,4,Thursday,Clothing,2403.02,3644.72,10934.16,7209.06,3725.1
TXN-102448,2026-04-29 17:35:00,STR-100,CUST-5090,PRD-1045,2,14916.37,0.05,28341.1,Cash,Mobile App,,2026-04-29,2026,4,Wednesday,Clothing,8228.67,14170.5515,28341.1,16457.34,11883.76
TXN-102449,2026-06-20 20:53:00,STR-101,CUST-5012,PRD-1023,1,6936.43,0.05,6589.61,UPI,Online,,2026-06-20,2026,6,Saturday,Sports & Outdoors,4747.67,6589.6085,6589.61,4747.67,1841.94
TXN-102450,2026-03-19 20:46:00,STR-100,CUST-5052,PRD-1018,5,17272.73,0.05,82045.47,Cash,In-Store,,2026-03-19,2026,3,Thursday,Clothing,12848.42,16409.0935,82045.47,64242.1,17803.37
TXN-102451,2026-02-02 08:56:00,STR-103,CUST-5109,PRD-1000,3,1111.79,0.1,3001.83,UPI,Mobile App,,2026-02-02,2026,2,Monday,Electronics,681.81,1000.611,3001.83,2045.43,956.4
TXN-102452,2026-01-19 16:19:00,STR-110,CUST-5157,PRD-1039,3,3644.72,0.0,10934.16,UPI,In-Store,,2026-01-19,2026,1,Monday,Clothing,2403.02,3644.72,10934.16,7209.06,3725.1
TXN-102453,2026-06-07 10:34:00,STR-105,CUST-5088,PRD-1041,3,23258.31,0.2,55819.94,Credit Card,Online,,2026-06-07,2026,6,Sunday,Clothing,16832.29,18606.648,55819.94,50496.87,5323.07
TXN-102454,2026-02-07 08:23:00,STR-106,CUST-5018,PRD-1043,5,22540.44,0.1,101431.98,UPI,In-Store,,2026-02-07,2026,2,Saturday,Beauty & Care,14737.88,20286.396,101431.98,73689.4,27742.58
TXN-102455,2026-05-28 08:41:00,STR-100,CUST-5101,PRD-1026,4,15872.06,0.2,50790.59,Cash,Online,,2026-05-28,2026,5,Thursday,Clothing,11621.18,12697.648000000001,50790.59,46484.72,4305.87
TXN-102456,2026-05-20 14:45:00,STR-107,CUST-5122,PRD-1035,1,15173.74,0.0,15173.74,Debit Card,In-Store,,2026-05-20,2026,5,Wednesday,Electronics,10050.77,15173.74,15173.74,10050.77,5122.97
TXN-102457,2026-05-09 12:44:00,STR-110,CUST-5032,PRD-1049,2,12079.91,0.15,20535.85,Credit Card,Mobile App,,2026-05-09,2026,5,Saturday,Sports & Outdoors,8823.92,10267.923499999999,20535.85,17647.84,2888.01
TXN-102458,2026-03-20 17:44:00,STR-105,CUST-5057,PRD-1012,5,5210.26,0.1,23446.17,UPI,In-Store,,2026-03-20,2026,3,Friday,Sports & Outdoors,2949.0,4689.234,23446.17,14745.0,8701.17
TXN-102459,2026-04-07 20:54:00,STR-113,CUST-5040,PRD-1025,4,12590.63,0.15,42808.14,Debit Card,Online,,2026-04-07,2026,4,Tuesday,Sports & Outdoors,9113.47,10702.035499999998,42808.14,36453.88,6354.26
TXN-102460,2026-06-12 13:53:00,STR-100,CUST-5018,PRD-1000,2,1111.79,0.05,2112.4,Net Banking,In-Store,,2026-06-12,2026,6,Friday,Electronics,681.81,1056.2005,2112.4,1363.62,748.78
TXN-102461,2026-02-03 14:11:00,STR-104,CUST-5027,PRD-1024,3,9368.27,0.1,25294.33,Net Banking,Mobile App,,2026-02-03,2026,2,Tuesday,Beauty & Care,7301.49,8431.443000000001,25294.33,21904.47,3389.86
TXN-102462,2026-01-16 18:11:00,STR-110,CUST-5146,PRD-1016,2,15423.32,0.2,24677.31,Credit Card,In-Store,,2026-01-16,2026,1,Friday,Electronics,9089.92,12338.656,24677.31,18179.84,6497.47
TXN-102463,2026-01-25 09:00:00,STR-111,CUST-5008,PRD-1014,3,7309.63,0.1,19736.0,Cash,In-Store,,2026-01-25,2026,1,Sunday,Beauty & Care,5089.02,6578.667,19736.0,15267.06,4468.94
TXN-102464,2026-04-02 11:00:00,STR-110,CUST-5195,PRD-1041,4,23258.31,0.0,93033.24,Cash,Mobile App,,2026-04-02,2026,4,Thursday,Clothing,16832.29,23258.31,93033.24,67329.16,25704.08
TXN-102465,2026-03-04 08:09:00,STR-114,CUST-5029,PRD-1026,5,15872.06,0.1,71424.27,UPI,Online,,2026-03-04,2026,3,Wednesday,Clothing,11621.18,14284.854,71424.27,58105.9,13318.37
TXN-102466,2026-02-04 17:59:00,STR-100,CUST-5072,PRD-1025,4,12590.63,0.05,47844.39,Debit Card,Online,,2026-02-04,2026,2,Wednesday,Sports & Outdoors,9113.47,11961.098499999998,47844.39,36453.88,11390.51
TXN-102467,2026-05-20 15:20:00,STR-113,CUST-5144,PRD-1021,5,5708.56,0.2,22834.24,Credit Card,In-Store,,2026-05-20,2026,5,Wednesday,Home & Kitchen,3795.18,4566.848000000001,22834.24,18975.9,3858.34
TXN-102468,2026-04-19 12:10:00,STR-106,CUST-5011,PRD-1010,5,24341.31,0.2,97365.24,Credit Card,In-Store,,2026-04-19,2026,4,Sunday,Electronics,15506.95,19473.048000000003,97365.24,77534.75,19830.49
TXN-102469,2026-06-27 10:29:00,STR-105,CUST-5090,PRD-1026,2,15872.06,0.0,31744.12,Cash,In-Store,,2026-06-27,2026,6,Saturday,Clothing,11621.18,15872.06,31744.12,23242.36,8501.76
TXN-102470,2026-04-29 08:44:00,STR-109,CUST-5032,PRD-1004,3,18042.2,0.15,46007.61,UPI,Online,,2026-04-29,2026,4,Wednesday,Clothing,12833.5,15335.87,46007.61,38500.5,7507.11
TXN-102471,2026-02-11 11:45:00,STR-112,CUST-5140,PRD-1007,1,23951.68,0.1,21556.51,UPI,In-Store,,2026-02-11,2026,2,Wednesday,Clothing,15027.69,21556.512000000002,21556.51,15027.69,6528.82
TXN-102472,2026-01-26 18:50:00,STR-109,CUST-5185,PRD-1012,4,5210.26,0.05,19798.99,Credit Card,In-Store,,2026-01-26,2026,1,Monday,Sports & Outdoors,2949.0,4949.747,19798.99,11796.0,8002.99
TXN-102473,2026-05-14 17:58:00,STR-107,CUST-5185,PRD-1022,5,6988.83,0.0,34944.15,UPI,Mobile App,,2026-05-14,2026,5,Thursday,Clothing,4240.29,6988.83,34944.15,21201.45,13742.7
TXN-102474,2026-04-22 09:49:00,STR-101,CUST-5128,PRD-1023,5,6936.43,0.0,34682.15,Net Banking,In-Store,,2026-04-22,2026,4,Wednesday,Sports & Outdoors,4747.67,6936.43,34682.15,23738.35,10943.8
TXN-102475,2026-05-21 16:05:00,STR-111,CUST-5150,PRD-1034,3,9660.26,0.1,26082.7,Debit Card,Mobile App,,2026-05-21,2026,5,Thursday,Clothing,5672.08,8694.234,26082.7,17016.24,9066.46
TXN-102476,2026-02-12 19:44:00,STR-101,CUST-5097,PRD-1047,4,13096.34,0.15,44527.56,Cash,Mobile App,,2026-02-12,2026,2,Thursday,Electronics,8041.8,11131.889,44527.56,32167.2,12360.36
TXN-102477,2026-03-02 15:34:00,STR-112,CUST-5179,PRD-1002,1,14966.66,0.1,13469.99,Cash,In-Store,,2026-03-02,2026,3,Monday,Electronics,8341.07,13469.994,13469.99,8341.07,5128.92
TXN-102478,2026-06-05 10:32:00,STR-114,CUST-5148,PRD-1004,5,18042.2,0.15,76679.35,Net Banking,In-Store,,2026-06-05,2026,6,Friday,Clothing,12833.5,15335.87,76679.35,64167.5,12511.85
TXN-102479,2026-03-21 21:03:00,STR-110,CUST-5024,PRD-1032,3,19167.84,0.1,51753.17,Cash,In-Store,,2026-03-21,2026,3,Saturday,Sports & Outdoors,12780.48,17251.056,51753.17,38341.44,13411.73
TXN-102480,2026-01-01 08:11:00,STR-108,CUST-5054,PRD-1010,4,24341.31,0.05,92496.98,Cash,Online,,2026-01-01,2026,1,Thursday,Electronics,15506.95,23124.2445,92496.98,62027.8,30469.18
TXN-102481,2026-02-04 18:09:00,STR-100,CUST-5064,PRD-1034,2,9660.26,0.05,18354.49,UPI,Online,,2026-02-04,2026,2,Wednesday,Clothing,5672.08,9177.247,18354.49,11344.16,7010.33
TXN-102482,2026-06-17 11:46:00,STR-102,CUST-5191,PRD-1017,4,11824.84,0.1,42569.42,Cash,Mobile App,,2026-06-17,2026,6,Wednesday,Clothing,7237.84,10642.356,42569.42,28951.36,13618.06
TXN-102483,2026-04-03 17:38:00,STR-111,CUST-5050,PRD-1007,1,23951.68,0.15,20358.93,UPI,Mobile App,,2026-04-03,2026,4,Friday,Clothing,15027.69,20358.928,20358.93,15027.69,5331.24
TXN-102484,2026-01-10 18:13:00,STR-100,CUST-5070,PRD-1008,1,2868.65,0.05,2725.22,Credit Card,In-Store,,2026-01-10,2026,1,Saturday,Beauty & Care,2136.93,2725.2174999999997,2725.22,2136.93,588.29
TXN-102485,2026-05-08 13:54:00,STR-114,CUST-5032,PRD-1008,2,2868.65,0.15,4876.7,UPI,In-Store,,2026-05-08,2026,5,Friday,Beauty & Care,2136.93,2438.3525,4876.7,4273.86,602.84
TXN-102486,2026-02-03 16:05:00,STR-106,CUST-5085,PRD-1023,2,6936.43,0.0,13872.86,UPI,Online,,2026-02-03,2026,2,Tuesday,Sports & Outdoors,4747.67,6936.43,13872.86,9495.34,4377.52
TXN-102487,2026-01-01 18:52:00,STR-100,CUST-5088,PRD-1016,4,15423.32,0.05,58608.62,Cash,In-Store,,2026-01-01,2026,1,Thursday,Electronics,9089.92,14652.153999999999,58608.62,36359.68,22248.94
TXN-102488,2026-04-02 14:57:00,STR-109,CUST-5024,PRD-1028,4,6658.9,0.15,22640.26,Cash,Mobile App,,2026-04-02,2026,4,Thursday,Sports & Outdoors,4509.69,5660.065,22640.26,18038.76,4601.5
TXN-102489,2026-06-25 08:41:00,STR-102,CUST-5153,PRD-1014,2,7309.63,0.0,14619.26,UPI,Online,,2026-06-25,2026,6,Thursday,Beauty & Care,5089.02,7309.63,14619.26,10178.04,4441.22
TXN-102490,2026-03-18 14:55:00,STR-109,CUST-5010,PRD-1043,1,22540.44,0.15,19159.37,Credit Card,Mobile App,,2026-03-18,2026,3,Wednesday,Beauty & Care,14737.88,19159.374,19159.37,14737.88,4421.49
TXN-102491,2026-01-31 20:01:00,STR-104,CUST-5063,PRD-1047,5,13096.34,0.05,62207.61,Cash,Online,,2026-01-31,2026,1,Saturday,Electronics,8041.8,12441.523,62207.62,40209.0,21998.62
TXN-102492,2026-04-11 10:09:00,STR-109,CUST-5020,PRD-1004,5,18042.2,0.15,76679.35,Credit Card,In-Store,,2026-04-11,2026,4,Saturday,Clothing,12833.5,15335.87,76679.35,64167.5,12511.85
TXN-102493,2026-05-09 08:23:00,STR-106,CUST-5142,PRD-1026,4,15872.06,0.0,63488.24,Debit Card,Online,,2026-05-09,2026,5,Saturday,Clothing,11621.18,15872.06,63488.24,46484.72,17003.52
TXN-102494,2026-04-09 11:44:00,STR-106,CUST-5039,PRD-1025,4,12590.63,0.0,50362.52,UPI,Mobile App,,2026-04-09,2026,4,Thursday,Sports & Outdoors,9113.47,12590.63,50362.52,36453.88,13908.64
TXN-102495,2026-04-03 08:19:00,STR-109,CUST-5073,PRD-1032,4,19167.84,0.1,69004.22,Debit Card,Online,,2026-04-03,2026,4,Friday,Sports & Outdoors,12780.48,17251.056,69004.22,51121.92,17882.3
TXN-102496,2026-04-21 14:12:00,STR-110,CUST-5078,PRD-1041,1,23258.31,0.15,19769.56,Cash,In-Store,,2026-04-21,2026,4,Tuesday,Clothing,16832.29,19769.5635,19769.56,16832.29,2937.27
TXN-102497,2026-04-17 13:00:00,STR-104,CUST-5165,PRD-1045,2,14916.37,0.2,23866.19,Cash,Online,,2026-04-17,2026,4,Friday,Clothing,8228.67,11933.096000000001,23866.19,16457.34,7408.85
TXN-102498,2026-02-03 21:10:00,STR-106,CUST-5034,PRD-1010,4,24341.31,0.05,92496.98,Net Banking,In-Store,,2026-02-03,2026,2,Tuesday,Electronics,15506.95,23124.2445,92496.98,62027.8,30469.18
TXN-102499,2026-03-07 11:50:00,STR-106,CUST-5170,PRD-1005,3,11505.07,0.05,32789.45,Credit Card,Mobile App,,2026-03-07,2026,3,Saturday,Clothing,7063.93,10929.816499999999,32789.45,21191.79,11597.66
API-TXN-200000,2026-06-17 19:00:00,STR-102,CUST-5025,PRD-1021,3,5708.56,0.0,17125.68,UPI,Online,True,2026-06-17,2026,6,Wednesday,Home & Kitchen,3795.18,5708.56,17125.68,11385.54,5740.14
API-TXN-200001,2026-07-08 19:00:00,STR-109,CUST-5025,PRD-1034,4,9660.26,0.0,38641.04,Credit Card,Online,True,2026-07-08,2026,7,Wednesday,Clothing,5672.08,9660.26,38641.04,22688.32,15952.72
API-TXN-200002,2026-07-16 13:00:00,STR-114,CUST-5182,PRD-1009,2,20274.45,0.0,40548.9,UPI,Online,True,2026-07-16,2026,7,Thursday,Home & Kitchen,14553.78,20274.45,40548.9,29107.56,11441.34
API-TXN-200003,2026-06-16 12:00:00,STR-103,CUST-5143,PRD-1042,4,10274.71,0.0,41098.84,Credit Card,Online,True,2026-06-16,2026,6,Tuesday,Home & Kitchen,7238.41,10274.71,41098.84,28953.64,12145.2
API-TXN-200004,2026-07-16 13:00:00,STR-107,CUST-5047,PRD-1015,2,9568.8,0.0,19137.6,Credit Card,Online,True,2026-07-16,2026,7,Thursday,Clothing,5723.93,9568.8,19137.6,11447.86,7689.74
API-TXN-200005,2026-06-23 17:00:00,STR-103,CUST-5057,PRD-1042,1,10274.71,0.0,10274.71,UPI,Online,True,2026-06-23,2026,6,Tuesday,Home & Kitchen,7238.41,10274.71,10274.71,7238.41,3036.3
API-TXN-200006,2026-06-02 21:00:00,STR-111,CUST-5061,PRD-1016,2,15423.32,0.0,30846.64,UPI,Online,True,2026-06-02,2026,6,Tuesday,Electronics,9089.92,15423.32,30846.64,18179.84,12666.8
API-TXN-200007,2026-07-12 17:00:00,STR-107,CUST-5103,PRD-1005,3,11505.07,0.0,34515.21,UPI,Online,True,2026-07-12,2026,7,Sunday,Clothing,7063.93,11505.07,34515.21,21191.79,13323.42
API-TXN-200008,2026-06-23 22:00:00,STR-107,CUST-5199,PRD-1023,3,6936.43,0.0,20809.29,Credit Card,Online,True,2026-06-23,2026,6,Tuesday,Sports & Outdoors,4747.67,6936.43,20809.29,14243.01,6566.28
API-TXN-200009,2026-07-01 14:00:00,STR-112,CUST-5116,PRD-1044,3,2067.7,0.0,6203.1,Credit Card,Online,True,2026-07-01,2026,7,Wednesday,Clothing,1147.24,2067.7,6203.1,3441.72,2761.38
API-TXN-200010,2026-07-16 21:00:00,STR-114,CUST-5162,PRD-1037,3,1918.22,0.0,5754.66,Credit Card,Online,True,2026-07-16,2026,7,Thursday,Clothing,1442.39,1918.22,5754.66,4327.17,1427.49
API-TXN-200011,2026-06-15 15:00:00,STR-105,CUST-5144,PRD-1012,3,5210.26,0.0,15630.78,Credit Card,Online,True,2026-06-15,2026,6,Monday,Sports & Outdoors,2949.0,5210.26,15630.78,8847.0,6783.78
API-TXN-200012,2026-06-24 20:00:00,STR-109,CUST-5198,PRD-1017,4,11824.84,0.0,47299.36,Credit Card,Online,True,2026-06-24,2026,6,Wednesday,Clothing,7237.84,11824.84,47299.36,28951.36,18348.0
API-TXN-200013,2026-06-13 13:00:00,STR-102,CUST-5020,PRD-1004,4,18042.2,0.0,72168.8,UPI,Online,True,2026-06-13,2026,6,Saturday,Clothing,12833.5,18042.2,72168.8,51334.0,20834.8
API-TXN-200014,2026-06-23 09:00:00,STR-108,CUST-5178,PRD-1021,3,5708.56,0.0,17125.68,UPI,Online,True,2026-06-23,2026,6,Tuesday,Home & Kitchen,3795.18,5708.56,17125.68,11385.54,5740.14
API-TXN-200015,2026-07-09 13:00:00,STR-108,CUST-5022,PRD-1036,3,22028.56,0.0,66085.68,Credit Card,Online,True,2026-07-09,2026,7,Thursday,Home & Kitchen,16329.4,22028.56,66085.68,48988.2,17097.48
API-TXN-200016,2026-07-08 11:00:00,STR-105,CUST-5095,PRD-1011,4,20820.24,0.0,83280.96,Credit Card,Online,True,2026-07-08,2026,7,Wednesday,Home & Kitchen,14413.01,20820.24,83280.96,57652.04,25628.92
API-TXN-200017,2026-06-28 11:00:00,STR-101,CUST-5061,PRD-1025,3,12590.63,0.0,37771.89,UPI,Online,True,2026-06-28,2026,6,Sunday,Sports & Outdoors,9113.47,12590.63,37771.89,27340.41,10431.48
API-TXN-200018,2026-06-08 12:00:00,STR-105,CUST-5198,PRD-1029,3,17201.59,0.0,51604.77,UPI,Online,True,2026-06-08,2026,6,Monday,Electronics,11585.33,17201.59,51604.77,34755.99,16848.78
API-TXN-200019,2026-06-24 10:00:00,STR-114,CUST-5073,PRD-1017,2,11824.84,0.0,23649.68,UPI,Online,True,2026-06-24,2026,6,Wednesday,Clothing,7237.84,11824.84,23649.68,14475.68,9174.0
API-TXN-200020,2026-07-11 17:00:00,STR-109,CUST-5050,PRD-1042,3,10274.71,0.0,30824.13,UPI,Online,True,2026-07-11,2026,7,Saturday,Home & Kitchen,7238.41,10274.71,30824.13,21715.23,9108.9
API-TXN-200021,2026-06-07 13:00:00,STR-112,CUST-5081,PRD-1010,4,24341.31,0.0,97365.24,Credit Card,Online,True,2026-06-07,2026,6,Sunday,Electronics,15506.95,24341.31,97365.24,62027.8,35337.44
API-TXN-200022,2026-06-28 18:00:00,STR-106,CUST-5056,PRD-1013,1,24637.91,0.0,24637.91,Credit Card,Online,True,2026-06-28,2026,6,Sunday,Home & Kitchen,18397.7,24637.91,24637.91,18397.7,6240.21
API-TXN-200023,2026-07-13 09:00:00,STR-100,CUST-5136,PRD-1014,1,7309.63,0.0,7309.63,UPI,Online,True,2026-07-13,2026,7,Monday,Beauty & Care,5089.02,7309.63,7309.63,5089.02,2220.61
API-TXN-200024,2026-06-10 11:00:00,STR-114,CUST-5030,PRD-1031,3,23868.44,0.0,71605.32,UPI,Online,True,2026-06-10,2026,6,Wednesday,Electronics,17935.85,23868.44,71605.32,53807.55,17797.77
API-TXN-200025,2026-06-05 17:00:00,STR-104,CUST-5081,PRD-1023,4,6936.43,0.0,27745.72,UPI,Online,True,2026-06-05,2026,6,Friday,Sports & Outdoors,4747.67,6936.43,27745.72,18990.68,8755.04
API-TXN-200026,2026-07-12 13:00:00,STR-111,CUST-5045,PRD-1013,3,24637.91,0.0,73913.73,Credit Card,Online,True,2026-07-12,2026,7,Sunday,Home & Kitchen,18397.7,24637.91,73913.73,55193.1,18720.63
API-TXN-200027,2026-06-16 13:00:00,STR-113,CUST-5174,PRD-1032,4,19167.84,0.0,76671.36,Credit Card,Online,True,2026-06-16,2026,6,Tuesday,Sports & Outdoors,12780.48,19167.84,76671.36,51121.92,25549.44
API-TXN-200028,2026-07-01 12:00:00,STR-110,CUST-5041,PRD-1003,1,6199.42,0.0,6199.42,UPI,Online,True,2026-07-01,2026,7,Wednesday,Clothing,4268.08,6199.42,6199.42,4268.08,1931.34
API-TXN-200029,2026-07-20 14:00:00,STR-114,CUST-5189,PRD-1044,4,2067.7,0.0,8270.8,UPI,Online,True,2026-07-20,2026,7,Monday,Clothing,1147.24,2067.7,8270.8,4588.96,3681.84
API-TXN-200030,2026-06-29 16:00:00,STR-102,CUST-5147,PRD-1014,4,7309.63,0.0,29238.52,Credit Card,Online,True,2026-06-29,2026,6,Monday,Beauty & Care,5089.02,7309.63,29238.52,20356.08,8882.44
API-TXN-200031,2026-06-26 12:00:00,STR-103,CUST-5119,PRD-1025,3,12590.63,0.0,37771.89,UPI,Online,True,2026-06-26,2026,6,Friday,Sports & Outdoors,9113.47,12590.63,37771.89,27340.41,10431.48
API-TXN-200032,2026-06-03 19:00:00,STR-113,CUST-5011,PRD-1007,3,23951.68,0.0,71855.04,Credit Card,Online,True,2026-06-03,2026,6,Wednesday,Clothing,15027.69,23951.68,71855.04,45083.07,26771.97
API-TXN-200033,2026-07-04 10:00:00,STR-100,CUST-5094,PRD-1009,4,20274.45,0.0,81097.8,Credit Card,Online,True,2026-07-04,2026,7,Saturday,Home & Kitchen,14553.78,20274.45,81097.8,58215.12,22882.68
API-TXN-200034,2026-06-02 09:00:00,STR-114,CUST-5038,PRD-1041,1,23258.31,0.0,23258.31,Credit Card,Online,True,2026-06-02,2026,6,Tuesday,Clothing,16832.29,23258.31,23258.31,16832.29,6426.02
API-TXN-200035,2026-07-16 11:00:00,STR-101,CUST-5079,PRD-1043,2,22540.44,0.0,45080.88,UPI,Online,True,2026-07-16,2026,7,Thursday,Beauty & Care,14737.88,22540.44,45080.88,29475.76,15605.12
API-TXN-200036,2026-07-12 22:00:00,STR-103,CUST-5030,PRD-1020,4,2120.69,0.0,8482.76,Credit Card,Online,True,2026-07-12,2026,7,Sunday,Home & Kitchen,1611.77,2120.69,8482.76,6447.08,2035.68
API-TXN-200037,2026-06-14 18:00:00,STR-111,CUST-5031,PRD-1001,3,18543.28,0.0,55629.84,UPI,Online,True,2026-06-14,2026,6,Sunday,Clothing,13084.9,18543.28,55629.84,39254.7,16375.14
API-TXN-200038,2026-07-03 21:00:00,STR-110,CUST-5177,PRD-1048,4,13710.77,0.0,54843.08,UPI,Online,True,2026-07-03,2026,7,Friday,Clothing,9822.0,13710.77,54843.08,39288.0,15555.08
API-TXN-200039,2026-06-02 12:00:00,STR-101,CUST-5050,PRD-1031,2,23868.44,0.0,47736.88,Credit Card,Online,True,2026-06-02,2026,6,Tuesday,Electronics,17935.85,23868.44,47736.88,35871.7,11865.18
API-TXN-200040,2026-06-22 20:00:00,STR-102,CUST-5132,PRD-1039,3,3644.72,0.0,10934.16,Credit Card,Online,True,2026-06-22,2026,6,Monday,Clothing,2403.02,3644.72,10934.16,7209.06,3725.1
API-TXN-200041,2026-07-08 19:00:00,STR-102,CUST-5147,PRD-1011,1,20820.24,0.0,20820.24,Credit Card,Online,True,2026-07-08,2026,7,Wednesday,Home & Kitchen,14413.01,20820.24,20820.24,14413.01,6407.23
API-TXN-200042,2026-06-08 20:00:00,STR-105,CUST-5157,PRD-1015,3,9568.8,0.0,28706.4,Credit Card,Online,True,2026-06-08,2026,6,Monday,Clothing,5723.93,9568.8,28706.4,17171.79,11534.61
API-TXN-200043,2026-06-15 11:00:00,STR-102,CUST-5038,PRD-1042,2,10274.71,0.0,20549.42,Credit Card,Online,True,2026-06-15,2026,6,Monday,Home & Kitchen,7238.41,10274.71,20549.42,14476.82,6072.6
API-TXN-200044,2026-07-03 18:00:00,STR-109,CUST-5044,PRD-1014,2,7309.63,0.0,14619.26,UPI,Online,True,2026-07-03,2026,7,Friday,Beauty & Care,5089.02,7309.63,14619.26,10178.04,4441.22
API-TXN-200045,2026-06-30 20:00:00,STR-111,CUST-5056,PRD-1018,3,17272.73,0.0,51818.19,Credit Card,Online,True,2026-06-30,2026,6,Tuesday,Clothing,12848.42,17272.73,51818.19,38545.26,13272.93
API-TXN-200046,2026-06-14 15:00:00,STR-106,CUST-5022,PRD-1014,2,7309.63,0.0,14619.26,Credit Card,Online,True,2026-06-14,2026,6,Sunday,Beauty & Care,5089.02,7309.63,14619.26,10178.04,4441.22
API-TXN-200047,2026-06-25 10:00:00,STR-114,CUST-5012,PRD-1002,4,14966.66,0.0,59866.64,Credit Card,Online,True,2026-06-25,2026,6,Thursday,Electronics,8341.07,14966.66,59866.64,33364.28,26502.36
API-TXN-200048,2026-06-24 18:00:00,STR-107,CUST-5030,PRD-1002,2,14966.66,0.0,29933.32,UPI,Online,True,2026-06-24,2026,6,Wednesday,Electronics,8341.07,14966.66,29933.32,16682.14,13251.18
API-TXN-200049,2026-06-02 10:00:00,STR-100,CUST-5125,PRD-1012,4,5210.26,0.0,20841.04,UPI,Online,True,2026-06-02,2026,6,Tuesday,Sports & Outdoors,2949.0,5210.26,20841.04,11796.0,9045.04
API-TXN-200050,2026-06-06 14:00:00,STR-110,CUST-5141,PRD-1009,4,20274.45,0.0,81097.8,UPI,Online,True,2026-06-06,2026,6,Saturday,Home & Kitchen,14553.78,20274.45,81097.8,58215.12,22882.68
API-TXN-200051,2026-07-15 10:00:00,STR-113,CUST-5126,PRD-1035,2,15173.74,0.0,30347.48,Credit Card,Online,True,2026-07-15,2026,7,Wednesday,Electronics,10050.77,15173.74,30347.48,20101.54,10245.94
API-TXN-200052,2026-07-04 22:00:00,STR-104,CUST-5199,PRD-1045,3,14916.37,0.0,44749.11,Credit Card,Online,True,2026-07-04,2026,7,Saturday,Clothing,8228.67,14916.37,44749.11,24686.01,20063.1
API-TXN-200053,2026-06-20 16:00:00,STR-112,CUST-5067,PRD-1030,2,3232.14,0.0,6464.28,UPI,Online,True,2026-06-20,2026,6,Saturday,Home & Kitchen,2100.88,3232.14,6464.28,4201.76,2262.52
API-TXN-200054,2026-06-13 20:00:00,STR-102,CUST-5036,PRD-1009,2,20274.45,0.0,40548.9,UPI,Online,True,2026-06-13,2026,6,Saturday,Home & Kitchen,14553.78,20274.45,40548.9,29107.56,11441.34
API-TXN-200055,2026-07-10 10:00:00,STR-112,CUST-5155,PRD-1045,1,14916.37,0.0,14916.37,Credit Card,Online,True,2026-07-10,2026,7,Friday,Clothing,8228.67,14916.37,14916.37,8228.67,6687.7
API-TXN-200056,2026-06-22 17:00:00,STR-110,CUST-5189,PRD-1016,2,15423.32,0.0,30846.64,UPI,Online,True,2026-06-22,2026,6,Monday,Electronics,9089.92,15423.32,30846.64,18179.84,12666.8
API-TXN-200057,2026-06-11 20:00:00,STR-105,CUST-5103,PRD-1045,2,14916.37,0.0,29832.74,UPI,Online,True,2026-06-11,2026,6,Thursday,Clothing,8228.67,14916.37,29832.74,16457.34,13375.4
API-TXN-200058,2026-07-09 14:00:00,STR-103,CUST-5095,PRD-1024,2,9368.27,0.0,18736.54,UPI,Online,True,2026-07-09,2026,7,Thursday,Beauty & Care,7301.49,9368.27,18736.54,14602.98,4133.56
API-TXN-200059,2026-07-10 21:00:00,STR-111,CUST-5122,PRD-1024,2,9368.27,0.0,18736.54,UPI,Online,True,2026-07-10,2026,7,Friday,Beauty & Care,7301.49,9368.27,18736.54,14602.98,4133.56
API-TXN-200060,2026-07-04 09:00:00,STR-104,CUST-5101,PRD-1004,1,18042.2,0.0,18042.2,Credit Card,Online,True,2026-07-04,2026,7,Saturday,Clothing,12833.5,18042.2,18042.2,12833.5,5208.7
API-TXN-200061,2026-06-15 09:00:00,STR-107,CUST-5171,PRD-1017,1,11824.84,0.0,11824.84,Credit Card,Online,True,2026-06-15,2026,6,Monday,Clothing,7237.84,11824.84,11824.84,7237.84,4587.0
API-TXN-200062,2026-07-19 10:00:00,STR-110,CUST-5143,PRD-1014,3,7309.63,0.0,21928.89,Credit Card,Online,True,2026-07-19,2026,7,Sunday,Beauty & Care,5089.02,7309.63,21928.89,15267.06,6661.83
API-TXN-200063,2026-07-12 10:00:00,STR-103,CUST-5198,PRD-1009,1,20274.45,0.0,20274.45,Credit Card,Online,True,2026-07-12,2026,7,Sunday,Home & Kitchen,14553.78,20274.45,20274.45,14553.78,5720.67
API-TXN-200064,2026-07-12 09:00:00,STR-108,CUST-5073,PRD-1011,4,20820.24,0.0,83280.96,Credit Card,Online,True,2026-07-12,2026,7,Sunday,Home & Kitchen,14413.01,20820.24,83280.96,57652.04,25628.92
API-TXN-200065,2026-07-12 14:00:00,STR-106,CUST-5016,PRD-1014,4,7309.63,0.0,29238.52,Credit Card,Online,True,2026-07-12,2026,7,Sunday,Beauty & Care,5089.02,7309.63,29238.52,20356.08,8882.44
API-TXN-200066,2026-07-20 16:00:00,STR-100,CUST-5092,PRD-1046,3,2150.38,0.0,6451.14,Credit Card,Online,True,2026-07-20,2026,7,Monday,Clothing,1198.25,2150.38,6451.14,3594.75,2856.39
API-TXN-200067,2026-06-11 19:00:00,STR-110,CUST-5017,PRD-1016,1,15423.32,0.0,15423.32,Credit Card,Online,True,2026-06-11,2026,6,Thursday,Electronics,9089.92,15423.32,15423.32,9089.92,6333.4
API-TXN-200068,2026-07-16 13:00:00,STR-101,CUST-5019,PRD-1005,4,11505.07,0.0,46020.28,Credit Card,Online,True,2026-07-16,2026,7,Thursday,Clothing,7063.93,11505.07,46020.28,28255.72,17764.56
API-TXN-200069,2026-06-17 09:00:00,STR-109,CUST-5171,PRD-1021,4,5708.56,0.0,22834.24,UPI,Online,True,2026-06-17,2026,6,Wednesday,Home & Kitchen,3795.18,5708.56,22834.24,15180.72,7653.52
API-TXN-200070,2026-07-07 12:00:00,STR-109,CUST-5082,PRD-1036,4,22028.56,0.0,88114.24,Credit Card,Online,True,2026-07-07,2026,7,Tuesday,Home & Kitchen,16329.4,22028.56,88114.24,65317.6,22796.64
API-TXN-200071,2026-06-22 21:00:00,STR-102,CUST-5015,PRD-1035,4,15173.74,0.0,60694.96,Credit Card,Online,True,2026-06-22,2026,6,Monday,Electronics,10050.77,15173.74,60694.96,40203.08,20491.88
API-TXN-200072,2026-06-01 13:00:00,STR-102,CUST-5111,PRD-1000,2,1111.79,0.0,2223.58,UPI,Online,True,2026-06-01,2026,6,Monday,Electronics,681.81,1111.79,2223.58,1363.62,859.96
API-TXN-200073,2026-06-04 18:00:00,STR-113,CUST-5166,PRD-1042,1,10274.71,0.0,10274.71,Credit Card,Online,True,2026-06-04,2026,6,Thursday,Home & Kitchen,7238.41,10274.71,10274.71,7238.41,3036.3
API-TXN-200074,2026-07-16 19:00:00,STR-101,CUST-5038,PRD-1006,2,17604.11,0.0,35208.22,Credit Card,Online,True,2026-07-16,2026,7,Thursday,Clothing,11059.92,17604.11,35208.22,22119.84,13088.38
API-TXN-200075,2026-07-06 12:00:00,STR-112,CUST-5183,PRD-1004,2,18042.2,0.0,36084.4,Credit Card,Online,True,2026-07-06,2026,7,Monday,Clothing,12833.5,18042.2,36084.4,25667.0,10417.4
API-TXN-200076,2026-06-29 17:00:00,STR-109,CUST-5165,PRD-1039,4,3644.72,0.0,14578.88,Credit Card,Online,True,2026-06-29,2026,6,Monday,Clothing,2403.02,3644.72,14578.88,9612.08,4966.8
API-TXN-200077,2026-07-06 17:00:00,STR-107,CUST-5055,PRD-1025,1,12590.63,0.0,12590.63,UPI,Online,True,2026-07-06,2026,7,Monday,Sports & Outdoors,9113.47,12590.63,12590.63,9113.47,3477.16
API-TXN-200078,2026-07-01 16:00:00,STR-103,CUST-5020,PRD-1010,4,24341.31,0.0,97365.24,UPI,Online,True,2026-07-01,2026,7,Wednesday,Electronics,15506.95,24341.31,97365.24,62027.8,35337.44
API-TXN-200079,2026-07-11 15:00:00,STR-110,CUST-5195,PRD-1008,4,2868.65,0.0,11474.6,UPI,Online,True,2026-07-11,2026,7,Saturday,Beauty & Care,2136.93,2868.65,11474.6,8547.72,2926.88
API-TXN-200080,2026-07-14 18:00:00,STR-108,CUST-5136,PRD-1029,3,17201.59,0.0,51604.77,Credit Card,Online,True,2026-07-14,2026,7,Tuesday,Electronics,11585.33,17201.59,51604.77,34755.99,16848.78
API-TXN-200081,2026-06-22 12:00:00,STR-113,CUST-5163,PRD-1041,4,23258.31,0.0,93033.24,UPI,Online,True,2026-06-22,2026,6,Monday,Clothing,16832.29,23258.31,93033.24,67329.16,25704.08
API-TXN-200082,2026-06-12 10:00:00,STR-109,CUST-5023,PRD-1040,3,6993.15,0.0,20979.45,Credit Card,Online,True,2026-06-12,2026,6,Friday,Clothing,5249.48,6993.15,20979.45,15748.44,5231.01
API-TXN-200083,2026-06-12 09:00:00,STR-108,CUST-5172,PRD-1021,3,5708.56,0.0,17125.68,Credit Card,Online,True,2026-06-12,2026,6,Friday,Home & Kitchen,3795.18,5708.56,17125.68,11385.54,5740.14
API-TXN-200084,2026-06-07 11:00:00,STR-100,CUST-5040,PRD-1011,2,20820.24,0.0,41640.48,UPI,Online,True,2026-06-07,2026,6,Sunday,Home & Kitchen,14413.01,20820.24,41640.48,28826.02,12814.46
API-TXN-200085,2026-06-22 22:00:00,STR-100,CUST-5198,PRD-1037,1,1918.22,0.0,1918.22,Credit Card,Online,True,2026-06-22,2026,6,Monday,Clothing,1442.39,1918.22,1918.22,1442.39,475.83
API-TXN-200086,2026-06-17 13:00:00,STR-109,CUST-5163,PRD-1031,4,23868.44,0.0,95473.76,Credit Card,Online,True,2026-06-17,2026,6,Wednesday,Electronics,17935.85,23868.44,95473.76,71743.4,23730.36
API-TXN-200087,2026-05-31 20:00:00,STR-100,CUST-5000,PRD-1018,4,17272.73,0.0,69090.92,UPI,Online,True,2026-05-31,2026,5,Sunday,Clothing,12848.42,17272.73,69090.92,51393.68,17697.24
API-TXN-200088,2026-06-25 13:00:00,STR-104,CUST-5139,PRD-1026,4,15872.06,0.0,63488.24,Credit Card,Online,True,2026-06-25,2026,6,Thursday,Clothing,11621.18,15872.06,63488.24,46484.72,17003.52
API-TXN-200089,2026-06-19 18:00:00,STR-107,CUST-5151,PRD-1031,4,23868.44,0.0,95473.76,Credit Card,Online,True,2026-06-19,2026,6,Friday,Electronics,17935.85,23868.44,95473.76,71743.4,23730.36
API-TXN-200090,2026-06-26 22:00:00,STR-103,CUST-5098,PRD-1019,1,20633.99,0.0,20633.99,Credit Card,Online,True,2026-06-26,2026,6,Friday,Clothing,15169.3,20633.99,20633.99,15169.3,5464.69
API-TXN-200091,2026-06-16 22:00:00,STR-105,CUST-5008,PRD-1027,1,2055.49,0.0,2055.49,UPI,Online,True,2026-06-16,2026,6,Tuesday,Sports & Outdoors,1310.93,2055.49,2055.49,1310.93,744.56
API-TXN-200092,2026-06-22 14:00:00,STR-111,CUST-5056,PRD-1026,2,15872.06,0.0,31744.12,Credit Card,Online,True,2026-06-22,2026,6,Monday,Clothing,11621.18,15872.06,31744.12,23242.36,8501.76
API-TXN-200093,2026-07-07 20:00:00,STR-106,CUST-5069,PRD-1012,1,5210.26,0.0,5210.26,Credit Card,Online,True,2026-07-07,2026,7,Tuesday,Sports & Outdoors,2949.0,5210.26,5210.26,2949.0,2261.26
API-TXN-200094,2026-06-29 16:00:00,STR-101,CUST-5028,PRD-1039,2,3644.72,0.0,7289.44,Credit Card,Online,True,2026-06-29,2026,6,Monday,Clothing,2403.02,3644.72,7289.44,4806.04,2483.4
API-TXN-200095,2026-06-14 14:00:00,STR-103,CUST-5012,PRD-1008,4,2868.65,0.0,11474.6,Credit Card,Online,True,2026-06-14,2026,6,Sunday,Beauty & Care,2136.93,2868.65,11474.6,8547.72,2926.88
API-TXN-200096,2026-07-16 09:00:00,STR-102,CUST-5094,PRD-1037,4,1918.22,0.0,7672.88,Credit Card,Online,True,2026-07-16,2026,7,Thursday,Clothing,1442.39,1918.22,7672.88,5769.56,1903.32
API-TXN-200097,2026-07-03 11:00:00,STR-107,CUST-5105,PRD-1007,2,23951.68,0.0,47903.36,UPI,Online,True,2026-07-03,2026,7,Friday,Clothing,15027.69,23951.68,47903.36,30055.38,17847.98
API-TXN-200098,2026-06-15 10:00:00,STR-113,CUST-5080,PRD-1027,3,2055.49,0.0,6166.47,Credit Card,Online,True,2026-06-15,2026,6,Monday,Sports & Outdoors,1310.93,2055.49,6166.47,3932.79,2233.68
API-TXN-200099,2026-07-09 15:00:00,STR-105,CUST-5072,PRD-1033,3,21120.74,0.0,63362.22,Credit Card,Online,True,2026-07-09,2026,7,Thursday,Home & Kitchen,14082.52,21120.74,63362.22,42247.56,21114.66
API-TXN-200100,2026-06-15 13:00:00,STR-105,CUST-5192,PRD-1042,4,10274.71,0.0,41098.84,Credit Card,Online,True,2026-06-15,2026,6,Monday,Home & Kitchen,7238.41,10274.71,41098.84,28953.64,12145.2
API-TXN-200101,2026-06-19 20:00:00,STR-104,CUST-5018,PRD-1018,2,17272.73,0.0,34545.46,Credit Card,Online,True,2026-06-19,2026,6,Friday,Clothing,12848.42,17272.73,34545.46,25696.84,8848.62
API-TXN-200102,2026-06-25 18:00:00,STR-114,CUST-5154,PRD-1039,1,3644.72,0.0,3644.72,UPI,Online,True,2026-06-25,2026,6,Thursday,Clothing,2403.02,3644.72,3644.72,2403.02,1241.7
API-TXN-200103,2026-07-15 22:00:00,STR-104,CUST-5070,PRD-1048,2,13710.77,0.0,27421.54,Credit Card,Online,True,2026-07-15,2026,7,Wednesday,Clothing,9822.0,13710.77,27421.54,19644.0,7777.54
API-TXN-200104,2026-07-06 13:00:00,STR-114,CUST-5104,PRD-1018,2,17272.73,0.0,34545.46,Credit Card,Online,True,2026-07-06,2026,7,Monday,Clothing,12848.42,17272.73,34545.46,25696.84,8848.62
API-TXN-200105,2026-06-09 12:00:00,STR-100,CUST-5151,PRD-1001,2,18543.28,0.0,37086.56,Credit Card,Online,True,2026-06-09,2026,6,Tuesday,Clothing,13084.9,18543.28,37086.56,26169.8,10916.76
API-TXN-200106,2026-06-08 18:00:00,STR-111,CUST-5122,PRD-1032,4,19167.84,0.0,76671.36,UPI,Online,True,2026-06-08,2026,6,Monday,Sports & Outdoors,12780.48,19167.84,76671.36,51121.92,25549.44
API-TXN-200107,2026-06-06 12:00:00,STR-102,CUST-5026,PRD-1036,3,22028.56,0.0,66085.68,UPI,Online,True,2026-06-06,2026,6,Saturday,Home & Kitchen,16329.4,22028.56,66085.68,48988.2,17097.48
API-TXN-200108,2026-06-08 09:00:00,STR-111,CUST-5044,PRD-1048,4,13710.77,0.0,54843.08,UPI,Online,True,2026-06-08,2026,6,Monday,Clothing,9822.0,13710.77,54843.08,39288.0,15555.08
API-TXN-200109,2026-06-30 14:00:00,STR-104,CUST-5132,PRD-1030,1,3232.14,0.0,3232.14,Credit Card,Online,True,2026-06-30,2026,6,Tuesday,Home & Kitchen,2100.88,3232.14,3232.14,2100.88,1131.26
API-TXN-200110,2026-07-10 20:00:00,STR-112,CUST-5105,PRD-1012,3,5210.26,0.0,15630.78,Credit Card,Online,True,2026-07-10,2026,7,Friday,Sports & Outdoors,2949.0,5210.26,15630.78,8847.0,6783.78
API-TXN-200111,2026-07-07 11:00:00,STR-113,CUST-5199,PRD-1021,4,5708.56,0.0,22834.24,UPI,Online,True,2026-07-07,2026,7,Tuesday,Home & Kitchen,3795.18,5708.56,22834.24,15180.72,7653.52
API-TXN-200112,2026-05-31 09:00:00,STR-104,CUST-5071,PRD-1002,2,14966.66,0.0,29933.32,Credit Card,Online,True,2026-05-31,2026,5,Sunday,Electronics,8341.07,14966.66,29933.32,16682.14,13251.18
API-TXN-200113,2026-06-04 11:00:00,STR-111,CUST-5156,PRD-1019,4,20633.99,0.0,82535.96,UPI,Online,True,2026-06-04,2026,6,Thursday,Clothing,15169.3,20633.99,82535.96,60677.2,21858.76
API-TXN-200114,2026-06-01 11:00:00,STR-114,CUST-5188,PRD-1036,1,22028.56,0.0,22028.56,Credit Card,Online,True,2026-06-01,2026,6,Monday,Home & Kitchen,16329.4,22028.56,22028.56,16329.4,5699.16
API-TXN-200115,2026-07-19 10:00:00,STR-103,CUST-5187,PRD-1006,2,17604.11,0.0,35208.22,Credit Card,Online,True,2026-07-19,2026,7,Sunday,Clothing,11059.92,17604.11,35208.22,22119.84,13088.38
API-TXN-200116,2026-06-22 17:00:00,STR-111,CUST-5152,PRD-1021,4,5708.56,0.0,22834.24,Credit Card,Online,True,2026-06-22,2026,6,Monday,Home & Kitchen,3795.18,5708.56,22834.24,15180.72,7653.52
API-TXN-200117,2026-07-07 14:00:00,STR-110,CUST-5173,PRD-1012,3,5210.26,0.0,15630.78,Credit Card,Online,True,2026-07-07,2026,7,Tuesday,Sports & Outdoors,2949.0,5210.26,15630.78,8847.0,6783.78
API-TXN-200118,2026-06-05 18:00:00,STR-109,CUST-5055,PRD-1000,4,1111.79,0.0,4447.16,UPI,Online,True,2026-06-05,2026,6,Friday,Electronics,681.81,1111.79,4447.16,2727.24,1719.92
API-TXN-200119,2026-07-05 13:00:00,STR-103,CUST-5066,PRD-1016,3,15423.32,0.0,46269.96,Credit Card,Online,True,2026-07-05,2026,7,Sunday,Electronics,9089.92,15423.32,46269.96,27269.76,19000.2
API-TXN-200120,2026-06-14 10:00:00,STR-101,CUST-5057,PRD-1025,4,12590.63,0.0,50362.52,Credit Card,Online,True,2026-06-14,2026,6,Sunday,Sports & Outdoors,9113.47,12590.63,50362.52,36453.88,13908.64
API-TXN-200121,2026-06-18 11:00:00,STR-103,CUST-5104,PRD-1003,2,6199.42,0.0,12398.84,UPI,Online,True,2026-06-18,2026,6,Thursday,Clothing,4268.08,6199.42,12398.84,8536.16,3862.68
API-TXN-200122,2026-06-02 22:00:00,STR-103,CUST-5049,PRD-1042,2,10274.71,0.0,20549.42,Credit Card,Online,True,2026-06-02,2026,6,Tuesday,Home & Kitchen,7238.41,10274.71,20549.42,14476.82,6072.6
API-TXN-200123,2026-06-11 13:00:00,STR-106,CUST-5053,PRD-1029,3,17201.59,0.0,51604.77,UPI,Online,True,2026-06-11,2026,6,Thursday,Electronics,11585.33,17201.59,51604.77,34755.99,16848.78
API-TXN-200124,2026-06-14 19:00:00,STR-107,CUST-5182,PRD-1001,3,18543.28,0.0,55629.84,Credit Card,Online,True,2026-06-14,2026,6,Sunday,Clothing,13084.9,18543.28,55629.84,39254.7,16375.14
API-TXN-200125,2026-07-20 22:00:00,STR-108,CUST-5007,PRD-1032,4,19167.84,0.0,76671.36,UPI,Online,True,2026-07-20,2026,7,Monday,Sports & Outdoors,12780.48,19167.84,76671.36,51121.92,25549.44
API-TXN-200126,2026-07-15 20:00:00,STR-114,CUST-5036,PRD-1035,3,15173.74,0.0,45521.22,Credit Card,Online,True,2026-07-15,2026,7,Wednesday,Electronics,10050.77,15173.74,45521.22,30152.31,15368.91
API-TXN-200127,2026-06-09 21:00:00,STR-110,CUST-5022,PRD-1024,1,9368.27,0.0,9368.27,Credit Card,Online,True,2026-06-09,2026,6,Tuesday,Beauty & Care,7301.49,9368.27,9368.27,7301.49,2066.78
API-TXN-200128,2026-06-04 16:00:00,STR-104,CUST-5048,PRD-1028,3,6658.9,0.0,19976.7,UPI,Online,True,2026-06-04,2026,6,Thursday,Sports & Outdoors,4509.69,6658.9,19976.7,13529.07,6447.63
API-TXN-200129,2026-06-20 09:00:00,STR-102,CUST-5058,PRD-1019,2,20633.99,0.0,41267.98,Credit Card,Online,True,2026-06-20,2026,6,Saturday,Clothing,15169.3,20633.99,41267.98,30338.6,10929.38
API-TXN-200130,2026-06-10 22:00:00,STR-108,CUST-5156,PRD-1003,2,6199.42,0.0,12398.84,Credit Card,Online,True,2026-06-10,2026,6,Wednesday,Clothing,4268.08,6199.42,12398.84,8536.16,3862.68
API-TXN-200131,2026-06-21 11:00:00,STR-107,CUST-5192,PRD-1027,4,2055.49,0.0,8221.96,Credit Card,Online,True,2026-06-21,2026,6,Sunday,Sports & Outdoors,1310.93,2055.49,8221.96,5243.72,2978.24
API-TXN-200132,2026-06-12 12:00:00,STR-102,CUST-5133,PRD-1046,2,2150.38,0.0,4300.76,UPI,Online,True,2026-06-12,2026,6,Friday,Clothing,1198.25,2150.38,4300.76,2396.5,1904.26
API-TXN-200133,2026-05-31 11:00:00,STR-100,CUST-5034,PRD-1039,2,3644.72,0.0,7289.44,Credit Card,Online,True,2026-05-31,2026,5,Sunday,Clothing,2403.02,3644.72,7289.44,4806.04,2483.4
API-TXN-200134,2026-06-13 12:00:00,STR-114,CUST-5002,PRD-1025,1,12590.63,0.0,12590.63,UPI,Online,True,2026-06-13,2026,6,Saturday,Sports & Outdoors,9113.47,12590.63,12590.63,9113.47,3477.16
API-TXN-200135,2026-06-12 13:00:00,STR-106,CUST-5119,PRD-1001,2,18543.28,0.0,37086.56,Credit Card,Online,True,2026-06-12,2026,6,Friday,Clothing,13084.9,18543.28,37086.56,26169.8,10916.76
API-TXN-200136,2026-07-12 15:00:00,STR-112,CUST-5116,PRD-1004,1,18042.2,0.0,18042.2,Credit Card,Online,True,2026-07-12,2026,7,Sunday,Clothing,12833.5,18042.2,18042.2,12833.5,5208.7
API-TXN-200137,2026-06-27 11:00:00,STR-112,CUST-5122,PRD-1000,4,1111.79,0.0,4447.16,Credit Card,Online,True,2026-06-27,2026,6,Saturday,Electronics,681.81,1111.79,4447.16,2727.24,1719.92
API-TXN-200138,2026-06-15 20:00:00,STR-100,CUST-5044,PRD-1048,3,13710.77,0.0,41132.31,Credit Card,Online,True,2026-06-15,2026,6,Monday,Clothing,9822.0,13710.77,41132.31,29466.0,11666.31
API-TXN-200139,2026-06-13 09:00:00,STR-101,CUST-5044,PRD-1041,3,23258.31,0.0,69774.93,UPI,Online,True,2026-06-13,2026,6,Saturday,Clothing,16832.29,23258.31,69774.93,50496.87,19278.06
API-TXN-200140,2026-07-01 11:00:00,STR-103,CUST-5007,PRD-1047,3,13096.34,0.0,39289.02,UPI,Online,True,2026-07-01,2026,7,Wednesday,Electronics,8041.8,13096.34,39289.02,24125.4,15163.62
API-TXN-200141,2026-06-02 11:00:00,STR-108,CUST-5075,PRD-1017,2,11824.84,0.0,23649.68,Credit Card,Online,True,2026-06-02,2026,6,Tuesday,Clothing,7237.84,11824.84,23649.68,14475.68,9174.0
API-TXN-200142,2026-06-05 16:00:00,STR-111,CUST-5041,PRD-1004,1,18042.2,0.0,18042.2,UPI,Online,True,2026-06-05,2026,6,Friday,Clothing,12833.5,18042.2,18042.2,12833.5,5208.7
API-TXN-200143,2026-06-18 09:00:00,STR-114,CUST-5095,PRD-1042,2,10274.71,0.0,20549.42,UPI,Online,True,2026-06-18,2026,6,Thursday,Home & Kitchen,7238.41,10274.71,20549.42,14476.82,6072.6
API-TXN-200144,2026-06-16 19:00:00,STR-114,CUST-5139,PRD-1028,4,6658.9,0.0,26635.6,Credit Card,Online,True,2026-06-16,2026,6,Tuesday,Sports & Outdoors,4509.69,6658.9,26635.6,18038.76,8596.84
API-TXN-200145,2026-06-30 19:00:00,STR-110,CUST-5176,PRD-1046,1,2150.38,0.0,2150.38,Credit Card,Online,True,2026-06-30,2026,6,Tuesday,Clothing,1198.25,2150.38,2150.38,1198.25,952.13
API-TXN-200146,2026-06-26 10:00:00,STR-109,CUST-5153,PRD-1020,3,2120.69,0.0,6362.07,UPI,Online,True,2026-06-26,2026,6,Friday,Home & Kitchen,1611.77,2120.69,6362.07,4835.31,1526.76
API-TXN-200147,2026-06-24 14:00:00,STR-110,CUST-5138,PRD-1016,1,15423.32,0.0,15423.32,UPI,Online,True,2026-06-24,2026,6,Wednesday,Electronics,9089.92,15423.32,15423.32,9089.92,6333.4
API-TXN-200148,2026-06-09 21:00:00,STR-110,CUST-5120,PRD-1034,4,9660.26,0.0,38641.04,UPI,Online,True,2026-06-09,2026,6,Tuesday,Clothing,5672.08,9660.26,38641.04,22688.32,15952.72
API-TXN-200149,2026-06-11 11:00:00,STR-105,CUST-5153,PRD-1021,1,5708.56,0.0,5708.56,UPI,Online,True,2026-06-11,2026,6,Thursday,Home & Kitchen,3795.18,5708.56,5708.56,3795.18,1913.38
