transaction_id,transaction_timestamp,store_id,customer_id,product_id,quantity,unit_price,discount_pct,total_amount,payment_method,sales_channel
TXN-101250,2026-06-24 14:15:00,STR-103,CUST-5156,PRD-1039,4,3644.72,0.0,14578.88,Cash,In-Store
TXN-101251,2026-01-25 20:00:00,STR-102,CUST-5196,PRD-1009,5,20274.45,0.15,86166.41,Debit Card,Mobile App
TXN-101252,2026-04-27 13:10:00,STR-114,CUST-5075,PRD-1005,4,11505.07,0.0,46020.28,Credit Card,In-Store
TXN-101253,2026-04-01 09:04:00,STR-102,CUST-5181,PRD-1017,5,11824.84,0.1,53211.78,Net Banking,Online
TXN-101254,2026-06-16 10:07:00,STR-109,CUST-5124,PRD-1030,3,3232.14,0.15,8241.96,UPI,Online
TXN-101255,2026-06-08 18:08:00,STR-107,CUST-5093,PRD-1018,4,17272.73,0.15,58727.28,Cash,Mobile App
TXN-101256,2026-06-24 14:32:00,STR-107,CUST-5067,PRD-1020,3,2120.69,0.0,6362.07,UPI,Mobile App
TXN-101257,2026-06-29 21:35:00,STR-100,CUST-5039,PRD-1041,1,23258.31,0.05,22095.39,UPI,Online
TXN-101258,2026-04-13 21:04:00,STR-103,CUST-5099,PRD-1024,2,9368.27,0.2,14989.23,Net Banking,Mobile App
TXN-101259,2026-04-30 18:34:00,STR-114,CUST-5119,PRD-1005,3,11505.07,0.15,29337.93,UPI,In-Store
TXN-101260,2026-04-21 11:25:00,STR-105,CUST-5016,PRD-1011,1,20820.24,0.15,17697.2,Debit Card,Online
TXN-101261,2026-06-29 19:30:00,STR-101,CUST-5071,PRD-1038,4,18431.47,0.05,70039.59,Net Banking,In-Store
TXN-101262,2026-02-07 18:13:00,STR-105,CUST-5145,PRD-1034,2,9660.26,0.15,16422.44,UPI,Mobile App
TXN-101263,2026-04-03 20:27:00,STR-107,CUST-5054,PRD-1049,4,12079.91,0.0,48319.64,UPI,In-Store
TXN-101264,2026-03-06 18:11:00,STR-101,CUST-5036,PRD-1001,4,18543.28,0.1,66755.81,UPI,Online
TXN-101265,2026-04-26 21:26:00,STR-108,CUST-5054,PRD-1025,1,12590.63,0.1,11331.57,Debit Card,In-Store
TXN-101266,2026-03-29 20:19:00,STR-102,CUST-5050,PRD-1003,1,6199.42,0.15,5269.51,Debit Card,Online
TXN-101267,2026-06-26 20:10:00,STR-111,CUST-5111,PRD-1030,4,3232.14,0.2,10342.85,Debit Card,Mobile App
TXN-101268,2026-05-24 20:57:00,STR-109,CUST-5050,PRD-1036,4,22028.56,0.0,88114.24,UPI,Mobile App
TXN-101269,2026-02-07 13:42:00,STR-113,CUST-5187,PRD-1042,5,10274.71,0.2,41098.84,Debit Card,In-Store
TXN-101270,2026-05-08 21:20:00,STR-101,CUST-5172,PRD-1009,4,20274.45,0.05,77042.91,Net Banking,Online
TXN-101271,2026-02-02 18:28:00,STR-110,CUST-5148,PRD-1033,1,21120.74,0.15,17952.63,UPI,In-Store
TXN-101272,2026-06-28 16:49:00,STR-102,CUST-5153,PRD-1013,2,24637.91,0.15,41884.45,Net Banking,In-Store
TXN-101273,2026-06-23 17:00:00,STR-105,CUST-5093,PRD-1022,2,6988.83,0.05,13278.78,UPI,Online
TXN-101274,2026-06-29 15:41:00,STR-107,CUST-5105,PRD-1019,5,20633.99,0.0,103169.95,Net Banking,Online
TXN-101275,2026-05-14 20:21:00,STR-101,CUST-5045,PRD-1022,5,6988.83,0.15,29702.53,Net Banking,Online
TXN-101276,2026-06-02 10:34:00,STR-106,CUST-5097,PRD-1023,2,6936.43,0.2,11098.29,Debit Card,Mobile App
TXN-101277,2026-06-29 17:59:00,STR-114,CUST-5025,PRD-1044,4,2067.7,0.1,7443.72,UPI,In-Store
TXN-101278,2026-04-16 09:31:00,STR-111,CUST-5192,PRD-1005,1,11505.07,0.2,9204.06,Cash,Mobile App
TXN-101279,2026-05-29 20:02:00,STR-110,CUST-5074,PRD-1006,4,17604.11,0.2,56333.15,Net Banking,In-Store
TXN-101280,2026-04-08 09:12:00,STR-113,CUST-5120,PRD-1014,4,7309.63,0.2,23390.82,UPI,Online
TXN-101281,2026-01-02 13:50:00,STR-103,CUST-5129,PRD-1029,4,17201.59,0.15,58485.41,Debit Card,Online
TXN-101282,2026-04-17 18:15:00,STR-100,CUST-5106,PRD-1042,3,10274.71,0.1,27741.72,UPI,In-Store
TXN-101283,2026-05-13 21:47:00,STR-109,CUST-5081,PRD-1001,2,18543.28,0.1,33377.9,Debit Card,In-Store
TXN-101284,2026-05-23 14:12:00,STR-109,CUST-5164,PRD-1036,4,22028.56,0.05,83708.53,Net Banking,In-Store
TXN-101285,2026-06-12 14:46:00,STR-102,CUST-5103,PRD-1036,4,22028.56,0.05,83708.53,Debit Card,Mobile App
TXN-101286,2026-01-26 19:51:00,STR-102,CUST-5129,PRD-1010,4,24341.31,0.05,92496.98,UPI,Mobile App
TXN-101287,2026-05-22 10:20:00,STR-103,CUST-5023,PRD-1036,4,22028.56,0.1,79302.82,UPI,In-Store
TXN-101288,2026-02-09 08:39:00,STR-111,CUST-5139,PRD-1027,1,2055.49,0.2,1644.39,UPI,Mobile App
TXN-101289,2026-04-27 18:40:00,STR-112,CUST-5091,PRD-1024,1,9368.27,0.05,8899.86,Credit Card,In-Store
TXN-101290,2026-02-19 16:53:00,STR-103,CUST-5185,PRD-1041,2,23258.31,0.1,41864.96,Net Banking,Online
TXN-101291,2026-01-22 10:40:00,STR-100,CUST-5163,PRD-1042,1,10274.71,0.1,9247.24,Cash,In-Store
TXN-101292,2026-02-01 09:09:00,STR-104,CUST-5067,PRD-1007,4,23951.68,0.2,76645.38,Credit Card,In-Store
TXN-101293,2026-02-23 14:06:00,STR-107,CUST-5005,PRD-1004,4,18042.2,0.1,64951.92,Net Banking,In-Store
TXN-101294,2026-06-25 14:24:00,STR-114,CUST-5080,PRD-1031,1,23868.44,0.05,22675.02,Net Banking,In-Store
TXN-101295,2026-02-15 18:36:00,STR-110,CUST-5155,PRD-1011,3,20820.24,0.0,62460.72,UPI,In-Store
TXN-101296,2026-06-07 17:34:00,STR-100,CUST-5040,PRD-1021,3,5708.56,0.15,14556.83,Cash,Mobile App
TXN-101297,2026-06-05 08:34:00,STR-100,CUST-5132,PRD-1016,1,15423.32,0.05,14652.15,Cash,In-Store
TXN-101298,2026-02-25 08:20:00,STR-102,CUST-5056,PRD-1013,3,24637.91,0.0,73913.73,UPI,Mobile App
TXN-101299,2026-03-12 15:12:00,STR-101,CUST-5089,PRD-1044,2,2067.7,0.1,3721.86,Cash,Mobile App
TXN-101300,2026-04-22 16:25:00,STR-114,CUST-5049,PRD-1018,4,17272.73,0.15,58727.28,Debit Card,In-Store
TXN-101301,2026-01-27 17:50:00,STR-112,CUST-5150,PRD-1012,3,5210.26,0.15,13286.16,Debit Card,In-Store
TXN-101302,2026-04-25 14:38:00,STR-111,CUST-5069,PRD-1013,4,24637.91,0.15,83768.89,Debit Card,Mobile App
TXN-101303,2026-04-20 11:36:00,STR-105,CUST-5095,PRD-1006,5,17604.11,0.15,74817.47,UPI,Online
TXN-101304,2026-03-06 17:26:00,STR-104,CUST-5154,PRD-1010,1,24341.31,0.2,19473.05,Cash,Online
TXN-101305,2026-02-16 20:20:00,STR-106,CUST-5047,PRD-1025,1,12590.63,0.0,12590.63,Debit Card,In-Store
TXN-101306,2026-04-06 10:49:00,STR-105,CUST-5031,PRD-1004,2,18042.2,0.1,32475.96,UPI,Online
TXN-101307,2026-02-24 15:36:00,STR-112,CUST-5082,PRD-1044,1,2067.7,0.1,1860.93,Credit Card,Mobile App
TXN-101308,2026-06-04 11:33:00,STR-103,CUST-5026,PRD-1004,4,18042.2,0.1,64951.92,Cash,Online
TXN-101309,2026-05-27 18:26:00,STR-110,CUST-5193,PRD-1045,5,14916.37,0.0,74581.85,Net Banking,Online
TXN-101310,2026-01-13 20:31:00,STR-107,CUST-5011,PRD-1020,2,2120.69,0.05,4029.31,Debit Card,Online
TXN-101311,2026-02-13 17:20:00,STR-109,CUST-5098,PRD-1007,1,23951.68,0.15,20358.93,Credit Card,Mobile App
TXN-101312,2026-06-14 20:54:00,STR-109,CUST-5001,PRD-1001,3,18543.28,0.0,55629.84,Net Banking,Online
TXN-101313,2026-05-17 16:02:00,STR-105,CUST-5165,PRD-1008,4,2868.65,0.0,11474.6,UPI,In-Store
TXN-101314,2026-03-19 12:20:00,STR-112,CUST-5088,PRD-1030,1,3232.14,0.15,2747.32,Net Banking,In-Store
TXN-101315,2026-06-06 08:25:00,STR-104,CUST-5178,PRD-1035,3,15173.74,0.15,38693.04,Net Banking,Online
TXN-101316,2026-06-08 09:01:00,STR-103,CUST-5012,PRD-1041,1,23258.31,0.1,20932.48,UPI,In-Store
TXN-101317,2026-02-27 10:05:00,STR-103,CUST-5185,PRD-1006,3,17604.11,0.15,44890.48,Debit Card,Mobile App
TXN-101318,2026-01-12 09:03:00,STR-104,CUST-5019,PRD-1000,1,1111.79,0.1,1000.61,Debit Card,Online
TXN-101319,2026-03-11 19:10:00,STR-114,CUST-5035,PRD-1044,5,2067.7,0.15,8787.73,Cash,Online
TXN-101320,2026-02-07 20:37:00,STR-114,CUST-5105,PRD-1007,2,23951.68,0.1,43113.02,Net Banking,Mobile App
TXN-101321,2026-03-03 17:30:00,STR-110,CUST-5125,PRD-1007,5,23951.68,0.2,95806.72,Debit Card,Online
TXN-101322,2026-01-24 12:49:00,STR-104,CUST-5182,PRD-1049,4,12079.91,0.05,45903.66,UPI,Online
TXN-101323,2026-06-27 09:04:00,STR-107,CUST-5015,PRD-1035,2,15173.74,0.05,28830.11,Credit Card,In-Store
TXN-101324,2026-04-09 11:31:00,STR-101,CUST-5087,PRD-1042,2,10274.71,0.15,17467.01,Credit Card,Mobile App
TXN-101325,2026-03-22 20:19:00,STR-111,CUST-5116,PRD-1048,5,13710.77,0.2,54843.08,Credit Card,Mobile App
TXN-101326,2026-04-04 14:28:00,STR-113,CUST-5158,PRD-1006,2,17604.11,0.05,33447.81,Cash,In-Store
TXN-101327,2026-01-18 12:27:00,STR-102,CUST-5175,PRD-1049,4,12079.91,0.05,45903.66,Debit Card,Mobile App
TXN-101328,2026-04-29 09:47:00,STR-101,CUST-5061,PRD-1041,1,23258.31,0.05,22095.39,UPI,Online
TXN-101329,2026-05-02 18:33:00,STR-107,CUST-5090,PRD-1011,3,20820.24,0.0,62460.72,Debit Card,In-Store
TXN-101330,2026-04-21 11:09:00,STR-106,CUST-5128,PRD-1035,1,15173.74,0.1,13656.37,Net Banking,Mobile App
TXN-101331,2026-03-11 13:06:00,STR-100,CUST-5166,PRD-1021,1,5708.56,0.15,4852.28,Net Banking,Mobile App
TXN-101332,2026-02-18 14:11:00,STR-109,CUST-5070,PRD-1027,2,2055.49,0.1,3699.88,Cash,Mobile App
TXN-101333,2026-01-28 18:03:00,STR-110,CUST-5063,PRD-1031,5,23868.44,0.15,101440.87,UPI,In-Store
TXN-101334,2026-05-28 12:15:00,STR-101,CUST-5136,PRD-1007,1,23951.68,0.0,23951.68,UPI,Online
TXN-101335,2026-04-11 14:06:00,STR-103,CUST-5187,PRD-1014,5,7309.63,0.15,31065.93,Debit Card,Online
TXN-101336,2026-03-30 18:18:00,STR-111,CUST-5152,PRD-1013,2,24637.91,0.05,46812.03,Debit Card,Mobile App
TXN-101337,2026-05-09 19:39:00,STR-107,CUST-5189,PRD-1000,1,1111.79,0.05,1056.2,Debit Card,Mobile App
TXN-101338,2026-06-24 09:10:00,STR-102,CUST-5085,PRD-1015,2,9568.8,0.1,17223.84,Net Banking,In-Store
TXN-101339,2026-03-27 08:11:00,STR-104,CUST-5019,PRD-1000,4,1111.79,0.15,3780.09,Credit Card,Mobile App
TXN-101340,2026-04-01 15:37:00,STR-100,CUST-5125,PRD-1048,1,13710.77,0.2,10968.62,Credit Card,Online
TXN-101341,2026-05-26 18:18:00,STR-113,CUST-5058,PRD-1007,1,23951.68,0.0,23951.68,Cash,Mobile App
TXN-101342,2026-01-26 12:51:00,STR-111,CUST-5085,PRD-1010,2,24341.31,0.0,48682.62,Net Banking,Online
TXN-101343,2026-03-07 18:31:00,STR-104,CUST-5093,PRD-1047,3,13096.34,0.2,31431.22,Net Banking,In-Store
TXN-101344,2026-05-13 20:42:00,STR-113,CUST-5152,PRD-1022,3,6988.83,0.1,18869.84,Net Banking,In-Store
TXN-101345,2026-02-07 14:54:00,STR-103,CUST-5168,PRD-1017,5,11824.84,0.0,59124.2,Credit Card,Online
TXN-101346,2026-05-28 19:44:00,STR-106,CUST-5092,PRD-1031,1,23868.44,0.05,22675.02,Credit Card,Mobile App
TXN-101347,2026-06-13 09:17:00,STR-114,CUST-5160,PRD-1005,2,11505.07,0.15,19558.62,Cash,Online
TXN-101348,2026-06-23 13:56:00,STR-105,CUST-5100,PRD-1033,2,21120.74,0.1,38017.33,Cash,Online
TXN-101349,2026-01-11 17:33:00,STR-111,CUST-5087,PRD-1017,3,11824.84,0.05,33700.79,Cash,In-Store
TXN-101350,2026-03-30 12:07:00,STR-100,CUST-5127,PRD-1027,4,2055.49,0.2,6577.57,Credit Card,Online
TXN-101351,2026-03-16 17:35:00,STR-110,CUST-5041,PRD-1043,2,22540.44,0.2,36064.7,Debit Card,Online
TXN-101352,2026-01-04 15:02:00,STR-103,CUST-5072,PRD-1018,1,17272.73,0.1,15545.46,Cash,In-Store
TXN-101353,2026-01-02 14:22:00,STR-110,CUST-5000,PRD-1003,4,6199.42,0.1,22317.91,UPI,Online
TXN-101354,2026-05-09 18:49:00,STR-108,CUST-5039,PRD-1008,3,2868.65,0.1,7745.36,UPI,Mobile App
TXN-101355,2026-04-21 17:58:00,STR-101,CUST-5074,PRD-1017,2,11824.84,0.05,22467.2,Credit Card,In-Store
TXN-101356,2026-06-23 18:24:00,STR-106,CUST-5102,PRD-1030,3,3232.14,0.05,9211.6,UPI,Online
TXN-101357,2026-02-14 17:27:00,STR-110,CUST-5082,PRD-1019,5,20633.99,0.1,92852.96,Cash,In-Store
TXN-101358,2026-02-04 14:35:00,STR-103,CUST-5077,PRD-1043,2,22540.44,0.1,40572.79,Debit Card,In-Store
TXN-101359,2026-05-20 10:24:00,STR-112,CUST-5111,PRD-1019,5,20633.99,0.15,87694.46,UPI,In-Store
TXN-101360,2026-05-09 18:45:00,STR-105,CUST-5119,PRD-1033,4,21120.74,0.1,76034.66,Debit Card,Online
TXN-101361,2026-04-29 08:58:00,STR-108,CUST-5006,PRD-1029,4,17201.59,0.15,58485.41,Net Banking,In-Store
TXN-101362,2026-03-19 20:15:00,STR-109,CUST-5131,PRD-1048,2,13710.77,0.2,21937.23,Debit Card,In-Store
TXN-101363,2026-03-17 08:48:00,STR-113,CUST-5100,PRD-1039,5,3644.72,0.2,14578.88,Credit Card,Online
TXN-101364,2026-05-13 15:53:00,STR-100,CUST-5021,PRD-1042,1,10274.71,0.15,8733.5,UPI,Online
TXN-101365,2026-06-02 09:52:00,STR-104,CUST-5144,PRD-1041,1,23258.31,0.1,20932.48,Net Banking,Mobile App
TXN-101366,2026-05-30 18:32:00,STR-111,CUST-5183,PRD-1021,1,5708.56,0.0,5708.56,UPI,Mobile App
TXN-101367,2026-05-24 19:31:00,STR-102,CUST-5057,PRD-1013,5,24637.91,0.05,117030.07,Credit Card,Online
TXN-101368,2026-05-05 17:44:00,STR-103,CUST-5029,PRD-1040,3,6993.15,0.0,20979.45,UPI,In-Store
TXN-101369,2026-05-14 09:15:00,STR-103,CUST-5026,PRD-1009,5,20274.45,0.0,101372.25,Net Banking,In-Store
TXN-101370,2026-01-15 09:19:00,STR-106,CUST-5123,PRD-1032,4,19167.84,0.15,65170.66,Credit Card,In-Store
TXN-101371,2026-06-24 15:54:00,STR-110,CUST-5157,PRD-1034,3,9660.26,0.2,23184.62,UPI,Online
TXN-101372,2026-02-06 21:47:00,STR-110,CUST-5061,PRD-1009,1,20274.45,0.05,19260.73,Credit Card,Mobile App
TXN-101373,2026-05-02 15:18:00,STR-104,CUST-5170,PRD-1047,5,13096.34,0.05,62207.61,UPI,Mobile App
TXN-101374,2026-04-11 14:44:00,STR-112,CUST-5027,PRD-1031,3,23868.44,0.1,64444.79,Net Banking,Online
TXN-101375,2026-03-14 15:07:00,STR-109,CUST-5099,PRD-1027,2,2055.49,0.0,4110.98,UPI,Mobile App
TXN-101376,2026-04-24 08:58:00,STR-114,CUST-5090,PRD-1019,1,20633.99,0.2,16507.19,Credit Card,Online
TXN-101377,2026-01-03 10:22:00,STR-108,CUST-5128,PRD-1046,4,2150.38,0.1,7741.37,Credit Card,Online
TXN-101378,2026-05-12 09:11:00,STR-110,CUST-5038,PRD-1045,5,14916.37,0.15,63394.57,Debit Card,Mobile App
TXN-101379,2026-04-28 19:54:00,STR-112,CUST-5035,PRD-1046,5,2150.38,0.1,9676.71,Debit Card,Mobile App
TXN-101380,2026-06-15 15:24:00,STR-107,CUST-5155,PRD-1019,4,20633.99,0.0,82535.96,Credit Card,Mobile App
TXN-101381,2026-03-08 10:44:00,STR-105,CUST-5150,PRD-1045,5,14916.37,0.2,59665.48,Cash,Online
TXN-101382,2026-01-18 08:01:00,STR-113,CUST-5187,PRD-1037,5,1918.22,0.15,8152.44,Credit Card,In-Store
TXN-101383,2026-06-23 15:20:00,STR-112,CUST-5059,PRD-1006,1,17604.11,0.15,14963.49,Credit Card,In-Store
TXN-101384,2026-01-17 08:39:00,STR-104,CUST-5029,PRD-1011,4,20820.24,0.15,70788.82,UPI,Mobile App
TXN-101385,2026-06-05 18:53:00,STR-100,CUST-5044,PRD-1004,4,18042.2,0.1,64951.92,Debit Card,In-Store
TXN-101386,2026-02-04 18:36:00,STR-108,CUST-5051,PRD-1044,4,2067.7,0.15,7030.18,Credit Card,Online
TXN-101387,2026-02-27 11:47:00,STR-102,CUST-5111,PRD-1031,4,23868.44,0.1,85926.38,Cash,In-Store
TXN-101388,2026-06-11 18:06:00,STR-103,CUST-5008,PRD-1005,5,11505.07,0.0,57525.35,Credit Card,In-Store
TXN-101389,2026-05-20 21:04:00,STR-105,CUST-5047,PRD-1023,4,6936.43,0.2,22196.58,Cash,Online
TXN-101390,2026-05-02 16:22:00,STR-105,CUST-5158,PRD-1012,2,5210.26,0.2,8336.42,Cash,In-Store
TXN-101391,2026-06-10 14:55:00,STR-101,CUST-5145,PRD-1004,4,18042.2,0.15,61343.48,UPI,In-Store
TXN-101392,2026-01-31 15:14:00,STR-100,CUST-5153,PRD-1033,3,21120.74,0.0,63362.22,Cash,Online
TXN-101393,2026-03-06 14:45:00,STR-105,CUST-5017,PRD-1001,2,18543.28,0.1,33377.9,Credit Card,Online
TXN-101394,2026-03-03 21:33:00,STR-114,CUST-5156,PRD-1004,5,18042.2,0.2,72168.8,Cash,Online
TXN-101395,2026-05-20 19:57:00,STR-101,CUST-5149,PRD-1025,5,12590.63,0.0,62953.15,Net Banking,Online
TXN-101396,2026-03-28 14:16:00,STR-103,CUST-5085,PRD-1041,1,23258.31,0.0,23258.31,UPI,In-Store
TXN-101397,2026-06-19 08:15:00,STR-107,CUST-5018,PRD-1013,5,24637.91,0.1,110870.6,Cash,Mobile App
TXN-101398,2026-01-19 14:38:00,STR-111,CUST-5156,PRD-1044,1,2067.7,0.1,1860.93,UPI,Mobile App
TXN-101399,2026-01-11 09:02:00,STR-107,CUST-5129,PRD-1030,2,3232.14,0.1,5817.85,Credit Card,Mobile App
TXN-101400,2026-03-19 20:54:00,STR-114,CUST-5058,PRD-1022,4,6988.83,0.15,23762.02,UPI,In-Store
TXN-101401,2026-06-05 21:24:00,STR-110,CUST-5175,PRD-1001,2,18543.28,0.2,29669.25,UPI,Mobile App
TXN-101402,2026-04-07 19:08:00,STR-106,CUST-5179,PRD-1030,1,3232.14,0.15,2747.32,Net Banking,Mobile App
TXN-101403,2026-01-31 17:57:00,STR-105,CUST-5090,PRD-1008,1,2868.65,0.15,2438.35,Credit Card,Online
TXN-101404,2026-03-01 09:37:00,STR-100,CUST-5058,PRD-1027,1,2055.49,0.05,1952.72,Net Banking,Mobile App
TXN-101405,2026-01-12 20:00:00,STR-113,CUST-5184,PRD-1048,5,13710.77,0.2,54843.08,Credit Card,In-Store
TXN-101406,2026-04-23 10:18:00,STR-100,CUST-5080,PRD-1004,1,18042.2,0.05,17140.09,Debit Card,Mobile App
TXN-101407,2026-02-03 17:25:00,STR-107,CUST-5168,PRD-1041,2,23258.31,0.1,41864.96,UPI,Mobile App
TXN-101408,2026-05-20 11:31:00,STR-111,CUST-5188,PRD-1004,1,18042.2,0.1,16237.98,Debit Card,In-Store
TXN-101409,2026-05-22 12:55:00,STR-110,CUST-5062,PRD-1028,3,6658.9,0.1,17979.03,Cash,Online
TXN-101410,2026-01-27 08:22:00,STR-114,CUST-5105,PRD-1020,5,2120.69,0.2,8482.76,Cash,Online
TXN-101411,2026-02-05 21:33:00,STR-103,CUST-5078,PRD-1017,1,11824.84,0.05,11233.6,Cash,In-Store
TXN-101412,2026-01-10 11:44:00,STR-107,CUST-5166,PRD-1007,3,23951.68,0.05,68262.29,Net Banking,In-Store
TXN-101413,2026-03-11 12:37:00,STR-106,CUST-5076,PRD-1001,4,18543.28,0.0,74173.12,UPI,In-Store
TXN-101414,2026-05-07 08:55:00,STR-106,CUST-5098,PRD-1017,5,11824.84,0.15,50255.57,Net Banking,In-Store
TXN-101415,2026-02-17 18:27:00,STR-108,CUST-5013,PRD-1014,2,7309.63,0.15,12426.37,Debit Card,In-Store
TXN-101416,2026-06-05 20:57:00,STR-105,CUST-5067,PRD-1034,3,9660.26,0.0,28980.78,Cash,In-Store
TXN-101417,2026-06-09 14:55:00,STR-106,CUST-5186,PRD-1048,1,13710.77,0.1,12339.69,UPI,In-Store
TXN-101418,2026-05-17 15:27:00,STR-109,CUST-5184,PRD-1035,4,15173.74,0.1,54625.46,Cash,Mobile App
TXN-101419,2026-04-30 19:59:00,STR-103,CUST-5033,PRD-1016,2,15423.32,0.15,26219.64,UPI,Online
TXN-101420,2026-03-05 20:34:00,STR-104,CUST-5086,PRD-1043,3,22540.44,0.0,67621.32,Cash,Online
TXN-101421,2026-04-03 12:42:00,STR-104,CUST-5167,PRD-1002,5,14966.66,0.1,67349.97,Cash,In-Store
TXN-101422,2026-06-19 13:53:00,STR-104,CUST-5045,PRD-1007,3,23951.68,0.2,57484.03,Net Banking,Online
TXN-101423,2026-04-30 08:22:00,STR-107,CUST-5163,PRD-1001,4,18543.28,0.0,74173.12,Cash,In-Store
TXN-101424,2026-01-21 12:57:00,STR-109,CUST-5141,PRD-1026,1,15872.06,0.2,12697.65,Debit Card,In-Store
TXN-101425,2026-03-12 12:55:00,STR-107,CUST-5032,PRD-1028,2,6658.9,0.1,11986.02,Credit Card,Mobile App
TXN-101426,2026-06-17 08:14:00,STR-101,CUST-5167,PRD-1011,2,20820.24,0.2,33312.38,UPI,In-Store
TXN-101427,2026-05-29 13:02:00,STR-108,CUST-5183,PRD-1043,5,22540.44,0.15,95796.87,Credit Card,In-Store
TXN-101428,2026-01-05 18:54:00,STR-113,CUST-5090,PRD-1045,3,14916.37,0.1,40274.2,Cash,Mobile App
TXN-101429,2026-03-31 09:04:00,STR-108,CUST-5113,PRD-1002,5,14966.66,0.05,71091.63,UPI,Mobile App
TXN-101430,2026-03-25 17:23:00,STR-113,CUST-5174,PRD-1004,2,18042.2,0.05,34280.18,Net Banking,In-Store
TXN-101431,2026-02-06 08:20:00,STR-109,CUST-5092,PRD-1041,4,23258.31,0.1,83729.92,Debit Card,Online
TXN-101432,2026-03-17 17:01:00,STR-102,CUST-5094,PRD-1041,3,23258.31,0.15,59308.69,UPI,Online
TXN-101433,2026-01-28 17:13:00,STR-112,CUST-5080,PRD-1009,5,20274.45,0.0,101372.25,Cash,Mobile App
TXN-101434,2026-03-30 11:24:00,STR-113,CUST-5149,PRD-1049,5,12079.91,0.2,48319.64,UPI,Mobile App
TXN-101435,2026-06-16 09:04:00,STR-114,CUST-5057,PRD-1046,2,2150.38,0.15,3655.65,Cash,Mobile App
TXN-101436,2026-05-18 19:07:00,STR-113,CUST-5135,PRD-1036,5,22028.56,0.15,93621.38,UPI,Mobile App
TXN-101437,2026-04-23 13:17:00,STR-103,CUST-5147,PRD-1030,5,3232.14,0.2,12928.56,Debit Card,In-Store
TXN-101438,2026-03-01 15:20:00,STR-111,CUST-5029,PRD-1021,2,5708.56,0.1,10275.41,Credit Card,Online
TXN-101439,2026-01-21 13:35:00,STR-108,CUST-5019,PRD-1046,4,2150.38,0.1,7741.37,Debit Card,Mobile App
TXN-101440,2026-04-25 20:26:00,STR-103,CUST-5145,PRD-1030,5,3232.14,0.05,15352.66,Credit Card,Mobile App
TXN-101441,2026-06-20 10:38:00,STR-104,CUST-5073,PRD-1015,4,9568.8,0.2,30620.16,Debit Card,Online
TXN-101442,2026-04-18 16:09:00,STR-109,CUST-5126,PRD-1007,1,23951.68,0.15,20358.93,Credit Card,In-Store
TXN-101443,2026-01-31 14:16:00,STR-112,CUST-5141,PRD-1029,1,17201.59,0.05,16341.51,Net Banking,Mobile App
TXN-101444,2026-04-21 08:44:00,STR-102,CUST-5018,PRD-1006,2,17604.11,0.0,35208.22,Credit Card,Mobile App
TXN-101445,2026-04-01 10:25:00,STR-111,CUST-5142,PRD-1033,4,21120.74,0.15,71810.52,Credit Card,Mobile App
TXN-101446,2026-03-28 17:38:00,STR-109,CUST-5027,PRD-1018,1,17272.73,0.1,15545.46,UPI,In-Store
TXN-101447,2026-04-15 18:28:00,STR-111,CUST-5111,PRD-1047,3,13096.34,0.15,33395.67,Debit Card,Online
TXN-101448,2026-05-31 21:59:00,STR-108,CUST-5021,PRD-1044,2,2067.7,0.05,3928.63,Credit Card,In-Store
TXN-101449,2026-06-22 18:29:00,STR-106,CUST-5082,PRD-1037,5,1918.22,0.1,8631.99,Net Banking,In-Store
TXN-101450,2026-01-25 11:19:00,STR-107,CUST-5087,PRD-1032,5,19167.84,0.1,86255.28,UPI,Mobile App
TXN-101451,2026-05-11 21:59:00,STR-106,CUST-5073,PRD-1033,5,21120.74,0.2,84482.96,Debit Card,Online
TXN-101452,2026-01-11 21:47:00,STR-114,CUST-5187,PRD-1020,2,2120.69,0.05,4029.31,Credit Card,Online
TXN-101453,2026-06-07 13:06:00,STR-105,CUST-5072,PRD-1033,3,21120.74,0.2,50689.78,Credit Card,In-Store
TXN-101454,2026-04-23 11:56:00,STR-102,CUST-5073,PRD-1018,3,17272.73,0.15,44045.46,Debit Card,Mobile App
TXN-101455,2026-06-20 12:09:00,STR-101,CUST-5052,PRD-1048,1,13710.77,0.05,13025.23,Cash,Mobile App
TXN-101456,2026-06-03 08:57:00,STR-108,CUST-5137,PRD-1048,2,13710.77,0.0,27421.54,Credit Card,In-Store
TXN-101457,2026-02-22 12:36:00,STR-106,CUST-5187,PRD-1031,1,23868.44,0.1,21481.6,Net Banking,Mobile App
TXN-101458,2026-01-29 19:45:00,STR-114,CUST-5030,PRD-1008,4,2868.65,0.1,10327.14,Net Banking,Online
TXN-101459,2026-02-05 12:46:00,STR-110,CUST-5029,PRD-1031,3,23868.44,0.0,71605.32,Debit Card,In-Store
TXN-101460,2026-03-25 10:32:00,STR-105,CUST-5070,PRD-1047,2,13096.34,0.0,26192.68,Net Banking,Mobile App
TXN-101461,2026-06-30 19:20:00,STR-114,CUST-5009,PRD-1047,5,13096.34,0.0,65481.7,Net Banking,In-Store
TXN-101462,2026-02-18 21:35:00,STR-110,CUST-5160,PRD-1045,5,14916.37,0.1,67123.67,UPI,Mobile App
TXN-101463,2026-02-05 17:24:00,STR-113,CUST-5056,PRD-1040,1,6993.15,0.05,6643.49,Credit Card,Online
TXN-101464,2026-02-17 19:31:00,STR-104,CUST-5033,PRD-1030,2,3232.14,0.15,5494.64,Credit Card,Mobile App
TXN-101465,2026-01-01 14:04:00,STR-107,CUST-5142,PRD-1005,5,11505.07,0.05,54649.08,Cash,In-Store
TXN-101466,2026-04-18 19:16:00,STR-109,CUST-5097,PRD-1045,2,14916.37,0.0,29832.74,Cash,In-Store
TXN-101467,2026-05-16 18:11:00,STR-114,CUST-5076,PRD-1040,3,6993.15,0.15,17832.53,Credit Card,Online
TXN-101468,2026-06-11 14:38:00,STR-105,CUST-5139,PRD-1042,4,10274.71,0.15,34934.01,Net Banking,Online
TXN-101469,2026-03-15 14:28:00,STR-105,CUST-5063,PRD-1006,2,17604.11,0.0,35208.22,Net Banking,In-Store
TXN-101470,2026-06-19 09:22:00,STR-111,CUST-5101,PRD-1011,4,20820.24,0.1,74952.86,Credit Card,Online
TXN-101471,2026-06-25 11:01:00,STR-104,CUST-5068,PRD-1031,5,23868.44,0.15,101440.87,Cash,In-Store
TXN-101472,2026-03-24 12:43:00,STR-105,CUST-5105,PRD-1026,1,15872.06,0.2,12697.65,Net Banking,Online
TXN-101473,2026-01-14 12:31:00,STR-111,CUST-5056,PRD-1027,4,2055.49,0.1,7399.76,Debit Card,Mobile App
TXN-101474,2026-04-15 11:36:00,STR-114,CUST-5042,PRD-1002,3,14966.66,0.15,38164.98,Cash,In-Store
TXN-101475,2026-06-06 13:08:00,STR-109,CUST-5138,PRD-1049,1,12079.91,0.2,9663.93,UPI,Mobile App
TXN-101476,2026-06-30 13:58:00,STR-105,CUST-5196,PRD-1001,4,18543.28,0.0,74173.12,Cash,In-Store
TXN-101477,2026-02-23 13:34:00,STR-103,CUST-5040,PRD-1041,1,23258.31,0.2,18606.65,Cash,Online
TXN-101478,2026-02-11 13:21:00,STR-106,CUST-5055,PRD-1045,2,14916.37,0.1,26849.47,Cash,Mobile App
TXN-101479,2026-01-06 20:33:00,STR-101,CUST-5128,PRD-1015,1,9568.8,0.0,9568.8,Net Banking,Online
TXN-101480,2026-03-19 08:14:00,STR-110,CUST-5197,PRD-1002,2,14966.66,0.1,26939.99,Credit Card,In-Store
TXN-101481,2026-06-17 14:08:00,STR-113,CUST-5189,PRD-1017,1,11824.84,0.15,10051.11,Debit Card,In-Store
TXN-101482,2026-06-30 20:46:00,STR-106,CUST-5005,PRD-1004,1,18042.2,0.2,14433.76,UPI,Mobile App
TXN-101483,2026-01-25 19:37:00,STR-112,CUST-5100,PRD-1034,5,9660.26,0.05,45886.24,Credit Card,Mobile App
TXN-101484,2026-05-12 19:01:00,STR-104,CUST-5070,PRD-1019,3,20633.99,0.15,52616.67,Net Banking,In-Store
TXN-101485,2026-05-01 14:18:00,STR-106,CUST-5023,PRD-1006,3,17604.11,0.2,42249.86,Credit Card,Online
TXN-101486,2026-03-14 19:34:00,STR-108,CUST-5062,PRD-1035,3,15173.74,0.15,38693.04,Net Banking,In-Store
TXN-101487,2026-05-20 19:06:00,STR-107,CUST-5057,PRD-1031,4,23868.44,0.1,85926.38,Cash,In-Store
TXN-101488,2026-04-05 15:36:00,STR-101,CUST-5164,PRD-1025,2,12590.63,0.15,21404.07,Debit Card,Online
TXN-101489,2026-05-24 10:13:00,STR-113,CUST-5125,PRD-1009,1,20274.45,0.0,20274.45,Cash,In-Store
TXN-101490,2026-06-07 21:30:00,STR-108,CUST-5185,PRD-1005,2,11505.07,0.15,19558.62,Cash,In-Store
TXN-101491,2026-04-16 12:47:00,STR-105,CUST-5038,PRD-1003,4,6199.42,0.1,22317.91,UPI,Online
TXN-101492,2026-04-15 21:00:00,STR-104,CUST-5176,PRD-1044,5,2067.7,0.2,8270.8,Credit Card,Mobile App
TXN-101493,2026-03-22 18:15:00,STR-105,CUST-5118,PRD-1031,5,23868.44,0.15,101440.87,Net Banking,Mobile App
TXN-101494,2026-04-19 19:04:00,STR-106,CUST-5032,PRD-1035,1,15173.74,0.0,15173.74,UPI,In-Store
TXN-101495,2026-02-20 15:55:00,STR-101,CUST-5009,PRD-1033,1,21120.74,0.05,20064.7,Net Banking,Online
TXN-101496,2026-02-05 19:55:00,STR-108,CUST-5107,PRD-1010,5,24341.31,0.15,103450.57,Net Banking,In-Store
TXN-101497,2026-03-17 19:59:00,STR-114,CUST-5173,PRD-1018,1,17272.73,0.15,14681.82,Debit Card,Mobile App
TXN-101498,2026-05-25 18:10:00,STR-102,CUST-5074,PRD-1020,5,2120.69,0.1,9543.11,Cash,Mobile App
TXN-101499,2026-05-13 17:16:00,STR-107,CUST-5118,PRD-1013,5,24637.91,0.1,110870.6,Credit Card,Online
TXN-101500,2026-05-15 19:53:00,STR-107,CUST-5002,PRD-1047,2,13096.34,0.05,24883.05,Debit Card,Online
TXN-101501,2026-01-18 08:19:00,STR-111,CUST-5048,PRD-1011,2,20820.24,0.15,35394.41,Credit Card,Mobile App
TXN-101502,2026-03-26 09:03:00,STR-109,CUST-5119,PRD-1006,5,17604.11,0.15,74817.47,Cash,In-Store
TXN-101503,2026-02-27 13:40:00,STR-100,CUST-5049,PRD-1004,3,18042.2,0.2,43301.28,Debit Card,Online
TXN-101504,2026-04-05 17:49:00,STR-106,CUST-5065,PRD-1027,5,2055.49,0.1,9249.7,Cash,Mobile App
TXN-101505,2026-06-01 10:06:00,STR-111,CUST-5055,PRD-1041,2,23258.31,0.0,46516.62,Debit Card,In-Store
TXN-101506,2026-02-02 20:33:00,STR-109,CUST-5165,PRD-1016,5,15423.32,0.0,77116.6,Net Banking,Online
TXN-101507,2026-03-12 20:47:00,STR-113,CUST-5157,PRD-1036,5,22028.56,0.2,88114.24,Net Banking,In-Store
TXN-101508,2026-02-25 09:59:00,STR-112,CUST-5157,PRD-1010,1,24341.31,0.05,23124.24,Credit Card,In-Store
TXN-101509,2026-03-24 09:57:00,STR-100,CUST-5035,PRD-1010,4,24341.31,0.0,97365.24,Cash,Online
TXN-101510,2026-03-19 16:48:00,STR-101,CUST-5061,PRD-1027,4,2055.49,0.1,7399.76,Cash,Online
TXN-101511,2026-04-01 12:53:00,STR-108,CUST-5081,PRD-1024,4,9368.27,0.15,31852.12,Cash,In-Store
TXN-101512,2026-06-12 21:17:00,STR-111,CUST-5036,PRD-1038,2,18431.47,0.05,35019.79,Net Banking,Mobile App
TXN-101513,2026-06-25 09:35:00,STR-114,CUST-5111,PRD-1028,4,6658.9,0.1,23972.04,Debit Card,In-Store
TXN-101514,2026-06-21 13:46:00,STR-106,CUST-5054,PRD-1001,3,18543.28,0.15,47285.36,Cash,Mobile App
TXN-101515,2026-02-15 19:00:00,STR-103,CUST-5113,PRD-1012,4,5210.26,0.1,18756.94,Debit Card,Mobile App
TXN-101516,2026-03-21 13:06:00,STR-114,CUST-5094,PRD-1012,1,5210.26,0.2,4168.21,Debit Card,Mobile App
TXN-101517,2026-01-09 18:17:00,STR-110,CUST-5122,PRD-1000,5,1111.79,0.1,5003.06,Net Banking,In-Store
TXN-101518,2026-06-10 08:36:00,STR-113,CUST-5007,PRD-1044,3,2067.7,0.1,5582.79,Net Banking,Mobile App
TXN-101519,2026-02-14 15:47:00,STR-113,CUST-5165,PRD-1040,4,6993.15,0.15,23776.71,Cash,In-Store
TXN-101520,2026-06-06 19:09:00,STR-111,CUST-5188,PRD-1002,3,14966.66,0.0,44899.98,Credit Card,In-Store
TXN-101521,2026-01-15 15:40:00,STR-111,CUST-5015,PRD-1005,4,11505.07,0.0,46020.28,Debit Card,In-Store
TXN-101522,2026-06-17 17:47:00,STR-100,CUST-5085,PRD-1034,3,9660.26,0.05,27531.74,Debit Card,Mobile App
TXN-101523,2026-05-13 08:42:00,STR-106,CUST-5106,PRD-1010,5,24341.31,0.1,109535.9,UPI,In-Store
TXN-101524,2026-03-10 09:11:00,STR-107,CUST-5011,PRD-1012,5,5210.26,0.05,24748.74,Debit Card,Mobile App
TXN-101525,2026-02-14 18:47:00,STR-113,CUST-5000,PRD-1012,5,5210.26,0.15,22143.61,Debit Card,Online
TXN-101526,2026-03-29 15:36:00,STR-113,CUST-5178,PRD-1035,3,15173.74,0.0,45521.22,UPI,Mobile App
TXN-101527,2026-01-24 10:46:00,STR-101,CUST-5047,PRD-1029,1,17201.59,0.0,17201.59,Debit Card,Mobile App
TXN-101528,2026-01-03 11:40:00,STR-105,CUST-5117,PRD-1040,1,6993.15,0.05,6643.49,UPI,Mobile App
TXN-101529,2026-02-03 12:03:00,STR-106,CUST-5180,PRD-1015,3,9568.8,0.05,27271.08,Debit Card,In-Store
TXN-101530,2026-03-22 14:14:00,STR-113,CUST-5048,PRD-1017,2,11824.84,0.2,18919.74,Debit Card,In-Store
TXN-101531,2026-06-28 15:16:00,STR-101,CUST-5125,PRD-1011,3,20820.24,0.1,56214.65,Debit Card,Mobile App
TXN-101532,2026-04-26 21:40:00,STR-110,CUST-5043,PRD-1023,3,6936.43,0.2,16647.43,UPI,Mobile App
TXN-101533,2026-05-26 11:44:00,STR-106,CUST-5088,PRD-1024,2,9368.27,0.2,14989.23,Debit Card,In-Store
TXN-101534,2026-03-10 09:32:00,STR-112,CUST-5053,PRD-1021,5,5708.56,0.2,22834.24,Debit Card,In-Store
TXN-101535,2026-01-30 16:42:00,STR-110,CUST-5047,PRD-1029,3,17201.59,0.0,51604.77,Net Banking,In-Store
TXN-101536,2026-04-06 17:24:00,STR-110,CUST-5150,PRD-1029,5,17201.59,0.1,77407.15,UPI,Online
TXN-101537,2026-01-03 10:26:00,STR-107,CUST-5085,PRD-1044,1,2067.7,0.1,1860.93,Debit Card,Mobile App
TXN-101538,2026-03-20 10:29:00,STR-108,CUST-5047,PRD-1006,2,17604.11,0.1,31687.4,UPI,Online
TXN-101539,2026-05-28 19:27:00,STR-111,CUST-5102,PRD-1039,4,3644.72,0.2,11663.1,Net Banking,In-Store
TXN-101540,2026-03-28 15:43:00,STR-106,CUST-5076,PRD-1016,3,15423.32,0.2,37015.97,UPI,In-Store
TXN-101541,2026-04-18 14:49:00,STR-104,CUST-5147,PRD-1048,5,13710.77,0.0,68553.85,Net Banking,Mobile App
TXN-101542,2026-02-12 12:56:00,STR-109,CUST-5178,PRD-1001,2,18543.28,0.2,29669.25,Cash,In-Store
TXN-101543,2026-06-19 13:50:00,STR-100,CUST-5023,PRD-1036,2,22028.56,0.05,41854.26,Debit Card,In-Store
TXN-101544,2026-02-12 15:00:00,STR-110,CUST-5037,PRD-1022,4,6988.83,0.15,23762.02,Credit Card,In-Store
TXN-101545,2026-02-17 11:54:00,STR-103,CUST-5111,PRD-1019,3,20633.99,0.0,61901.97,UPI,Mobile App
TXN-101546,2026-04-06 08:30:00,STR-102,CUST-5088,PRD-1015,2,9568.8,0.2,15310.08,UPI,Online
TXN-101547,2026-05-01 18:24:00,STR-113,CUST-5118,PRD-1035,4,15173.74,0.05,57660.21,Credit Card,In-Store
TXN-101548,2026-02-04 14:49:00,STR-105,CUST-5072,PRD-1024,2,9368.27,0.1,16862.89,Net Banking,Mobile App
TXN-101549,2026-03-30 15:42:00,STR-111,CUST-5150,PRD-1025,5,12590.63,0.0,62953.15,UPI,In-Store
TXN-101550,2026-04-05 13:21:00,STR-108,CUST-5000,PRD-1038,2,18431.47,0.05,35019.79,Cash,Mobile App
TXN-101551,2026-06-15 11:08:00,STR-107,CUST-5048,PRD-1048,4,13710.77,0.0,54843.08,UPI,In-Store
TXN-101552,2026-03-28 14:41:00,STR-102,CUST-5108,PRD-1019,4,20633.99,0.0,82535.96,Credit Card,Online
TXN-101553,2026-01-09 12:26:00,STR-102,CUST-5041,PRD-1019,4,20633.99,0.15,70155.57,Net Banking,Mobile App
TXN-101554,2026-01-22 13:43:00,STR-111,CUST-5025,PRD-1033,1,21120.74,0.15,17952.63,Net Banking,In-Store
TXN-101555,2026-05-28 16:24:00,STR-110,CUST-5116,PRD-1010,3,24341.31,0.05,69372.73,UPI,Online
TXN-101556,2026-01-14 12:27:00,STR-104,CUST-5189,PRD-1041,4,23258.31,0.15,79078.25,UPI,Mobile App
TXN-101557,2026-05-02 19:21:00,STR-113,CUST-5136,PRD-1028,5,6658.9,0.1,29965.05,Debit Card,In-Store
TXN-101558,2026-04-09 21:43:00,STR-101,CUST-5038,PRD-1011,4,20820.24,0.2,66624.77,UPI,Online
TXN-101559,2026-02-20 16:52:00,STR-109,CUST-5186,PRD-1045,5,14916.37,0.1,67123.67,Net Banking,Online
TXN-101560,2026-01-11 09:55:00,STR-107,CUST-5117,PRD-1003,4,6199.42,0.1,22317.91,Debit Card,In-Store
TXN-101561,2026-04-19 13:43:00,STR-104,CUST-5196,PRD-1038,3,18431.47,0.1,49764.97,UPI,Mobile App
TXN-101562,2026-04-02 14:01:00,STR-107,CUST-5083,PRD-1017,2,11824.84,0.1,21284.71,Debit Card,Mobile App
TXN-101563,2026-04-02 19:02:00,STR-108,CUST-5189,PRD-1002,5,14966.66,0.0,74833.3,Net Banking,In-Store
TXN-101564,2026-01-25 10:46:00,STR-102,CUST-5162,PRD-1011,1,20820.24,0.2,16656.19,Net Banking,Online
TXN-101565,2026-06-26 17:15:00,STR-114,CUST-5187,PRD-1017,3,11824.84,0.15,30153.34,Cash,Mobile App
TXN-101566,2026-03-25 13:02:00,STR-102,CUST-5155,PRD-1029,1,17201.59,0.0,17201.59,UPI,Online
TXN-101567,2026-06-13 19:19:00,STR-106,CUST-5102,PRD-1032,1,19167.84,0.1,17251.06,UPI,In-Store
TXN-101568,2026-04-21 09:50:00,STR-103,CUST-5146,PRD-1047,3,13096.34,0.0,39289.02,Debit Card,Online
TXN-101569,2026-03-04 19:51:00,STR-100,CUST-5095,PRD-1039,5,3644.72,0.2,14578.88,Cash,Online
TXN-101570,2026-06-26 20:11:00,STR-104,CUST-5128,PRD-1013,4,24637.91,0.1,88696.48,UPI,Mobile App
TXN-101571,2026-03-11 08:26:00,STR-103,CUST-5004,PRD-1025,2,12590.63,0.1,22663.13,Net Banking,Mobile App
TXN-101572,2026-04-29 17:50:00,STR-110,CUST-5081,PRD-1008,3,2868.65,0.1,7745.36,UPI,In-Store
TXN-101573,2026-02-26 09:39:00,STR-104,CUST-5186,PRD-1014,1,7309.63,0.1,6578.67,Cash,Online
TXN-101574,2026-03-26 16:24:00,STR-107,CUST-5142,PRD-1037,4,1918.22,0.2,6138.3,UPI,Online
TXN-101575,2026-04-24 10:29:00,STR-113,CUST-5190,PRD-1021,3,5708.56,0.1,15413.11,Net Banking,In-Store
TXN-101576,2026-03-07 14:02:00,STR-110,CUST-5146,PRD-1034,2,9660.26,0.15,16422.44,UPI,Mobile App
TXN-101577,2026-01-22 11:47:00,STR-108,CUST-5094,PRD-1031,5,23868.44,0.1,107407.98,Debit Card,Online
TXN-101578,2026-06-22 15:01:00,STR-102,CUST-5159,PRD-1048,3,13710.77,0.15,34962.46,Cash,In-Store
TXN-101579,2026-04-21 14:48:00,STR-100,CUST-5192,PRD-1039,3,3644.72,0.2,8747.33,Debit Card,Mobile App
TXN-101580,2026-04-07 16:08:00,STR-106,CUST-5155,PRD-1047,4,13096.34,0.05,49766.09,UPI,In-Store
TXN-101581,2026-01-29 17:18:00,STR-102,CUST-5040,PRD-1025,2,12590.63,0.05,23922.2,Net Banking,Mobile App
TXN-101582,2026-04-18 17:17:00,STR-105,CUST-5197,PRD-1026,3,15872.06,0.05,45235.37,Debit Card,Mobile App
TXN-101583,2026-05-18 16:25:00,STR-103,CUST-5103,PRD-1006,3,17604.11,0.2,42249.86,Net Banking,Online
TXN-101584,2026-02-15 14:18:00,STR-100,CUST-5136,PRD-1018,4,17272.73,0.05,65636.37,Debit Card,Online
TXN-101585,2026-04-09 17:41:00,STR-106,CUST-5107,PRD-1041,2,23258.31,0.0,46516.62,Net Banking,In-Store
TXN-101586,2026-02-27 10:39:00,STR-109,CUST-5128,PRD-1040,1,6993.15,0.2,5594.52,UPI,Mobile App
TXN-101587,2026-03-25 17:15:00,STR-102,CUST-5145,PRD-1036,4,22028.56,0.0,88114.24,Net Banking,Mobile App
TXN-101588,2026-06-03 20:41:00,STR-106,CUST-5141,PRD-1005,3,11505.07,0.0,34515.21,Cash,In-Store
TXN-101589,2026-03-03 10:30:00,STR-114,CUST-5182,PRD-1010,4,24341.31,0.1,87628.72,Credit Card,Online
TXN-101590,2026-01-08 11:36:00,STR-107,CUST-5117,PRD-1008,3,2868.65,0.0,8605.95,Credit Card,Mobile App
TXN-101591,2026-02-15 15:32:00,STR-110,CUST-5028,PRD-1038,4,18431.47,0.05,70039.59,Cash,Online
TXN-101592,2026-01-18 08:47:00,STR-100,CUST-5174,PRD-1010,2,24341.31,0.15,41380.23,Net Banking,Mobile App
TXN-101593,2026-04-17 12:56:00,STR-111,CUST-5137,PRD-1030,4,3232.14,0.0,12928.56,UPI,Mobile App
TXN-101594,2026-01-07 15:30:00,STR-113,CUST-5185,PRD-1049,5,12079.91,0.2,48319.64,UPI,Online
TXN-101595,2026-04-13 19:59:00,STR-108,CUST-5161,PRD-1025,1,12590.63,0.1,11331.57,Net Banking,Online
TXN-101596,2026-03-09 20:52:00,STR-109,CUST-5192,PRD-1007,1,23951.68,0.05,22754.1,UPI,Mobile App
TXN-101597,2026-06-18 13:09:00,STR-114,CUST-5062,PRD-1010,3,24341.31,0.15,62070.34,Net Banking,In-Store
TXN-101598,2026-06-14 19:04:00,STR-107,CUST-5181,PRD-1016,1,15423.32,0.1,13880.99,Net Banking,In-Store
TXN-101599,2026-03-17 19:28:00,STR-105,CUST-5115,PRD-1048,3,13710.77,0.1,37019.08,Debit Card,Mobile App
TXN-101600,2026-02-05 10:33:00,STR-104,CUST-5006,PRD-1017,5,11824.84,0.0,59124.2,Credit Card,Online
TXN-101601,2026-03-20 19:10:00,STR-109,CUST-5162,PRD-1036,3,22028.56,0.1,59477.11,Debit Card,Online
TXN-101602,2026-02-09 19:51:00,STR-111,CUST-5032,PRD-1045,4,14916.37,0.1,53698.93,Credit Card,Mobile App
TXN-101603,2026-06-13 11:01:00,STR-113,CUST-5054,PRD-1018,4,17272.73,0.1,62181.83,Cash,Online
TXN-101604,2026-03-08 13:46:00,STR-108,CUST-5190,PRD-1009,5,20274.45,0.0,101372.25,Cash,Online
TXN-101605,2026-03-30 18:09:00,STR-109,CUST-5128,PRD-1030,5,3232.14,0.05,15352.66,Debit Card,Mobile App
TXN-101606,2026-06-15 10:55:00,STR-108,CUST-5123,PRD-1023,4,6936.43,0.15,23583.86,Credit Card,Online
TXN-101607,2026-03-29 11:19:00,STR-103,CUST-5057,PRD-1024,1,9368.27,0.0,9368.27,Credit Card,Online
TXN-101608,2026-04-02 15:29:00,STR-109,CUST-5163,PRD-1038,1,18431.47,0.05,17509.9,UPI,Mobile App
TXN-101609,2026-04-04 18:02:00,STR-106,CUST-5160,PRD-1033,2,21120.74,0.05,40129.41,UPI,Online
TXN-101610,2026-05-22 16:54:00,STR-111,CUST-5137,PRD-1032,1,19167.84,0.1,17251.06,UPI,In-Store
TXN-101611,2026-03-05 11:16:00,STR-112,CUST-5189,PRD-1028,5,6658.9,0.2,26635.6,Credit Card,Mobile App
TXN-101612,2026-06-26 19:29:00,STR-102,CUST-5010,PRD-1041,2,23258.31,0.05,44190.79,Cash,Online
TXN-101613,2026-02-18 19:53:00,STR-114,CUST-5016,PRD-1035,3,15173.74,0.0,45521.22,Credit Card,Mobile App
TXN-101614,2026-02-28 11:37:00,STR-112,CUST-5148,PRD-1019,1,20633.99,0.05,19602.29,Net Banking,Online
TXN-101615,2026-03-23 20:40:00,STR-101,CUST-5050,PRD-1006,5,17604.11,0.0,88020.55,Net Banking,In-Store
TXN-101616,2026-02-20 09:34:00,STR-109,CUST-5055,PRD-1028,1,6658.9,0.15,5660.06,Cash,Online
TXN-101617,2026-05-29 14:55:00,STR-114,CUST-5028,PRD-1019,5,20633.99,0.0,103169.95,Net Banking,Mobile App
TXN-101618,2026-04-27 08:16:00,STR-112,CUST-5104,PRD-1012,5,5210.26,0.2,20841.04,Cash,Online
TXN-101619,2026-05-10 15:32:00,STR-104,CUST-5165,PRD-1031,2,23868.44,0.1,42963.19,Debit Card,Online
TXN-101620,2026-03-12 18:35:00,STR-108,CUST-5079,PRD-1034,2,9660.26,0.1,17388.47,Net Banking,In-Store
TXN-101621,2026-01-02 13:57:00,STR-108,CUST-5120,PRD-1048,2,13710.77,0.15,23308.31,Net Banking,In-Store
TXN-101622,2026-06-22 12:06:00,STR-114,CUST-5113,PRD-1011,1,20820.24,0.15,17697.2,Debit Card,Mobile App
TXN-101623,2026-02-19 20:06:00,STR-112,CUST-5059,PRD-1043,5,22540.44,0.05,107067.09,Credit Card,Online
TXN-101624,2026-05-16 15:06:00,STR-110,CUST-5076,PRD-1032,3,19167.84,0.1,51753.17,Cash,In-Store
TXN-101625,2026-02-10 11:49:00,STR-106,CUST-5043,PRD-1036,2,22028.56,0.1,39651.41,Credit Card,Mobile App
TXN-101626,2026-05-13 15:41:00,STR-109,CUST-5106,PRD-1042,2,10274.71,0.1,18494.48,Debit Card,In-Store
TXN-101627,2026-04-05 10:19:00,STR-105,CUST-5186,PRD-1016,4,15423.32,0.1,55523.95,Debit Card,Mobile App
TXN-101628,2026-04-19 17:25:00,STR-112,CUST-5106,PRD-1020,4,2120.69,0.1,7634.48,UPI,Online
TXN-101629,2026-06-15 20:08:00,STR-107,CUST-5196,PRD-1003,4,6199.42,0.1,22317.91,Debit Card,In-Store
TXN-101630,2026-06-19 19:16:00,STR-104,CUST-5095,PRD-1045,2,14916.37,0.05,28341.1,UPI,Online
TXN-101631,2026-05-23 16:47:00,STR-103,CUST-5055,PRD-1027,4,2055.49,0.1,7399.76,Cash,Mobile App
TXN-101632,2026-01-20 11:10:00,STR-105,CUST-5185,PRD-1028,3,6658.9,0.0,19976.7,Net Banking,Mobile App
TXN-101633,2026-06-18 14:44:00,STR-114,CUST-5180,PRD-1037,4,1918.22,0.0,7672.88,Net Banking,In-Store
TXN-101634,2026-04-07 08:06:00,STR-100,CUST-5163,PRD-1017,5,11824.84,0.2,47299.36,Debit Card,Online
TXN-101635,2026-03-14 09:30:00,STR-102,CUST-5191,PRD-1034,3,9660.26,0.15,24633.66,UPI,Online
TXN-101636,2026-02-08 17:19:00,STR-109,CUST-5051,PRD-1049,4,12079.91,0.05,45903.66,Cash,In-Store
TXN-101637,2026-05-27 16:48:00,STR-110,CUST-5066,PRD-1028,2,6658.9,0.1,11986.02,Cash,Mobile App
TXN-101638,2026-01-18 21:50:00,STR-111,CUST-5182,PRD-1018,1,17272.73,0.05,16409.09,Debit Card,Online
TXN-101639,2026-02-17 13:29:00,STR-103,CUST-5117,PRD-1049,4,12079.91,0.05,45903.66,Debit Card,Online
TXN-101640,2026-06-04 19:59:00,STR-100,CUST-5035,PRD-1012,3,5210.26,0.1,14067.7,UPI,Mobile App
TXN-101641,2026-05-05 20:03:00,STR-113,CUST-5135,PRD-1026,4,15872.06,0.15,53965.0,UPI,Mobile App
TXN-101642,2026-04-22 08:32:00,STR-113,CUST-5083,PRD-1023,1,6936.43,0.2,5549.14,Cash,Online
TXN-101643,2026-06-12 09:47:00,STR-101,CUST-5144,PRD-1018,5,17272.73,0.1,77727.29,UPI,Mobile App
TXN-101644,2026-02-10 20:32:00,STR-113,CUST-5022,PRD-1049,1,12079.91,0.2,9663.93,Cash,Online
TXN-101645,2026-06-25 14:52:00,STR-104,CUST-5119,PRD-1039,2,3644.72,0.0,7289.44,Net Banking,Mobile App
TXN-101646,2026-02-16 18:36:00,STR-105,CUST-5116,PRD-1009,3,20274.45,0.0,60823.35,Cash,Mobile App
TXN-101647,2026-04-13 17:18:00,STR-100,CUST-5159,PRD-1047,4,13096.34,0.0,52385.36,Net Banking,In-Store
TXN-101648,2026-04-20 10:16:00,STR-113,CUST-5057,PRD-1000,2,1111.79,0.1,2001.22,Cash,Mobile App
TXN-101649,2026-04-28 18:42:00,STR-103,CUST-5197,PRD-1049,3,12079.91,0.2,28991.78,Cash,Online
TXN-101650,2026-02-18 20:09:00,STR-103,CUST-5078,PRD-1045,5,14916.37,0.05,70852.76,Credit Card,In-Store
TXN-101651,2026-01-11 20:08:00,STR-108,CUST-5089,PRD-1001,5,18543.28,0.2,74173.12,UPI,Online
TXN-101652,2026-02-21 12:10:00,STR-106,CUST-5069,PRD-1020,2,2120.69,0.05,4029.31,Credit Card,In-Store
TXN-101653,2026-02-05 15:07:00,STR-113,CUST-5096,PRD-1049,3,12079.91,0.0,36239.73,UPI,Online
TXN-101654,2026-01-13 15:28:00,STR-106,CUST-5050,PRD-1047,2,13096.34,0.15,22263.78,Credit Card,Online
TXN-101655,2026-02-14 16:58:00,STR-109,CUST-5185,PRD-1037,1,1918.22,0.0,1918.22,Cash,In-Store
TXN-101656,2026-05-06 19:38:00,STR-105,CUST-5191,PRD-1010,2,24341.31,0.0,48682.62,Debit Card,Online
TXN-101657,2026-05-10 13:30:00,STR-104,CUST-5130,PRD-1012,2,5210.26,0.0,10420.52,UPI,Online
TXN-101658,2026-04-18 14:54:00,STR-101,CUST-5090,PRD-1001,1,18543.28,0.15,15761.79,Debit Card,Online
TXN-101659,2026-02-28 19:05:00,STR-110,CUST-5164,PRD-1004,4,18042.2,0.1,64951.92,Net Banking,Online
TXN-101660,2026-01-12 10:54:00,STR-103,CUST-5045,PRD-1001,3,18543.28,0.1,50066.86,Cash,In-Store
TXN-101661,2026-02-05 19:30:00,STR-112,CUST-5009,PRD-1008,5,2868.65,0.05,13626.09,UPI,Mobile App
TXN-101662,2026-06-08 14:52:00,STR-102,CUST-5107,PRD-1013,3,24637.91,0.1,66522.36,Credit Card,In-Store
TXN-101663,2026-04-04 09:50:00,STR-102,CUST-5007,PRD-1033,2,21120.74,0.05,40129.41,Net Banking,In-Store
TXN-101664,2026-03-09 17:20:00,STR-100,CUST-5006,PRD-1019,4,20633.99,0.1,74282.36,Debit Card,In-Store
TXN-101665,2026-04-15 08:34:00,STR-106,CUST-5195,PRD-1030,1,3232.14,0.05,3070.53,Cash,Mobile App
TXN-101666,2026-01-26 08:22:00,STR-114,CUST-5057,PRD-1033,2,21120.74,0.05,40129.41,UPI,Online
TXN-101667,2026-04-29 14:54:00,STR-114,CUST-5137,PRD-1004,1,18042.2,0.15,15335.87,Net Banking,In-Store
TXN-101668,2026-05-02 15:57:00,STR-114,CUST-5065,PRD-1038,1,18431.47,0.1,16588.32,Credit Card,Online
TXN-101669,2026-06-07 18:45:00,STR-101,CUST-5122,PRD-1042,5,10274.71,0.1,46236.19,Net Banking,Mobile App
TXN-101670,2026-02-26 16:08:00,STR-112,CUST-5036,PRD-1036,2,22028.56,0.05,41854.26,Credit Card,Mobile App
TXN-101671,2026-03-14 17:06:00,STR-103,CUST-5057,PRD-1005,1,11505.07,0.15,9779.31,Debit Card,In-Store
TXN-101672,2026-04-29 18:37:00,STR-108,CUST-5132,PRD-1046,3,2150.38,0.1,5806.03,Cash,Online
TXN-101673,2026-04-19 13:42:00,STR-102,CUST-5148,PRD-1048,2,13710.77,0.1,24679.39,UPI,Mobile App
TXN-101674,2026-02-16 08:09:00,STR-110,CUST-5008,PRD-1024,1,9368.27,0.05,8899.86,Credit Card,In-Store
TXN-101675,2026-05-27 15:30:00,STR-113,CUST-5088,PRD-1025,3,12590.63,0.0,37771.89,Credit Card,Mobile App
TXN-101676,2026-02-24 15:39:00,STR-104,CUST-5139,PRD-1036,4,22028.56,0.15,74897.1,Net Banking,In-Store
TXN-101677,2026-03-28 13:57:00,STR-102,CUST-5065,PRD-1047,3,13096.34,0.2,31431.22,Debit Card,Online
TXN-101678,2026-06-19 09:42:00,STR-113,CUST-5087,PRD-1049,5,12079.91,0.15,51339.62,Cash,Online
TXN-101679,2026-06-14 08:34:00,STR-102,CUST-5024,PRD-1004,3,18042.2,0.15,46007.61,Credit Card,Online
TXN-101680,2026-03-17 10:55:00,STR-105,CUST-5078,PRD-1007,1,23951.68,0.2,19161.34,Net Banking,Online
TXN-101681,2026-02-16 14:52:00,STR-114,CUST-5130,PRD-1035,1,15173.74,0.2,12138.99,Credit Card,In-Store
TXN-101682,2026-02-20 19:47:00,STR-105,CUST-5134,PRD-1043,2,22540.44,0.0,45080.88,Cash,In-Store
TXN-101683,2026-01-13 20:34:00,STR-105,CUST-5138,PRD-1036,5,22028.56,0.2,88114.24,Credit Card,Mobile App
TXN-101684,2026-02-10 09:43:00,STR-102,CUST-5162,PRD-1033,2,21120.74,0.1,38017.33,Cash,In-Store
TXN-101685,2026-06-06 14:54:00,STR-103,CUST-5071,PRD-1048,2,13710.77,0.2,21937.23,UPI,Online
TXN-101686,2026-04-18 15:29:00,STR-105,CUST-5034,PRD-1018,4,17272.73,0.2,55272.74,Debit Card,In-Store
TXN-101687,2026-06-21 12:13:00,STR-114,CUST-5187,PRD-1004,3,18042.2,0.2,43301.28,Cash,Mobile App
TXN-101688,2026-02-05 10:30:00,STR-113,CUST-5041,PRD-1004,1,18042.2,0.15,15335.87,Credit Card,Online
TXN-101689,2026-06-01 11:15:00,STR-113,CUST-5089,PRD-1010,4,24341.31,0.15,82760.45,UPI,In-Store
TXN-101690,2026-02-01 19:47:00,STR-109,CUST-5172,PRD-1017,2,11824.84,0.15,20102.23,Credit Card,In-Store
TXN-101691,2026-03-25 08:40:00,STR-101,CUST-5133,PRD-1028,2,6658.9,0.1,11986.02,Debit Card,Mobile App
TXN-101692,2026-03-01 18:28:00,STR-104,CUST-5031,PRD-1006,5,17604.11,0.15,74817.47,Cash,Mobile App
TXN-101693,2026-01-19 20:58:00,STR-111,CUST-5087,PRD-1039,4,3644.72,0.05,13849.94,Debit Card,In-Store
TXN-101694,2026-06-10 15:27:00,STR-109,CUST-5043,PRD-1024,3,9368.27,0.0,28104.81,Net Banking,Online
TXN-101695,2026-01-23 19:38:00,STR-109,CUST-5092,PRD-1014,5,7309.63,0.0,36548.15,Credit Card,Mobile App
TXN-101696,2026-01-15 18:06:00,STR-113,CUST-5197,PRD-1031,4,23868.44,0.15,81152.7,Debit Card,Mobile App
TXN-101697,2026-06-13 16:21:00,STR-106,CUST-5170,PRD-1046,3,2150.38,0.1,5806.03,Debit Card,Online
TXN-101698,2026-05-05 11:37:00,STR-107,CUST-5056,PRD-1005,1,11505.07,0.0,11505.07,Cash,Online
TXN-101699,2026-05-05 16:38:00,STR-113,CUST-5144,PRD-1042,3,10274.71,0.0,30824.13,Net Banking,Mobile App
TXN-101700,2026-06-04 09:37:00,STR-113,CUST-5164,PRD-1033,4,21120.74,0.0,84482.96,UPI,Mobile App
TXN-101701,2026-04-03 17:43:00,STR-111,CUST-5154,PRD-1006,1,17604.11,0.05,16723.9,Net Banking,Online
TXN-101702,2026-06-15 20:28:00,STR-113,CUST-5117,PRD-1045,1,14916.37,0.1,13424.73,Cash,Mobile App
TXN-101703,2026-06-21 08:13:00,STR-109,CUST-5046,PRD-1002,4,14966.66,0.15,50886.64,UPI,Mobile App
TXN-101704,2026-04-16 20:01:00,STR-111,CUST-5116,PRD-1021,1,5708.56,0.1,5137.7,Debit Card,Online
TXN-101705,2026-03-05 12:28:00,STR-112,CUST-5012,PRD-1043,3,22540.44,0.1,60859.19,Debit Card,Online
TXN-101706,2026-02-23 16:49:00,STR-113,CUST-5140,PRD-1044,3,2067.7,0.05,5892.94,Debit Card,Mobile App
TXN-101707,2026-05-08 21:05:00,STR-105,CUST-5090,PRD-1025,3,12590.63,0.05,35883.3,Cash,Mobile App
TXN-101708,2026-03-20 09:58:00,STR-111,CUST-5023,PRD-1047,2,13096.34,0.1,23573.41,Net Banking,Online
TXN-101709,2026-04-08 11:16:00,STR-113,CUST-5181,PRD-1039,4,3644.72,0.05,13849.94,Net Banking,Online
TXN-101710,2026-02-10 10:20:00,STR-100,CUST-5028,PRD-1021,4,5708.56,0.1,20550.82,Credit Card,Mobile App
TXN-101711,2026-03-17 20:35:00,STR-108,CUST-5045,PRD-1019,5,20633.99,0.2,82535.96,Net Banking,Mobile App
TXN-101712,2026-01-24 09:45:00,STR-109,CUST-5169,PRD-1044,1,2067.7,0.05,1964.31,Net Banking,Online
TXN-101713,2026-04-01 14:08:00,STR-114,CUST-5098,PRD-1009,3,20274.45,0.2,48658.68,UPI,Mobile App
TXN-101714,2026-01-22 13:14:00,STR-107,CUST-5010,PRD-1018,5,17272.73,0.2,69090.92,Credit Card,Mobile App
TXN-101715,2026-05-07 11:53:00,STR-111,CUST-5056,PRD-1009,3,20274.45,0.0,60823.35,Credit Card,In-Store
TXN-101716,2026-01-04 12:15:00,STR-100,CUST-5156,PRD-1028,2,6658.9,0.05,12651.91,Net Banking,Online
TXN-101717,2026-05-26 11:26:00,STR-102,CUST-5132,PRD-1026,5,15872.06,0.2,63488.24,Cash,Online
TXN-101718,2026-03-08 19:50:00,STR-105,CUST-5067,PRD-1040,5,6993.15,0.15,29720.89,Net Banking,Online
TXN-101719,2026-05-19 13:04:00,STR-111,CUST-5034,PRD-1023,2,6936.43,0.1,12485.57,Debit Card,Mobile App
TXN-101720,2026-02-02 09:58:00,STR-112,CUST-5129,PRD-1015,5,9568.8,0.2,38275.2,Net Banking,Mobile App
TXN-101721,2026-02-28 19:22:00,STR-111,CUST-5179,PRD-1020,1,2120.69,0.2,1696.55,Cash,In-Store
TXN-101722,2026-01-14 15:39:00,STR-107,CUST-5127,PRD-1029,3,17201.59,0.2,41283.82,Cash,Online
TXN-101723,2026-05-24 15:35:00,STR-110,CUST-5014,PRD-1004,2,18042.2,0.0,36084.4,Debit Card,Online
TXN-101724,2026-06-24 13:04:00,STR-111,CUST-5070,PRD-1045,2,14916.37,0.0,29832.74,Cash,Online
TXN-101725,2026-05-06 14:45:00,STR-112,CUST-5034,PRD-1046,1,2150.38,0.2,1720.3,Net Banking,In-Store
TXN-101726,2026-05-18 19:43:00,STR-104,CUST-5084,PRD-1042,4,10274.71,0.1,36988.96,Credit Card,Mobile App
TXN-101727,2026-05-19 18:37:00,STR-105,CUST-5001,PRD-1032,4,19167.84,0.05,72837.79,Cash,In-Store
TXN-101728,2026-01-31 20:04:00,STR-109,CUST-5016,PRD-1045,3,14916.37,0.2,35799.29,Cash,Online
TXN-101729,2026-03-05 17:49:00,STR-112,CUST-5045,PRD-1046,2,2150.38,0.05,4085.72,Credit Card,In-Store
TXN-101730,2026-03-26 09:06:00,STR-106,CUST-5146,PRD-1041,4,23258.31,0.0,93033.24,Net Banking,Online
TXN-101731,2026-03-29 10:06:00,STR-104,CUST-5090,PRD-1024,4,9368.27,0.05,35599.43,Credit Card,Mobile App
TXN-101732,2026-01-24 10:16:00,STR-106,CUST-5051,PRD-1027,3,2055.49,0.15,5241.5,Credit Card,Online
TXN-101733,2026-04-26 20:06:00,STR-108,CUST-5065,PRD-1041,1,23258.31,0.1,20932.48,UPI,Mobile App
TXN-101734,2026-06-24 13:06:00,STR-102,CUST-5000,PRD-1003,5,6199.42,0.0,30997.1,Cash,In-Store
TXN-101735,2026-03-20 08:51:00,STR-114,CUST-5145,PRD-1000,3,1111.79,0.15,2835.06,Cash,Online
TXN-101736,2026-06-12 17:31:00,STR-102,CUST-5137,PRD-1004,2,18042.2,0.05,34280.18,Credit Card,Online
TXN-101737,2026-04-06 17:11:00,STR-114,CUST-5112,PRD-1006,2,17604.11,0.2,28166.58,Credit Card,Mobile App
TXN-101738,2026-06-09 08:59:00,STR-108,CUST-5030,PRD-1009,4,20274.45,0.0,81097.8,Debit Card,Online
TXN-101739,2026-06-01 16:10:00,STR-114,CUST-5025,PRD-1006,3,17604.11,0.05,50171.71,Net Banking,In-Store
TXN-101740,2026-03-28 15:59:00,STR-110,CUST-5140,PRD-1038,2,18431.47,0.2,29490.35,Net Banking,Online
TXN-101741,2026-03-28 11:23:00,STR-102,CUST-5061,PRD-1007,5,23951.68,0.0,119758.4,Net Banking,In-Store
TXN-101742,2026-01-16 15:51:00,STR-113,CUST-5168,PRD-1025,1,12590.63,0.1,11331.57,Cash,In-Store
TXN-101743,2026-05-15 17:36:00,STR-111,CUST-5136,PRD-1033,1,21120.74,0.1,19008.67,Cash,Online
TXN-101744,2026-03-14 13:08:00,STR-107,CUST-5195,PRD-1048,5,13710.77,0.05,65126.16,Credit Card,Online
TXN-101745,2026-04-22 14:05:00,STR-107,CUST-5006,PRD-1040,4,6993.15,0.15,23776.71,Net Banking,In-Store
TXN-101746,2026-06-06 14:19:00,STR-107,CUST-5197,PRD-1020,5,2120.69,0.15,9012.93,Debit Card,Mobile App
TXN-101747,2026-01-11 11:05:00,STR-104,CUST-5150,PRD-1044,1,2067.7,0.2,1654.16,Cash,Mobile App
TXN-101748,2026-05-17 08:03:00,STR-104,CUST-5098,PRD-1011,3,20820.24,0.0,62460.72,Credit Card,Online
TXN-101749,2026-05-11 16:54:00,STR-102,CUST-5130,PRD-1034,1,9660.26,0.15,8211.22,Debit Card,Mobile App
TXN-101750,2026-01-26 15:11:00,STR-114,CUST-5056,PRD-1044,1,2067.7,0.05,1964.31,Debit Card,In-Store
TXN-101751,2026-02-22 17:40:00,STR-109,CUST-5003,PRD-1045,2,14916.37,0.15,25357.83,UPI,Online
TXN-101752,2026-01-02 11:42:00,STR-113,CUST-5084,PRD-1013,1,24637.91,0.1,22174.12,Credit Card,Online
TXN-101753,2026-01-12 10:09:00,STR-109,CUST-5063,PRD-1014,3,7309.63,0.15,18639.56,Cash,Mobile App
TXN-101754,2026-06-10 12:13:00,STR-114,CUST-5167,PRD-1016,4,15423.32,0.2,49354.62,Debit Card,Online
TXN-101755,2026-04-16 14:17:00,STR-113,CUST-5048,PRD-1044,1,2067.7,0.15,1757.54,Net Banking,Online
TXN-101756,2026-01-11 19:49:00,STR-107,CUST-5032,PRD-1038,1,18431.47,0.15,15666.75,Credit Card,In-Store
TXN-101757,2026-02-10 20:31:00,STR-101,CUST-5046,PRD-1040,1,6993.15,0.0,6993.15,Cash,Online
TXN-101758,2026-03-14 16:18:00,STR-104,CUST-5145,PRD-1010,3,24341.31,0.15,62070.34,Debit Card,In-Store
TXN-101759,2026-02-21 09:35:00,STR-113,CUST-5127,PRD-1048,1,13710.77,0.15,11654.15,Credit Card,In-Store
TXN-101760,2026-05-03 09:07:00,STR-103,CUST-5009,PRD-1033,1,21120.74,0.15,17952.63,Net Banking,In-Store
TXN-101761,2026-04-22 17:23:00,STR-107,CUST-5189,PRD-1005,1,11505.07,0.05,10929.82,Credit Card,Online
TXN-101762,2026-02-18 20:13:00,STR-111,CUST-5081,PRD-1038,1,18431.47,0.2,14745.18,UPI,Mobile App
TXN-101763,2026-03-06 10:22:00,STR-107,CUST-5051,PRD-1000,2,1111.79,0.1,2001.22,UPI,Online
TXN-101764,2026-05-10 09:14:00,STR-102,CUST-5160,PRD-1024,2,9368.27,0.1,16862.89,Credit Card,Online
TXN-101765,2026-04-23 09:53:00,STR-103,CUST-5154,PRD-1042,4,10274.71,0.0,41098.84,Cash,Online
TXN-101766,2026-05-21 13:03:00,STR-101,CUST-5175,PRD-1035,2,15173.74,0.05,28830.11,UPI,Online
TXN-101767,2026-06-08 19:10:00,STR-111,CUST-5082,PRD-1033,5,21120.74,0.0,105603.7,Debit Card,In-Store
TXN-101768,2026-01-02 14:00:00,STR-109,CUST-5014,PRD-1009,1,20274.45,0.05,19260.73,Net Banking,Mobile App
TXN-101769,2026-05-25 16:04:00,STR-100,CUST-5166,PRD-1007,2,23951.68,0.0,47903.36,Net Banking,Mobile App
TXN-101770,2026-06-25 17:24:00,STR-107,CUST-5191,PRD-1041,4,23258.31,0.1,83729.92,Credit Card,Mobile App
TXN-101771,2026-03-30 18:29:00,STR-107,CUST-5039,PRD-1031,5,23868.44,0.1,107407.98,Net Banking,Mobile App
TXN-101772,2026-03-15 18:46:00,STR-102,CUST-5099,PRD-1023,2,6936.43,0.05,13179.22,Debit Card,In-Store
TXN-101773,2026-03-18 10:02:00,STR-107,CUST-5105,PRD-1023,1,6936.43,0.15,5895.97,Cash,In-Store
TXN-101774,2026-02-23 14:26:00,STR-114,CUST-5106,PRD-1025,2,12590.63,0.1,22663.13,Net Banking,Mobile App
TXN-101775,2026-04-29 13:21:00,STR-105,CUST-5170,PRD-1028,4,6658.9,0.15,22640.26,Net Banking,In-Store
TXN-101776,2026-03-04 11:45:00,STR-103,CUST-5145,PRD-1046,5,2150.38,0.05,10214.31,Credit Card,Mobile App
TXN-101777,2026-04-29 16:55:00,STR-112,CUST-5104,PRD-1042,5,10274.71,0.1,46236.19,Debit Card,Mobile App
TXN-101778,2026-02-06 15:06:00,STR-108,CUST-5166,PRD-1019,2,20633.99,0.15,35077.78,Net Banking,Online
TXN-101779,2026-01-14 11:13:00,STR-105,CUST-5141,PRD-1049,5,12079.91,0.15,51339.62,Credit Card,Mobile App
TXN-101780,2026-02-16 15:01:00,STR-111,CUST-5052,PRD-1024,5,9368.27,0.15,39815.15,Net Banking,Mobile App
TXN-101781,2026-06-24 17:49:00,STR-102,CUST-5164,PRD-1042,2,10274.71,0.1,18494.48,Net Banking,Mobile App
TXN-101782,2026-03-23 15:15:00,STR-113,CUST-5189,PRD-1012,2,5210.26,0.15,8857.44,Credit Card,Online
TXN-101783,2026-05-16 19:40:00,STR-114,CUST-5009,PRD-1020,5,2120.69,0.2,8482.76,UPI,In-Store
TXN-101784,2026-01-14 13:54:00,STR-101,CUST-5080,PRD-1005,1,11505.07,0.0,11505.07,Debit Card,In-Store
TXN-101785,2026-03-20 21:04:00,STR-105,CUST-5159,PRD-1047,2,13096.34,0.05,24883.05,Debit Card,Mobile App
TXN-101786,2026-06-30 10:18:00,STR-104,CUST-5025,PRD-1028,4,6658.9,0.1,23972.04,Cash,In-Store
TXN-101787,2026-01-31 16:58:00,STR-109,CUST-5104,PRD-1009,2,20274.45,0.15,34466.57,Credit Card,Mobile App
TXN-101788,2026-06-26 21:57:00,STR-103,CUST-5029,PRD-1035,4,15173.74,0.1,54625.46,Credit Card,Online
TXN-101789,2026-04-08 15:24:00,STR-107,CUST-5043,PRD-1006,1,17604.11,0.05,16723.9,UPI,Mobile App
TXN-101790,2026-05-30 17:11:00,STR-107,CUST-5005,PRD-1044,3,2067.7,0.15,5272.63,Net Banking,Mobile App
TXN-101791,2026-01-22 13:04:00,STR-102,CUST-5034,PRD-1036,3,22028.56,0.1,59477.11,Cash,Online
TXN-101792,2026-01-29 20:42:00,STR-103,CUST-5162,PRD-1043,4,22540.44,0.05,85653.67,Debit Card,Online
TXN-101793,2026-06-04 20:31:00,STR-100,CUST-5159,PRD-1045,1,14916.37,0.1,13424.73,Cash,Online
TXN-101794,2026-02-19 16:17:00,STR-108,CUST-5006,PRD-1010,3,24341.31,0.1,65721.54,Net Banking,Online
TXN-101795,2026-06-29 12:16:00,STR-107,CUST-5110,PRD-1010,1,24341.31,0.05,23124.24,Debit Card,In-Store
TXN-101796,2026-03-27 16:02:00,STR-102,CUST-5159,PRD-1017,4,11824.84,0.0,47299.36,UPI,Mobile App
TXN-101797,2026-04-08 11:57:00,STR-107,CUST-5097,PRD-1036,1,22028.56,0.1,19825.7,Net Banking,In-Store
TXN-101798,2026-03-27 13:51:00,STR-108,CUST-5108,PRD-1044,3,2067.7,0.15,5272.63,Net Banking,Mobile App
TXN-101799,2026-03-08 16:12:00,STR-107,CUST-5072,PRD-1021,2,5708.56,0.1,10275.41,Debit Card,In-Store
TXN-101800,2026-05-11 09:01:00,STR-112,CUST-5032,PRD-1028,1,6658.9,0.1,5993.01,UPI,In-Store
TXN-101801,2026-01-17 10:36:00,STR-112,CUST-5060,PRD-1004,2,18042.2,0.1,32475.96,UPI,In-Store
TXN-101802,2026-06-08 09:09:00,STR-109,CUST-5160,PRD-1000,1,1111.79,0.1,1000.61,Net Banking,Mobile App
TXN-101803,2026-02-01 08:45:00,STR-102,CUST-5051,PRD-1021,1,5708.56,0.2,4566.85,UPI,In-Store
TXN-101804,2026-04-21 20:43:00,STR-103,CUST-5053,PRD-1005,1,11505.07,0.0,11505.07,UPI,Mobile App
TXN-101805,2026-06-10 16:12:00,STR-107,CUST-5050,PRD-1005,4,11505.07,0.1,41418.25,Net Banking,Mobile App
TXN-101806,2026-03-15 19:43:00,STR-109,CUST-5015,PRD-1045,2,14916.37,0.15,25357.83,Net Banking,In-Store
TXN-101807,2026-02-15 11:16:00,STR-102,CUST-5138,PRD-1032,1,19167.84,0.0,19167.84,Cash,In-Store
TXN-101808,2026-02-18 10:54:00,STR-105,CUST-5193,PRD-1044,1,2067.7,0.0,2067.7,Credit Card,In-Store
TXN-101809,2026-06-03 14:32:00,STR-110,CUST-5073,PRD-1025,5,12590.63,0.1,56657.83,Credit Card,Online
TXN-101810,2026-05-16 08:41:00,STR-114,CUST-5174,PRD-1016,3,15423.32,0.05,43956.46,Debit Card,Online
TXN-101811,2026-01-16 09:31:00,STR-105,CUST-5187,PRD-1048,2,13710.77,0.0,27421.54,UPI,Mobile App
TXN-101812,2026-06-22 20:57:00,STR-111,CUST-5114,PRD-1048,4,13710.77,0.0,54843.08,UPI,Mobile App
TXN-101813,2026-05-31 20:58:00,STR-114,CUST-5092,PRD-1043,1,22540.44,0.1,20286.4,Cash,Mobile App
TXN-101814,2026-03-23 15:22:00,STR-111,CUST-5122,PRD-1004,5,18042.2,0.1,81189.9,Debit Card,Online
TXN-101815,2026-05-20 19:12:00,STR-103,CUST-5150,PRD-1019,4,20633.99,0.1,74282.36,Credit Card,In-Store
TXN-101816,2026-04-30 15:20:00,STR-114,CUST-5103,PRD-1044,3,2067.7,0.15,5272.63,Net Banking,Online
TXN-101817,2026-04-09 14:01:00,STR-113,CUST-5035,PRD-1028,2,6658.9,0.05,12651.91,Debit Card,Online
TXN-101818,2026-04-04 08:27:00,STR-112,CUST-5169,PRD-1040,2,6993.15,0.15,11888.35,Credit Card,In-Store
TXN-101819,2026-01-25 08:25:00,STR-107,CUST-5038,PRD-1037,2,1918.22,0.05,3644.62,Debit Card,Online
TXN-101820,2026-04-11 10:19:00,STR-113,CUST-5140,PRD-1012,1,5210.26,0.15,4428.72,Debit Card,In-Store
TXN-101821,2026-05-08 14:27:00,STR-113,CUST-5040,PRD-1012,4,5210.26,0.2,16672.83,Net Banking,Mobile App
TXN-101822,2026-01-18 13:45:00,STR-107,CUST-5155,PRD-1003,3,6199.42,0.0,18598.26,Debit Card,In-Store
TXN-101823,2026-02-25 14:31:00,STR-100,CUST-5078,PRD-1015,5,9568.8,0.15,40667.4,Credit Card,Online
TXN-101824,2026-04-20 17:07:00,STR-109,CUST-5033,PRD-1040,3,6993.15,0.2,16783.56,Cash,Online
TXN-101825,2026-04-05 17:30:00,STR-101,CUST-5004,PRD-1021,3,5708.56,0.05,16269.4,Net Banking,Online
TXN-101826,2026-03-25 19:14:00,STR-114,CUST-5080,PRD-1026,2,15872.06,0.05,30156.91,Net Banking,Online
TXN-101827,2026-03-26 19:12:00,STR-114,CUST-5032,PRD-1035,3,15173.74,0.2,36416.98,Debit Card,Mobile App
TXN-101828,2026-06-06 11:52:00,STR-113,CUST-5063,PRD-1036,2,22028.56,0.2,35245.7,Net Banking,Mobile App
TXN-101829,2026-05-11 09:24:00,STR-112,CUST-5037,PRD-1030,1,3232.14,0.1,2908.93,Cash,Online
TXN-101830,2026-04-29 17:57:00,STR-114,CUST-5186,PRD-1005,5,11505.07,0.15,48896.55,Debit Card,In-Store
TXN-101831,2026-03-12 19:09:00,STR-105,CUST-5199,PRD-1028,4,6658.9,0.05,25303.82,UPI,Online
TXN-101832,2026-03-25 13:52:00,STR-109,CUST-5123,PRD-1015,2,9568.8,0.0,19137.6,Cash,In-Store
TXN-101833,2026-03-22 17:56:00,STR-108,CUST-5051,PRD-1017,3,11824.84,0.15,30153.34,Credit Card,Mobile App
TXN-101834,2026-01-16 19:56:00,STR-103,CUST-5134,PRD-1038,1,18431.47,0.1,16588.32,Cash,Online
TXN-101835,2026-06-29 21:54:00,STR-100,CUST-5076,PRD-1015,4,9568.8,0.15,32533.92,Debit Card,In-Store
TXN-101836,2026-01-08 18:41:00,STR-112,CUST-5107,PRD-1009,3,20274.45,0.0,60823.35,UPI,Online
TXN-101837,2026-06-10 14:35:00,STR-102,CUST-5152,PRD-1029,2,17201.59,0.15,29242.7,Net Banking,Online
TXN-101838,2026-03-12 11:45:00,STR-109,CUST-5116,PRD-1006,3,17604.11,0.15,44890.48,Debit Card,In-Store
TXN-101839,2026-01-05 09:03:00,STR-113,CUST-5083,PRD-1037,2,1918.22,0.1,3452.8,Cash,Online
TXN-101840,2026-04-07 16:01:00,STR-110,CUST-5111,PRD-1023,2,6936.43,0.1,12485.57,Debit Card,Online
TXN-101841,2026-01-09 18:18:00,STR-105,CUST-5144,PRD-1011,3,20820.24,0.2,49968.58,Cash,In-Store
TXN-101842,2026-05-08 09:59:00,STR-101,CUST-5035,PRD-1032,1,19167.84,0.05,18209.45,Credit Card,In-Store
TXN-101843,2026-01-24 20:23:00,STR-105,CUST-5086,PRD-1033,2,21120.74,0.05,40129.41,UPI,Online
TXN-101844,2026-04-13 16:03:00,STR-108,CUST-5106,PRD-1021,1,5708.56,0.15,4852.28,Net Banking,Mobile App
TXN-101845,2026-02-23 15:10:00,STR-101,CUST-5195,PRD-1009,5,20274.45,0.0,101372.25,Debit Card,In-Store
TXN-101846,2026-01-07 08:41:00,STR-113,CUST-5178,PRD-1015,1,9568.8,0.2,7655.04,Credit Card,Online
TXN-101847,2026-03-01 10:55:00,STR-102,CUST-5128,PRD-1002,1,14966.66,0.05,14218.33,Debit Card,Online
TXN-101848,2026-05-11 20:18:00,STR-107,CUST-5006,PRD-1024,4,9368.27,0.0,37473.08,Net Banking,Mobile App
TXN-101849,2026-05-31 08:13:00,STR-103,CUST-5149,PRD-1004,1,18042.2,0.05,17140.09,Net Banking,In-Store
TXN-101850,2026-04-05 16:57:00,STR-113,CUST-5042,PRD-1022,1,6988.83,0.2,5591.06,Net Banking,In-Store
TXN-101851,2026-06-10 19:39:00,STR-104,CUST-5068,PRD-1009,5,20274.45,0.0,101372.25,Cash,Online
TXN-101852,2026-02-21 20:38:00,STR-104,CUST-5085,PRD-1032,4,19167.84,0.05,72837.79,Credit Card,Online
TXN-101853,2026-06-16 12:28:00,STR-100,CUST-5114,PRD-1016,4,15423.32,0.0,61693.28,Cash,Mobile App
TXN-101854,2026-02-22 10:07:00,STR-100,CUST-5099,PRD-1042,5,10274.71,0.15,43667.52,UPI,Mobile App
TXN-101855,2026-03-18 21:44:00,STR-110,CUST-5054,PRD-1013,2,24637.91,0.2,39420.66,Cash,Online
TXN-101856,2026-06-15 18:14:00,STR-109,CUST-5064,PRD-1023,4,6936.43,0.0,27745.72,Credit Card,Mobile App
TXN-101857,2026-02-25 21:11:00,STR-113,CUST-5085,PRD-1001,3,18543.28,0.0,55629.84,Credit Card,Online
TXN-101858,2026-04-28 14:38:00,STR-112,CUST-5042,PRD-1046,4,2150.38,0.1,7741.37,Net Banking,Online
TXN-101859,2026-06-20 21:15:00,STR-101,CUST-5157,PRD-1035,5,15173.74,0.1,68281.83,UPI,In-Store
TXN-101860,2026-01-03 12:59:00,STR-100,CUST-5077,PRD-1001,5,18543.28,0.0,92716.4,Net Banking,Online
TXN-101861,2026-01-25 08:23:00,STR-103,CUST-5165,PRD-1046,5,2150.38,0.05,10214.31,Credit Card,Online
TXN-101862,2026-03-13 14:41:00,STR-100,CUST-5076,PRD-1047,3,13096.34,0.0,39289.02,UPI,In-Store
TXN-101863,2026-04-27 20:58:00,STR-103,CUST-5030,PRD-1019,2,20633.99,0.1,37141.18,UPI,Online
TXN-101864,2026-01-23 19:15:00,STR-107,CUST-5148,PRD-1011,1,20820.24,0.0,20820.24,Cash,Online
TXN-101865,2026-05-03 09:46:00,STR-111,CUST-5039,PRD-1017,1,11824.84,0.2,9459.87,Credit Card,In-Store
TXN-101866,2026-01-10 15:27:00,STR-113,CUST-5119,PRD-1025,4,12590.63,0.0,50362.52,Net Banking,In-Store
TXN-101867,2026-06-18 09:49:00,STR-114,CUST-5071,PRD-1000,5,1111.79,0.0,5558.95,Debit Card,Mobile App
TXN-101868,2026-01-07 18:17:00,STR-113,CUST-5048,PRD-1030,2,3232.14,0.1,5817.85,Credit Card,Mobile App
TXN-101869,2026-05-25 21:54:00,STR-106,CUST-5143,PRD-1028,1,6658.9,0.0,6658.9,Net Banking,In-Store
TXN-101870,2026-04-04 09:38:00,STR-105,CUST-5116,PRD-1045,1,14916.37,0.1,13424.73,Net Banking,Mobile App
TXN-101871,2026-05-22 16:09:00,STR-105,CUST-5188,PRD-1010,3,24341.31,0.1,65721.54,Debit Card,Online
TXN-101872,2026-04-06 15:22:00,STR-112,CUST-5074,PRD-1011,5,20820.24,0.15,88486.02,Credit Card,Mobile App
TXN-101873,2026-04-15 13:27:00,STR-101,CUST-5154,PRD-1048,4,13710.77,0.2,43874.46,Debit Card,In-Store
TXN-101874,2026-04-26 20:34:00,STR-113,CUST-5174,PRD-1021,3,5708.56,0.15,14556.83,Credit Card,In-Store
TXN-101875,2026-06-03 13:34:00,STR-110,CUST-5190,PRD-1021,5,5708.56,0.05,27115.66,Credit Card,Mobile App
TXN-101876,2026-01-21 21:26:00,STR-114,CUST-5028,PRD-1008,2,2868.65,0.15,4876.7,Cash,Mobile App
TXN-101877,2026-05-28 08:16:00,STR-114,CUST-5140,PRD-1002,5,14966.66,0.0,74833.3,Credit Card,Mobile App
TXN-101878,2026-01-30 13:46:00,STR-113,CUST-5095,PRD-1014,3,7309.63,0.15,18639.56,Cash,Online
TXN-101879,2026-05-28 13:47:00,STR-106,CUST-5176,PRD-1033,4,21120.74,0.05,80258.81,UPI,In-Store
TXN-101880,2026-06-27 20:12:00,STR-111,CUST-5000,PRD-1040,4,6993.15,0.05,26573.97,Cash,In-Store
TXN-101881,2026-06-27 12:15:00,STR-112,CUST-5103,PRD-1031,2,23868.44,0.0,47736.88,Debit Card,In-Store
TXN-101882,2026-01-07 08:01:00,STR-104,CUST-5030,PRD-1034,1,9660.26,0.05,9177.25,Credit Card,In-Store
TXN-101883,2026-03-06 15:07:00,STR-106,CUST-5091,PRD-1049,1,12079.91,0.0,12079.91,Net Banking,In-Store
TXN-101884,2026-03-29 14:23:00,STR-103,CUST-5077,PRD-1044,5,2067.7,0.1,9304.65,Net Banking,Mobile App
TXN-101885,2026-06-01 08:43:00,STR-107,CUST-5008,PRD-1037,4,1918.22,0.2,6138.3,Net Banking,Online
TXN-101886,2026-06-29 15:55:00,STR-112,CUST-5098,PRD-1022,1,6988.83,0.1,6289.95,Cash,In-Store
TXN-101887,2026-03-31 18:31:00,STR-100,CUST-5097,PRD-1027,5,2055.49,0.2,8221.96,UPI,Online
TXN-101888,2026-03-06 16:05:00,STR-101,CUST-5062,PRD-1048,1,13710.77,0.15,11654.15,UPI,Online
TXN-101889,2026-06-04 15:02:00,STR-105,CUST-5079,PRD-1024,3,9368.27,0.05,26699.57,Cash,Mobile App
TXN-101890,2026-04-16 09:00:00,STR-110,CUST-5032,PRD-1028,2,6658.9,0.2,10654.24,Cash,Mobile App
TXN-101891,2026-04-24 09:32:00,STR-102,CUST-5118,PRD-1049,1,12079.91,0.2,9663.93,Debit Card,Mobile App
TXN-101892,2026-06-17 19:03:00,STR-104,CUST-5149,PRD-1036,4,22028.56,0.2,70491.39,UPI,Mobile App
TXN-101893,2026-04-26 12:54:00,STR-102,CUST-5010,PRD-1033,4,21120.74,0.05,80258.81,Debit Card,Mobile App
TXN-101894,2026-06-25 10:53:00,STR-101,CUST-5050,PRD-1021,4,5708.56,0.0,22834.24,Net Banking,Online
TXN-101895,2026-06-17 10:49:00,STR-106,CUST-5011,PRD-1015,1,9568.8,0.15,8133.48,Debit Card,In-Store
TXN-101896,2026-05-07 11:45:00,STR-107,CUST-5179,PRD-1014,3,7309.63,0.2,17543.11,UPI,In-Store
TXN-101897,2026-06-04 17:01:00,STR-107,CUST-5127,PRD-1010,2,24341.31,0.05,46248.49,Debit Card,Mobile App
TXN-101898,2026-06-27 13:40:00,STR-108,CUST-5027,PRD-1027,1,2055.49,0.2,1644.39,Net Banking,Online
TXN-101899,2026-05-23 19:27:00,STR-101,CUST-5016,PRD-1002,3,14966.66,0.15,38164.98,UPI,Online
TXN-101900,2026-04-13 16:58:00,STR-103,CUST-5035,PRD-1042,3,10274.71,0.15,26200.51,UPI,In-Store
TXN-101901,2026-02-17 18:12:00,STR-107,CUST-5168,PRD-1010,1,24341.31,0.2,19473.05,Cash,Online
TXN-101902,2026-01-18 20:42:00,STR-102,CUST-5149,PRD-1035,3,15173.74,0.15,38693.04,Net Banking,In-Store
TXN-101903,2026-02-21 10:19:00,STR-102,CUST-5191,PRD-1035,1,15173.74,0.05,14415.05,Net Banking,In-Store
TXN-101904,2026-01-04 09:33:00,STR-110,CUST-5068,PRD-1023,1,6936.43,0.2,5549.14,Cash,Mobile App
TXN-101905,2026-03-23 11:55:00,STR-107,CUST-5054,PRD-1000,3,1111.79,0.05,3168.6,Credit Card,Mobile App
TXN-101906,2026-02-24 09:11:00,STR-106,CUST-5141,PRD-1030,4,3232.14,0.15,10989.28,Cash,In-Store
TXN-101907,2026-02-07 21:48:00,STR-101,CUST-5122,PRD-1009,2,20274.45,0.2,32439.12,Cash,In-Store
TXN-101908,2026-06-10 20:26:00,STR-113,CUST-5160,PRD-1036,2,22028.56,0.05,41854.26,Debit Card,In-Store
TXN-101909,2026-04-21 08:55:00,STR-105,CUST-5199,PRD-1016,4,15423.32,0.0,61693.28,Net Banking,In-Store
TXN-101910,2026-04-26 17:53:00,STR-113,CUST-5057,PRD-1012,3,5210.26,0.15,13286.16,Credit Card,Online
TXN-101911,2026-06-15 21:48:00,STR-110,CUST-5040,PRD-1039,5,3644.72,0.15,15490.06,Credit Card,Mobile App
TXN-101912,2026-01-20 14:38:00,STR-100,CUST-5106,PRD-1033,3,21120.74,0.15,53857.89,UPI,Mobile App
TXN-101913,2026-04-05 12:25:00,STR-104,CUST-5118,PRD-1005,2,11505.07,0.0,23010.14,Debit Card,Online
TXN-101914,2026-03-20 21:30:00,STR-108,CUST-5124,PRD-1034,5,9660.26,0.1,43471.17,Net Banking,Mobile App
TXN-101915,2026-06-03 18:50:00,STR-109,CUST-5035,PRD-1037,5,1918.22,0.2,7672.88,Net Banking,Online
TXN-101916,2026-05-17 16:39:00,STR-110,CUST-5016,PRD-1005,4,11505.07,0.1,41418.25,Debit Card,Mobile App
TXN-101917,2026-06-02 16:14:00,STR-105,CUST-5082,PRD-1017,3,11824.84,0.1,31927.07,Credit Card,Mobile App
TXN-101918,2026-02-19 21:21:00,STR-108,CUST-5173,PRD-1012,3,5210.26,0.1,14067.7,Net Banking,Online
TXN-101919,2026-06-21 18:12:00,STR-112,CUST-5156,PRD-1016,5,15423.32,0.15,65549.11,Credit Card,Mobile App
TXN-101920,2026-05-19 16:20:00,STR-103,CUST-5118,PRD-1018,2,17272.73,0.1,31090.91,Cash,Mobile App
TXN-101921,2026-06-13 11:13:00,STR-109,CUST-5162,PRD-1011,1,20820.24,0.1,18738.22,Debit Card,In-Store
TXN-101922,2026-03-04 14:30:00,STR-111,CUST-5069,PRD-1041,4,23258.31,0.1,83729.92,Cash,Online
TXN-101923,2026-03-07 17:04:00,STR-104,CUST-5031,PRD-1034,3,9660.26,0.05,27531.74,Net Banking,Mobile App
TXN-101924,2026-02-18 20:59:00,STR-104,CUST-5126,PRD-1025,1,12590.63,0.0,12590.63,Net Banking,Mobile App
TXN-101925,2026-05-26 14:12:00,STR-104,CUST-5013,PRD-1037,3,1918.22,0.2,4603.73,Net Banking,Mobile App
TXN-101926,2026-05-02 14:24:00,STR-105,CUST-5030,PRD-1031,5,23868.44,0.0,119342.2,Credit Card,In-Store
TXN-101927,2026-01-11 21:04:00,STR-104,CUST-5027,PRD-1007,3,23951.68,0.0,71855.04,Cash,Mobile App
TXN-101928,2026-06-25 14:13:00,STR-100,CUST-5169,PRD-1017,2,11824.84,0.0,23649.68,Cash,In-Store
TXN-101929,2026-06-09 19:17:00,STR-104,CUST-5110,PRD-1000,1,1111.79,0.1,1000.61,Credit Card,In-Store
TXN-101930,2026-05-27 20:17:00,STR-114,CUST-5141,PRD-1014,5,7309.63,0.2,29238.52,Debit Card,In-Store
TXN-101931,2026-05-30 13:48:00,STR-103,CUST-5043,PRD-1009,1,20274.45,0.2,16219.56,Net Banking,In-Store
TXN-101932,2026-02-11 09:36:00,STR-111,CUST-5157,PRD-1034,5,9660.26,0.0,48301.3,Debit Card,Online
TXN-101933,2026-04-15 11:15:00,STR-107,CUST-5156,PRD-1007,1,23951.68,0.05,22754.1,Credit Card,In-Store
TXN-101934,2026-01-01 11:42:00,STR-104,CUST-5111,PRD-1014,3,7309.63,0.0,21928.89,Cash,Mobile App
TXN-101935,2026-03-01 09:54:00,STR-101,CUST-5104,PRD-1024,4,9368.27,0.05,35599.43,Net Banking,Online
TXN-101936,2026-04-08 08:34:00,STR-112,CUST-5069,PRD-1009,4,20274.45,0.2,64878.24,Credit Card,Mobile App
TXN-101937,2026-03-29 13:01:00,STR-107,CUST-5129,PRD-1031,4,23868.44,0.2,76379.01,Cash,Online
TXN-101938,2026-04-06 10:45:00,STR-101,CUST-5153,PRD-1028,5,6658.9,0.05,31629.77,Net Banking,In-Store
TXN-101939,2026-03-22 13:25:00,STR-104,CUST-5063,PRD-1025,2,12590.63,0.05,23922.2,Debit Card,In-Store
TXN-101940,2026-01-07 18:59:00,STR-109,CUST-5062,PRD-1024,5,9368.27,0.15,39815.15,UPI,Online
TXN-101941,2026-05-27 13:23:00,STR-106,CUST-5005,PRD-1045,1,14916.37,0.15,12678.91,Net Banking,Online
TXN-101942,2026-01-23 14:16:00,STR-105,CUST-5058,PRD-1046,4,2150.38,0.15,7311.29,Debit Card,Online
TXN-101943,2026-02-13 11:54:00,STR-109,CUST-5165,PRD-1016,4,15423.32,0.05,58608.62,Cash,Mobile App
TXN-101944,2026-04-08 13:03:00,STR-112,CUST-5058,PRD-1033,2,21120.74,0.0,42241.48,UPI,Mobile App
TXN-101945,2026-06-28 16:03:00,STR-104,CUST-5020,PRD-1010,1,24341.31,0.2,19473.05,Cash,Online
TXN-101946,2026-02-06 21:27:00,STR-104,CUST-5047,PRD-1028,2,6658.9,0.1,11986.02,Credit Card,Online
TXN-101947,2026-01-18 11:55:00,STR-101,CUST-5158,PRD-1019,2,20633.99,0.2,33014.38,UPI,Mobile App
TXN-101948,2026-05-21 15:27:00,STR-114,CUST-5042,PRD-1041,2,23258.31,0.1,41864.96,Credit Card,In-Store
TXN-101949,2026-01-18 20:06:00,STR-104,CUST-5045,PRD-1012,5,5210.26,0.0,26051.3,Cash,In-Store
TXN-101950,2026-04-05 19:11:00,STR-102,CUST-5136,PRD-1049,4,12079.91,0.2,38655.71,Credit Card,In-Store
TXN-101951,2026-03-11 16:52:00,STR-100,CUST-5128,PRD-1000,3,1111.79,0.05,3168.6,Cash,In-Store
TXN-101952,2026-01-13 15:09:00,STR-113,CUST-5033,PRD-1025,2,12590.63,0.05,23922.2,Credit Card,Mobile App
TXN-101953,2026-04-29 11:29:00,STR-102,CUST-5181,PRD-1023,5,6936.43,0.1,31213.94,UPI,Mobile App
TXN-101954,2026-01-11 09:24:00,STR-102,CUST-5000,PRD-1015,2,9568.8,0.2,15310.08,Debit Card,Online
TXN-101955,2026-05-21 16:46:00,STR-106,CUST-5134,PRD-1033,4,21120.74,0.15,71810.52,Net Banking,Mobile App
TXN-101956,2026-05-28 19:53:00,STR-111,CUST-5103,PRD-1033,3,21120.74,0.2,50689.78,Debit Card,Mobile App
TXN-101957,2026-05-08 10:51:00,STR-100,CUST-5052,PRD-1026,2,15872.06,0.2,25395.3,UPI,Mobile App
TXN-101958,2026-06-04 14:24:00,STR-106,CUST-5076,PRD-1023,3,6936.43,0.0,20809.29,Debit Card,In-Store
TXN-101959,2026-01-05 11:27:00,STR-112,CUST-5163,PRD-1020,4,2120.69,0.05,8058.62,Credit Card,Online
TXN-101960,2026-04-12 11:09:00,STR-100,CUST-5058,PRD-1037,2,1918.22,0.1,3452.8,Net Banking,Online
TXN-101961,2026-04-30 13:56:00,STR-103,CUST-5118,PRD-1031,4,23868.44,0.15,81152.7,Credit Card,Online
TXN-101962,2026-06-13 09:18:00,STR-105,CUST-5013,PRD-1003,2,6199.42,0.05,11778.9,Debit Card,Online
TXN-101963,2026-06-03 12:22:00,STR-113,CUST-5131,PRD-1024,4,9368.27,0.0,37473.08,Cash,Online
TXN-101964,2026-04-01 13:12:00,STR-104,CUST-5129,PRD-1002,4,14966.66,0.0,59866.64,Credit Card,In-Store
TXN-101965,2026-03-11 08:01:00,STR-108,CUST-5055,PRD-1006,2,17604.11,0.2,28166.58,Cash,Online
TXN-101966,2026-03-27 20:39:00,STR-107,CUST-5088,PRD-1001,4,18543.28,0.15,63047.15,Cash,Online
TXN-101967,2026-05-13 17:07:00,STR-114,CUST-5112,PRD-1018,3,17272.73,0.0,51818.19,Net Banking,Online
TXN-101968,2026-06-20 20:35:00,STR-111,CUST-5191,PRD-1048,5,13710.77,0.0,68553.85,Cash,Mobile App
TXN-101969,2026-03-26 18:45:00,STR-107,CUST-5187,PRD-1004,2,18042.2,0.15,30671.74,Debit Card,In-Store
TXN-101970,2026-06-07 14:17:00,STR-106,CUST-5056,PRD-1009,2,20274.45,0.0,40548.9,UPI,In-Store
TXN-101971,2026-02-19 14:36:00,STR-103,CUST-5106,PRD-1019,1,20633.99,0.05,19602.29,Credit Card,Online
TXN-101972,2026-02-23 08:04:00,STR-102,CUST-5009,PRD-1035,5,15173.74,0.1,68281.83,Debit Card,Mobile App
TXN-101973,2026-04-30 10:59:00,STR-110,CUST-5126,PRD-1030,1,3232.14,0.05,3070.53,UPI,In-Store
TXN-101974,2026-06-07 19:23:00,STR-113,CUST-5120,PRD-1042,4,10274.71,0.1,36988.96,Debit Card,Mobile App
TXN-101975,2026-06-11 18:20:00,STR-108,CUST-5039,PRD-1035,5,15173.74,0.1,68281.83,Cash,Mobile App
TXN-101976,2026-03-04 11:52:00,STR-100,CUST-5111,PRD-1043,3,22540.44,0.2,54097.06,Net Banking,Online
TXN-101977,2026-05-08 19:25:00,STR-100,CUST-5151,PRD-1021,5,5708.56,0.1,25688.52,Debit Card,Online
TXN-101978,2026-02-27 21:50:00,STR-103,CUST-5063,PRD-1006,2,17604.11,0.2,28166.58,Net Banking,In-Store
TXN-101979,2026-04-03 14:47:00,STR-106,CUST-5107,PRD-1006,5,17604.11,0.2,70416.44,Cash,Online
TXN-101980,2026-02-11 17:30:00,STR-114,CUST-5169,PRD-1019,1,20633.99,0.05,19602.29,UPI,Online
TXN-101981,2026-04-21 10:26:00,STR-107,CUST-5007,PRD-1003,4,6199.42,0.15,21078.03,Debit Card,Online
TXN-101982,2026-05-05 15:59:00,STR-106,CUST-5150,PRD-1007,3,23951.68,0.05,68262.29,Credit Card,Online
TXN-101983,2026-03-04 17:51:00,STR-102,CUST-5086,PRD-1027,2,2055.49,0.1,3699.88,Credit Card,Mobile App
TXN-101984,2026-01-22 09:05:00,STR-101,CUST-5188,PRD-1020,5,2120.69,0.15,9012.93,UPI,In-Store
TXN-101985,2026-01-24 20:51:00,STR-111,CUST-5165,PRD-1034,4,9660.26,0.15,32844.88,Credit Card,In-Store
TXN-101986,2026-01-09 10:18:00,STR-113,CUST-5093,PRD-1000,4,1111.79,0.05,4224.8,Debit Card,Mobile App
TXN-101987,2026-02-12 12:21:00,STR-101,CUST-5009,PRD-1036,1,22028.56,0.0,22028.56,Cash,In-Store
TXN-101988,2026-02-19 20:10:00,STR-114,CUST-5100,PRD-1002,5,14966.66,0.0,74833.3,Net Banking,In-Store
TXN-101989,2026-06-07 21:33:00,STR-101,CUST-5156,PRD-1017,5,11824.84,0.1,53211.78,Debit Card,In-Store
TXN-101990,2026-03-08 10:41:00,STR-112,CUST-5179,PRD-1004,4,18042.2,0.2,57735.04,Cash,In-Store
TXN-101991,2026-06-26 12:02:00,STR-106,CUST-5086,PRD-1031,5,23868.44,0.05,113375.09,Credit Card,Mobile App
TXN-101992,2026-05-11 12:18:00,STR-110,CUST-5180,PRD-1030,4,3232.14,0.1,11635.7,Net Banking,Online
TXN-101993,2026-02-23 11:29:00,STR-102,CUST-5180,PRD-1015,3,9568.8,0.1,25835.76,Credit Card,In-Store
TXN-101994,2026-01-31 10:06:00,STR-107,CUST-5032,PRD-1005,1,11505.07,0.2,9204.06,Credit Card,Mobile App
TXN-101995,2026-06-26 13:37:00,STR-103,CUST-5183,PRD-1004,3,18042.2,0.1,48713.94,Net Banking,Online
TXN-101996,2026-05-31 12:59:00,STR-111,CUST-5053,PRD-1026,1,15872.06,0.2,12697.65,Net Banking,Mobile App
TXN-101997,2026-04-11 11:22:00,STR-101,CUST-5012,PRD-1002,3,14966.66,0.05,42654.98,UPI,Online
TXN-101998,2026-04-29 18:25:00,STR-112,CUST-5181,PRD-1024,2,9368.27,0.15,15926.06,Debit Card,Online
TXN-101999,2026-06-18 13:58:00,STR-112,CUST-5145,PRD-1008,3,2868.65,0.15,7315.06,Credit Card,In-Store
TXN-102000,2026-01-24 15:56:00,STR-105,CUST-5037,PRD-1010,3,24341.31,0.15,62070.34,UPI,In-Store
TXN-102001,2026-05-07 12:58:00,STR-103,CUST-5184,PRD-1015,5,9568.8,0.2,38275.2,Credit Card,Online
TXN-102002,2026-03-29 20:39:00,STR-105,CUST-5086,PRD-1002,1,14966.66,0.1,13469.99,UPI,In-Store
TXN-102003,2026-02-24 10:21:00,STR-110,CUST-5168,PRD-1030,5,3232.14,0.05,15352.66,Cash,Online
TXN-102004,2026-06-01 17:59:00,STR-109,CUST-5050,PRD-1033,4,21120.74,0.2,67586.37,Net Banking,Mobile App
TXN-102005,2026-05-21 12:34:00,STR-112,CUST-5116,PRD-1002,4,14966.66,0.2,47893.31,UPI,Online
TXN-102006,2026-05-31 18:50:00,STR-101,CUST-5121,PRD-1021,1,5708.56,0.15,4852.28,Net Banking,Online
TXN-102007,2026-03-22 21:37:00,STR-103,CUST-5115,PRD-1038,5,18431.47,0.05,87549.48,Debit Card,Online
TXN-102008,2026-06-21 17:16:00,STR-106,CUST-5067,PRD-1041,1,23258.31,0.05,22095.39,UPI,Mobile App
TXN-102009,2026-04-26 11:25:00,STR-100,CUST-5110,PRD-1014,1,7309.63,0.05,6944.15,UPI,In-Store
TXN-102010,2026-04-17 08:32:00,STR-113,CUST-5187,PRD-1017,5,11824.84,0.2,47299.36,Debit Card,Mobile App
TXN-102011,2026-05-29 11:34:00,STR-110,CUST-5141,PRD-1042,1,10274.71,0.15,8733.5,Debit Card,In-Store
TXN-102012,2026-03-26 10:34:00,STR-110,CUST-5051,PRD-1015,4,9568.8,0.2,30620.16,UPI,Mobile App
TXN-102013,2026-06-15 11:30:00,STR-100,CUST-5025,PRD-1027,1,2055.49,0.1,1849.94,Credit Card,Mobile App
TXN-102014,2026-06-18 12:42:00,STR-104,CUST-5106,PRD-1046,3,2150.38,0.05,6128.58,Credit Card,Online
TXN-102015,2026-01-25 20:59:00,STR-104,CUST-5079,PRD-1013,2,24637.91,0.1,44348.24,Cash,Mobile App
TXN-102016,2026-02-09 21:07:00,STR-113,CUST-5000,PRD-1035,1,15173.74,0.0,15173.74,Credit Card,In-Store
TXN-102017,2026-01-30 20:28:00,STR-105,CUST-5031,PRD-1049,3,12079.91,0.05,34427.74,Cash,Mobile App
TXN-102018,2026-05-04 18:39:00,STR-104,CUST-5021,PRD-1029,5,17201.59,0.0,86007.95,Debit Card,In-Store
TXN-102019,2026-02-18 16:16:00,STR-111,CUST-5004,PRD-1022,2,6988.83,0.15,11881.01,Cash,In-Store
TXN-102020,2026-03-29 10:33:00,STR-113,CUST-5176,PRD-1004,2,18042.2,0.05,34280.18,Cash,In-Store
TXN-102021,2026-03-29 21:24:00,STR-112,CUST-5193,PRD-1030,3,3232.14,0.0,9696.42,Net Banking,In-Store
TXN-102022,2026-02-12 11:39:00,STR-110,CUST-5123,PRD-1032,4,19167.84,0.05,72837.79,Cash,Mobile App
TXN-102023,2026-06-18 20:31:00,STR-108,CUST-5197,PRD-1044,1,2067.7,0.05,1964.31,Net Banking,Online
TXN-102024,2026-01-11 08:28:00,STR-103,CUST-5000,PRD-1020,3,2120.69,0.05,6043.97,Cash,Online
TXN-102025,2026-04-17 19:53:00,STR-100,CUST-5080,PRD-1001,3,18543.28,0.1,50066.86,Net Banking,In-Store
TXN-102026,2026-05-14 16:49:00,STR-101,CUST-5151,PRD-1008,1,2868.65,0.2,2294.92,Credit Card,Online
TXN-102027,2026-03-29 09:39:00,STR-112,CUST-5008,PRD-1031,5,23868.44,0.2,95473.76,Debit Card,In-Store
TXN-102028,2026-03-17 08:54:00,STR-101,CUST-5014,PRD-1019,5,20633.99,0.15,87694.46,Debit Card,Mobile App
TXN-102029,2026-02-09 12:21:00,STR-113,CUST-5105,PRD-1008,3,2868.65,0.15,7315.06,UPI,Mobile App
TXN-102030,2026-03-20 19:19:00,STR-106,CUST-5005,PRD-1023,1,6936.43,0.15,5895.97,UPI,Online
TXN-102031,2026-02-05 16:38:00,STR-109,CUST-5025,PRD-1020,2,2120.69,0.0,4241.38,Debit Card,In-Store
TXN-102032,2026-03-23 09:11:00,STR-109,CUST-5054,PRD-1006,3,17604.11,0.1,47531.1,Cash,In-Store
TXN-102033,2026-03-21 21:48:00,STR-108,CUST-5193,PRD-1014,1,7309.63,0.1,6578.67,Cash,In-Store
TXN-102034,2026-06-26 16:19:00,STR-114,CUST-5141,PRD-1045,5,14916.37,0.2,59665.48,Debit Card,In-Store
TXN-102035,2026-04-18 09:42:00,STR-105,CUST-5068,PRD-1025,1,12590.63,0.1,11331.57,UPI,In-Store
TXN-102036,2026-01-02 09:57:00,STR-107,CUST-5010,PRD-1004,1,18042.2,0.2,14433.76,Net Banking,Online
TXN-102037,2026-03-09 10:37:00,STR-108,CUST-5063,PRD-1025,5,12590.63,0.0,62953.15,UPI,Online
TXN-102038,2026-06-29 21:06:00,STR-110,CUST-5004,PRD-1010,2,24341.31,0.2,38946.1,Net Banking,In-Store
TXN-102039,2026-06-24 16:15:00,STR-106,CUST-5001,PRD-1046,2,2150.38,0.05,4085.72,Cash,Online
TXN-102040,2026-05-21 11:03:00,STR-106,CUST-5054,PRD-1036,2,22028.56,0.15,37448.55,Cash,Mobile App
TXN-102041,2026-03-16 13:08:00,STR-106,CUST-5151,PRD-1024,2,9368.27,0.2,14989.23,Net Banking,Mobile App
TXN-102042,2026-06-07 21:56:00,STR-101,CUST-5180,PRD-1018,3,17272.73,0.05,49227.28,Net Banking,Online
TXN-102043,2026-01-01 09:25:00,STR-109,CUST-5048,PRD-1041,5,23258.31,0.15,98847.82,Debit Card,Mobile App
TXN-102044,2026-06-14 17:07:00,STR-110,CUST-5063,PRD-1008,5,2868.65,0.05,13626.09,Credit Card,Mobile App
TXN-102045,2026-01-12 19:04:00,STR-110,CUST-5101,PRD-1002,2,14966.66,0.05,28436.65,Credit Card,In-Store
TXN-102046,2026-01-01 18:13:00,STR-111,CUST-5028,PRD-1017,1,11824.84,0.2,9459.87,UPI,Online
TXN-102047,2026-04-25 10:09:00,STR-111,CUST-5165,PRD-1006,3,17604.11,0.05,50171.71,UPI,Online
TXN-102048,2026-06-18 16:43:00,STR-104,CUST-5113,PRD-1020,4,2120.69,0.15,7210.35,Credit Card,Mobile App
TXN-102049,2026-04-01 11:55:00,STR-110,CUST-5169,PRD-1009,2,20274.45,0.15,34466.57,Credit Card,Online
TXN-102050,2026-01-13 12:00:00,STR-106,CUST-5118,PRD-1031,3,23868.44,0.15,60864.52,Credit Card,In-Store
TXN-102051,2026-03-16 11:26:00,STR-101,CUST-5073,PRD-1003,4,6199.42,0.2,19838.14,Credit Card,Online
TXN-102052,2026-01-04 15:50:00,STR-112,CUST-5135,PRD-1017,2,11824.84,0.15,20102.23,UPI,Mobile App
TXN-102053,2026-06-14 11:28:00,STR-103,CUST-5176,PRD-1029,3,17201.59,0.1,46444.29,Debit Card,Online
TXN-102054,2026-05-03 11:28:00,STR-114,CUST-5034,PRD-1024,3,9368.27,0.05,26699.57,UPI,In-Store
TXN-102055,2026-02-26 16:32:00,STR-110,CUST-5037,PRD-1041,4,23258.31,0.15,79078.25,UPI,Online
TXN-102056,2026-03-07 19:06:00,STR-104,CUST-5168,PRD-1046,3,2150.38,0.2,5160.91,Cash,Online
TXN-102057,2026-01-17 17:56:00,STR-101,CUST-5061,PRD-1047,4,13096.34,0.0,52385.36,Debit Card,Online
TXN-102058,2026-05-28 20:59:00,STR-108,CUST-5046,PRD-1015,5,9568.8,0.2,38275.2,Net Banking,Mobile App
TXN-102059,2026-03-25 20:44:00,STR-112,CUST-5141,PRD-1000,2,1111.79,0.0,2223.58,Net Banking,Mobile App
TXN-102060,2026-02-19 10:06:00,STR-111,CUST-5078,PRD-1021,1,5708.56,0.15,4852.28,Net Banking,Online
TXN-102061,2026-02-21 18:25:00,STR-110,CUST-5154,PRD-1044,3,2067.7,0.2,4962.48,Cash,Mobile App
TXN-102062,2026-05-01 17:12:00,STR-114,CUST-5062,PRD-1022,1,6988.83,0.15,5940.51,Debit Card,In-Store
TXN-102063,2026-03-03 16:21:00,STR-107,CUST-5058,PRD-1021,3,5708.56,0.15,14556.83,Net Banking,Mobile App
TXN-102064,2026-05-25 10:14:00,STR-106,CUST-5011,PRD-1001,1,18543.28,0.0,18543.28,Credit Card,Online
TXN-102065,2026-01-27 18:35:00,STR-107,CUST-5183,PRD-1026,5,15872.06,0.0,79360.3,Credit Card,In-Store
TXN-102066,2026-04-05 09:02:00,STR-104,CUST-5002,PRD-1047,2,13096.34,0.05,24883.05,Cash,Online
TXN-102067,2026-04-26 11:05:00,STR-105,CUST-5060,PRD-1007,3,23951.68,0.2,57484.03,Cash,In-Store
TXN-102068,2026-05-18 19:40:00,STR-112,CUST-5061,PRD-1005,3,11505.07,0.2,27612.17,UPI,Online
TXN-102069,2026-02-12 18:48:00,STR-111,CUST-5186,PRD-1044,3,2067.7,0.2,4962.48,UPI,Online
TXN-102070,2026-01-26 09:32:00,STR-109,CUST-5058,PRD-1013,4,24637.91,0.1,88696.48,Cash,Online
TXN-102071,2026-04-02 20:28:00,STR-108,CUST-5178,PRD-1000,4,1111.79,0.1,4002.44,Credit Card,In-Store
TXN-102072,2026-01-06 18:17:00,STR-103,CUST-5044,PRD-1047,1,13096.34,0.2,10477.07,Credit Card,In-Store
TXN-102073,2026-02-20 21:13:00,STR-103,CUST-5033,PRD-1047,1,13096.34,0.05,12441.52,Debit Card,Online
TXN-102074,2026-06-08 10:02:00,STR-101,CUST-5185,PRD-1003,4,6199.42,0.05,23557.8,Credit Card,Online
TXN-102075,2026-02-09 19:04:00,STR-113,CUST-5040,PRD-1040,3,6993.15,0.15,17832.53,Net Banking,Online
TXN-102076,2026-01-09 16:11:00,STR-110,CUST-5107,PRD-1000,2,1111.79,0.1,2001.22,UPI,In-Store
TXN-102077,2026-01-19 10:26:00,STR-101,CUST-5111,PRD-1048,2,13710.77,0.05,26050.46,Credit Card,Mobile App
TXN-102078,2026-05-23 18:33:00,STR-114,CUST-5151,PRD-1010,3,24341.31,0.2,58419.14,Cash,Online
TXN-102079,2026-05-17 18:36:00,STR-103,CUST-5114,PRD-1028,2,6658.9,0.2,10654.24,Net Banking,In-Store
TXN-102080,2026-03-22 12:38:00,STR-103,CUST-5187,PRD-1039,4,3644.72,0.1,13120.99,UPI,In-Store
TXN-102081,2026-05-18 15:59:00,STR-101,CUST-5148,PRD-1025,3,12590.63,0.15,32106.11,UPI,Mobile App
TXN-102082,2026-06-29 16:54:00,STR-101,CUST-5143,PRD-1008,1,2868.65,0.05,2725.22,Net Banking,Online
TXN-102083,2026-01-14 16:11:00,STR-108,CUST-5059,PRD-1041,5,23258.31,0.05,110476.97,Credit Card,In-Store
TXN-102084,2026-05-20 09:15:00,STR-108,CUST-5141,PRD-1003,5,6199.42,0.2,24797.68,UPI,Online
TXN-102085,2026-03-08 12:21:00,STR-108,CUST-5034,PRD-1033,5,21120.74,0.0,105603.7,Credit Card,In-Store
TXN-102086,2026-02-05 20:50:00,STR-103,CUST-5178,PRD-1027,4,2055.49,0.05,7810.86,UPI,Mobile App
TXN-102087,2026-01-19 14:46:00,STR-110,CUST-5139,PRD-1009,5,20274.45,0.15,86166.41,UPI,Mobile App
TXN-102088,2026-02-12 18:17:00,STR-113,CUST-5086,PRD-1048,3,13710.77,0.15,34962.46,UPI,In-Store
TXN-102089,2026-06-20 19:01:00,STR-113,CUST-5185,PRD-1048,1,13710.77,0.0,13710.77,UPI,In-Store
TXN-102090,2026-01-21 09:44:00,STR-103,CUST-5123,PRD-1020,2,2120.69,0.2,3393.1,UPI,Online
TXN-102091,2026-06-11 19:38:00,STR-100,CUST-5184,PRD-1034,3,9660.26,0.0,28980.78,Credit Card,Online
TXN-102092,2026-05-10 18:18:00,STR-112,CUST-5074,PRD-1020,4,2120.69,0.0,8482.76,Debit Card,In-Store
TXN-102093,2026-06-03 18:36:00,STR-108,CUST-5122,PRD-1005,5,11505.07,0.05,54649.08,Debit Card,Online
TXN-102094,2026-02-14 21:48:00,STR-104,CUST-5128,PRD-1033,1,21120.74,0.05,20064.7,Cash,In-Store
TXN-102095,2026-01-11 16:27:00,STR-107,CUST-5006,PRD-1020,4,2120.69,0.15,7210.35,UPI,Mobile App
TXN-102096,2026-03-04 14:22:00,STR-110,CUST-5087,PRD-1003,1,6199.42,0.1,5579.48,UPI,Online
TXN-102097,2026-05-16 10:25:00,STR-106,CUST-5144,PRD-1046,5,2150.38,0.1,9676.71,UPI,In-Store
TXN-102098,2026-05-11 11:20:00,STR-105,CUST-5169,PRD-1026,2,15872.06,0.1,28569.71,UPI,Online
TXN-102099,2026-04-07 19:02:00,STR-108,CUST-5182,PRD-1019,2,20633.99,0.2,33014.38,UPI,Mobile App
TXN-102100,2026-02-23 11:26:00,STR-109,CUST-5157,PRD-1030,1,3232.14,0.15,2747.32,Cash,Online
TXN-102101,2026-06-09 20:40:00,STR-113,CUST-5134,PRD-1039,3,3644.72,0.0,10934.16,Credit Card,In-Store
TXN-102102,2026-01-13 09:55:00,STR-106,CUST-5064,PRD-1004,1,18042.2,0.1,16237.98,Cash,In-Store
TXN-102103,2026-03-08 18:46:00,STR-104,CUST-5164,PRD-1035,5,15173.74,0.0,75868.7,Credit Card,Mobile App
TXN-102104,2026-05-13 11:24:00,STR-111,CUST-5195,PRD-1030,4,3232.14,0.05,12282.13,Credit Card,Mobile App
TXN-102105,2026-03-10 11:09:00,STR-110,CUST-5016,PRD-1041,1,23258.31,0.15,19769.56,Credit Card,Mobile App
TXN-102106,2026-02-13 16:36:00,STR-110,CUST-5171,PRD-1025,5,12590.63,0.1,56657.83,Debit Card,Online
TXN-102107,2026-03-04 14:48:00,STR-111,CUST-5033,PRD-1019,2,20633.99,0.0,41267.98,Debit Card,Mobile App
TXN-102108,2026-02-24 09:19:00,STR-112,CUST-5064,PRD-1046,5,2150.38,0.15,9139.12,UPI,Online
TXN-102109,2026-06-11 14:10:00,STR-105,CUST-5192,PRD-1002,4,14966.66,0.1,53879.98,Debit Card,Online
TXN-102110,2026-02-28 19:43:00,STR-105,CUST-5087,PRD-1002,2,14966.66,0.15,25443.32,Cash,Mobile App
TXN-102111,2026-01-06 18:05:00,STR-107,CUST-5096,PRD-1011,3,20820.24,0.05,59337.68,Debit Card,Online
TXN-102112,2026-05-28 21:33:00,STR-108,CUST-5005,PRD-1017,3,11824.84,0.2,28379.62,Credit Card,Mobile App
TXN-102113,2026-05-23 19:32:00,STR-108,CUST-5045,PRD-1006,3,17604.11,0.05,50171.71,Debit Card,Online
TXN-102114,2026-06-06 21:44:00,STR-100,CUST-5172,PRD-1046,2,2150.38,0.15,3655.65,Debit Card,In-Store
TXN-102115,2026-03-03 11:58:00,STR-103,CUST-5053,PRD-1018,1,17272.73,0.1,15545.46,Debit Card,In-Store
TXN-102116,2026-03-22 19:07:00,STR-106,CUST-5186,PRD-1033,3,21120.74,0.2,50689.78,Credit Card,In-Store
TXN-102117,2026-06-03 15:33:00,STR-107,CUST-5184,PRD-1006,1,17604.11,0.0,17604.11,UPI,Mobile App
TXN-102118,2026-03-03 17:05:00,STR-110,CUST-5173,PRD-1003,5,6199.42,0.05,29447.24,Credit Card,Online
TXN-102119,2026-06-14 13:14:00,STR-100,CUST-5104,PRD-1013,2,24637.91,0.15,41884.45,UPI,Mobile App
TXN-102120,2026-05-10 15:48:00,STR-105,CUST-5099,PRD-1004,1,18042.2,0.2,14433.76,UPI,Online
TXN-102121,2026-05-15 08:00:00,STR-114,CUST-5047,PRD-1032,4,19167.84,0.2,61337.09,Credit Card,In-Store
TXN-102122,2026-03-27 20:26:00,STR-101,CUST-5140,PRD-1001,5,18543.28,0.0,92716.4,Credit Card,Mobile App
TXN-102123,2026-06-26 14:21:00,STR-107,CUST-5163,PRD-1033,1,21120.74,0.05,20064.7,Net Banking,Online
TXN-102124,2026-01-31 19:58:00,STR-106,CUST-5000,PRD-1046,3,2150.38,0.2,5160.91,Cash,Mobile App
TXN-102125,2026-06-06 20:22:00,STR-102,CUST-5014,PRD-1013,4,24637.91,0.1,88696.48,UPI,Online
TXN-102126,2026-05-15 18:49:00,STR-109,CUST-5073,PRD-1038,1,18431.47,0.0,18431.47,UPI,Mobile App
TXN-102127,2026-04-12 16:30:00,STR-105,CUST-5006,PRD-1018,2,17272.73,0.05,32818.19,Cash,In-Store
TXN-102128,2026-02-13 21:46:00,STR-102,CUST-5055,PRD-1048,4,13710.77,0.05,52100.93,Cash,Mobile App
TXN-102129,2026-03-03 15:17:00,STR-105,CUST-5086,PRD-1032,2,19167.84,0.0,38335.68,Net Banking,In-Store
TXN-102130,2026-06-28 19:54:00,STR-111,CUST-5075,PRD-1005,3,11505.07,0.0,34515.21,Credit Card,Mobile App
TXN-102131,2026-04-04 18:01:00,STR-112,CUST-5086,PRD-1034,4,9660.26,0.0,38641.04,Credit Card,Online
TXN-102132,2026-01-12 16:44:00,STR-101,CUST-5029,PRD-1025,4,12590.63,0.15,42808.14,Credit Card,Online
TXN-102133,2026-02-19 21:03:00,STR-108,CUST-5052,PRD-1049,1,12079.91,0.0,12079.91,Debit Card,Online
TXN-102134,2026-01-07 14:09:00,STR-110,CUST-5116,PRD-1025,5,12590.63,0.0,62953.15,UPI,Online
TXN-102135,2026-02-14 20:13:00,STR-104,CUST-5087,PRD-1047,2,13096.34,0.0,26192.68,Debit Card,In-Store
TXN-102136,2026-02-16 14:36:00,STR-101,CUST-5124,PRD-1027,5,2055.49,0.2,8221.96,Net Banking,Online
TXN-102137,2026-06-09 11:33:00,STR-113,CUST-5067,PRD-1048,5,13710.77,0.05,65126.16,Debit Card,Mobile App
TXN-102138,2026-03-19 16:00:00,STR-112,CUST-5135,PRD-1002,1,14966.66,0.05,14218.33,Net Banking,In-Store
TXN-102139,2026-05-03 21:42:00,STR-114,CUST-5140,PRD-1021,3,5708.56,0.05,16269.4,Cash,In-Store
TXN-102140,2026-03-01 18:23:00,STR-109,CUST-5185,PRD-1026,1,15872.06,0.05,15078.46,UPI,In-Store
TXN-102141,2026-06-26 19:01:00,STR-109,CUST-5012,PRD-1006,3,17604.11,0.15,44890.48,Cash,Online
TXN-102142,2026-03-16 12:36:00,STR-102,CUST-5004,PRD-1036,5,22028.56,0.0,110142.8,Net Banking,Online
TXN-102143,2026-06-03 19:36:00,STR-109,CUST-5160,PRD-1037,2,1918.22,0.15,3260.97,Net Banking,Mobile App
TXN-102144,2026-05-22 18:38:00,STR-112,CUST-5153,PRD-1036,4,22028.56,0.1,79302.82,Net Banking,In-Store
TXN-102145,2026-05-18 20:23:00,STR-109,CUST-5098,PRD-1033,3,21120.74,0.05,60194.11,Cash,In-Store
TXN-102146,2026-01-27 12:01:00,STR-112,CUST-5128,PRD-1009,3,20274.45,0.2,48658.68,Debit Card,Mobile App
TXN-102147,2026-02-18 09:11:00,STR-113,CUST-5199,PRD-1039,2,3644.72,0.05,6924.97,Credit Card,Online
TXN-102148,2026-04-14 17:35:00,STR-100,CUST-5104,PRD-1049,2,12079.91,0.15,20535.85,Cash,Mobile App
TXN-102149,2026-02-09 14:40:00,STR-101,CUST-5117,PRD-1001,5,18543.28,0.15,78808.94,Net Banking,In-Store
TXN-102150,2026-02-25 12:35:00,STR-111,CUST-5058,PRD-1041,4,23258.31,0.05,88381.58,Cash,Mobile App
TXN-102151,2026-04-03 18:15:00,STR-114,CUST-5133,PRD-1014,3,7309.63,0.2,17543.11,Credit Card,Mobile App
TXN-102152,2026-01-01 13:26:00,STR-114,CUST-5169,PRD-1035,1,15173.74,0.1,13656.37,UPI,In-Store
TXN-102153,2026-04-22 13:01:00,STR-108,CUST-5037,PRD-1044,5,2067.7,0.2,8270.8,Net Banking,Mobile App
TXN-102154,2026-06-23 10:27:00,STR-110,CUST-5068,PRD-1048,3,13710.77,0.2,32905.85,UPI,Mobile App
TXN-102155,2026-03-30 14:40:00,STR-101,CUST-5055,PRD-1024,5,9368.27,0.15,39815.15,UPI,Mobile App
TXN-102156,2026-06-22 21:43:00,STR-114,CUST-5037,PRD-1030,4,3232.14,0.0,12928.56,Credit Card,Mobile App
TXN-102157,2026-01-31 12:53:00,STR-103,CUST-5198,PRD-1020,5,2120.69,0.1,9543.11,Debit Card,Online
TXN-102158,2026-05-31 20:49:00,STR-104,CUST-5130,PRD-1034,2,9660.26,0.05,18354.49,Debit Card,Mobile App
TXN-102159,2026-05-03 20:14:00,STR-100,CUST-5001,PRD-1002,1,14966.66,0.05,14218.33,Cash,Online
TXN-102160,2026-01-17 08:07:00,STR-113,CUST-5195,PRD-1038,4,18431.47,0.15,62667.0,Net Banking,Mobile App
TXN-102161,2026-06-21 11:52:00,STR-109,CUST-5085,PRD-1012,1,5210.26,0.0,5210.26,UPI,In-Store
TXN-102162,2026-01-15 17:41:00,STR-104,CUST-5020,PRD-1004,4,18042.2,0.2,57735.04,Debit Card,Mobile App
TXN-102163,2026-01-14 15:26:00,STR-112,CUST-5045,PRD-1038,1,18431.47,0.1,16588.32,Cash,In-Store
TXN-102164,2026-06-10 10:03:00,STR-111,CUST-5094,PRD-1037,4,1918.22,0.15,6521.95,Credit Card,Mobile App
TXN-102165,2026-05-07 15:28:00,STR-109,CUST-5072,PRD-1017,3,11824.84,0.0,35474.52,Net Banking,In-Store
TXN-102166,2026-04-14 20:55:00,STR-106,CUST-5171,PRD-1003,4,6199.42,0.05,23557.8,Credit Card,Mobile App
TXN-102167,2026-05-23 20:05:00,STR-111,CUST-5125,PRD-1008,3,2868.65,0.0,8605.95,Net Banking,Online
TXN-102168,2026-06-29 17:04:00,STR-112,CUST-5199,PRD-1003,2,6199.42,0.2,9919.07,Debit Card,In-Store
TXN-102169,2026-03-09 09:12:00,STR-103,CUST-5051,PRD-1025,5,12590.63,0.2,50362.52,Net Banking,In-Store
TXN-102170,2026-04-02 19:59:00,STR-102,CUST-5051,PRD-1005,2,11505.07,0.1,20709.13,Debit Card,Online
TXN-102171,2026-01-21 15:00:00,STR-103,CUST-5042,PRD-1006,4,17604.11,0.2,56333.15,UPI,In-Store
TXN-102172,2026-04-08 09:14:00,STR-112,CUST-5108,PRD-1038,2,18431.47,0.0,36862.94,Credit Card,Mobile App
TXN-102173,2026-04-30 15:34:00,STR-109,CUST-5088,PRD-1042,3,10274.71,0.05,29282.92,Net Banking,In-Store
TXN-102174,2026-01-20 18:34:00,STR-104,CUST-5078,PRD-1012,2,5210.26,0.15,8857.44,Debit Card,Mobile App
TXN-102175,2026-03-24 08:09:00,STR-113,CUST-5101,PRD-1003,2,6199.42,0.2,9919.07,Debit Card,Mobile App
TXN-102176,2026-03-12 12:03:00,STR-103,CUST-5115,PRD-1002,1,14966.66,0.15,12721.66,Credit Card,Mobile App
TXN-102177,2026-05-01 16:06:00,STR-114,CUST-5036,PRD-1016,1,15423.32,0.15,13109.82,Net Banking,Mobile App
TXN-102178,2026-02-17 09:00:00,STR-113,CUST-5041,PRD-1031,5,23868.44,0.05,113375.09,UPI,Online
TXN-102179,2026-01-27 18:12:00,STR-104,CUST-5132,PRD-1037,5,1918.22,0.05,9111.55,Net Banking,In-Store
TXN-102180,2026-05-06 20:46:00,STR-110,CUST-5155,PRD-1036,5,22028.56,0.1,99128.52,Net Banking,In-Store
TXN-102181,2026-05-19 11:56:00,STR-101,CUST-5131,PRD-1048,4,13710.77,0.05,52100.93,Credit Card,Mobile App
TXN-102182,2026-01-08 13:14:00,STR-109,CUST-5192,PRD-1043,3,22540.44,0.15,57478.12,Net Banking,Mobile App
TXN-102183,2026-05-20 19:40:00,STR-106,CUST-5103,PRD-1001,4,18543.28,0.2,59338.5,UPI,Online
TXN-102184,2026-05-08 11:57:00,STR-106,CUST-5132,PRD-1030,1,3232.14,0.15,2747.32,Credit Card,In-Store
TXN-102185,2026-05-19 10:05:00,STR-110,CUST-5043,PRD-1023,1,6936.43,0.15,5895.97,Credit Card,In-Store
TXN-102186,2026-06-22 10:05:00,STR-106,CUST-5173,PRD-1040,3,6993.15,0.1,18881.5,Debit Card,In-Store
TXN-102187,2026-04-25 09:43:00,STR-104,CUST-5103,PRD-1049,3,12079.91,0.2,28991.78,Cash,In-Store
TXN-102188,2026-06-16 20:59:00,STR-102,CUST-5018,PRD-1046,1,2150.38,0.2,1720.3,Cash,In-Store
TXN-102189,2026-04-27 20:38:00,STR-100,CUST-5142,PRD-1020,5,2120.69,0.15,9012.93,Cash,Mobile App
TXN-102190,2026-04-21 17:38:00,STR-108,CUST-5073,PRD-1049,3,12079.91,0.05,34427.74,Cash,In-Store
TXN-102191,2026-03-26 20:02:00,STR-109,CUST-5177,PRD-1010,2,24341.31,0.0,48682.62,Credit Card,Mobile App
TXN-102192,2026-06-27 12:32:00,STR-104,CUST-5165,PRD-1034,4,9660.26,0.2,30912.83,Credit Card,Online
TXN-102193,2026-05-12 16:40:00,STR-101,CUST-5165,PRD-1038,3,18431.47,0.2,44235.53,UPI,Online
TXN-102194,2026-05-10 15:51:00,STR-112,CUST-5009,PRD-1022,4,6988.83,0.2,22364.26,Net Banking,In-Store
TXN-102195,2026-05-20 14:28:00,STR-106,CUST-5122,PRD-1022,2,6988.83,0.05,13278.78,Credit Card,Mobile App
TXN-102196,2026-06-07 15:17:00,STR-106,CUST-5199,PRD-1049,2,12079.91,0.0,24159.82,UPI,Mobile App
TXN-102197,2026-06-06 16:31:00,STR-106,CUST-5138,PRD-1004,4,18042.2,0.15,61343.48,Credit Card,Mobile App
TXN-102198,2026-05-08 19:54:00,STR-102,CUST-5033,PRD-1036,4,22028.56,0.2,70491.39,Debit Card,Mobile App
TXN-102199,2026-01-10 20:41:00,STR-108,CUST-5081,PRD-1036,2,22028.56,0.15,37448.55,Cash,In-Store
TXN-102200,2026-04-05 08:44:00,STR-104,CUST-5007,PRD-1025,2,12590.63,0.05,23922.2,Debit Card,Online
TXN-102201,2026-06-25 15:36:00,STR-100,CUST-5007,PRD-1024,5,9368.27,0.1,42157.22,UPI,In-Store
TXN-102202,2026-03-29 21:23:00,STR-104,CUST-5064,PRD-1017,5,11824.84,0.05,56167.99,Credit Card,Mobile App
TXN-102203,2026-04-11 11:08:00,STR-105,CUST-5156,PRD-1025,4,12590.63,0.2,40290.02,Debit Card,In-Store
TXN-102204,2026-06-24 16:47:00,STR-109,CUST-5068,PRD-1040,2,6993.15,0.05,13286.98,Net Banking,In-Store
TXN-102205,2026-01-27 13:25:00,STR-102,CUST-5066,PRD-1012,5,5210.26,0.2,20841.04,UPI,Mobile App
TXN-102206,2026-05-17 20:21:00,STR-111,CUST-5123,PRD-1043,3,22540.44,0.05,64240.25,Credit Card,Online
TXN-102207,2026-02-13 14:37:00,STR-103,CUST-5177,PRD-1024,2,9368.27,0.2,14989.23,Credit Card,Online
TXN-102208,2026-01-27 11:55:00,STR-108,CUST-5027,PRD-1033,5,21120.74,0.1,95043.33,Cash,Mobile App
TXN-102209,2026-01-07 18:31:00,STR-108,CUST-5067,PRD-1025,3,12590.63,0.1,33994.7,Net Banking,Mobile App
TXN-102210,2026-03-24 20:31:00,STR-112,CUST-5174,PRD-1020,1,2120.69,0.2,1696.55,Debit Card,Online
TXN-102211,2026-03-20 18:39:00,STR-101,CUST-5172,PRD-1014,1,7309.63,0.05,6944.15,Cash,Mobile App
TXN-102212,2026-06-03 15:10:00,STR-100,CUST-5050,PRD-1004,1,18042.2,0.15,15335.87,Cash,Mobile App
TXN-102213,2026-03-10 20:02:00,STR-101,CUST-5093,PRD-1021,5,5708.56,0.05,27115.66,Credit Card,Online
TXN-102214,2026-03-17 15:06:00,STR-105,CUST-5083,PRD-1019,1,20633.99,0.1,18570.59,Credit Card,In-Store
TXN-102215,2026-06-08 11:52:00,STR-106,CUST-5121,PRD-1013,2,24637.91,0.1,44348.24,Cash,In-Store
TXN-102216,2026-03-23 08:01:00,STR-109,CUST-5068,PRD-1015,4,9568.8,0.15,32533.92,Credit Card,Mobile App
TXN-102217,2026-01-23 08:49:00,STR-105,CUST-5045,PRD-1041,1,23258.31,0.1,20932.48,Net Banking,Online
TXN-102218,2026-06-28 17:33:00,STR-107,CUST-5143,PRD-1039,5,3644.72,0.0,18223.6,UPI,Mobile App
TXN-102219,2026-01-02 12:23:00,STR-102,CUST-5060,PRD-1046,2,2150.38,0.15,3655.65,Cash,Mobile App
TXN-102220,2026-02-11 10:59:00,STR-105,CUST-5142,PRD-1035,3,15173.74,0.15,38693.04,Net Banking,Online
TXN-102221,2026-05-10 14:50:00,STR-112,CUST-5115,PRD-1003,3,6199.42,0.2,14878.61,Cash,Online
TXN-102222,2026-02-05 15:45:00,STR-105,CUST-5130,PRD-1017,3,11824.84,0.05,33700.79,Debit Card,Mobile App
TXN-102223,2026-06-11 13:46:00,STR-109,CUST-5108,PRD-1042,3,10274.71,0.2,24659.3,Debit Card,Online
TXN-102224,2026-02-15 16:08:00,STR-104,CUST-5157,PRD-1045,5,14916.37,0.1,67123.67,UPI,In-Store
TXN-102225,2026-01-07 10:59:00,STR-113,CUST-5001,PRD-1044,4,2067.7,0.1,7443.72,UPI,In-Store
TXN-102226,2026-06-13 11:37:00,STR-110,CUST-5059,PRD-1009,3,20274.45,0.1,54741.02,UPI,In-Store
TXN-102227,2026-03-23 09:13:00,STR-100,CUST-5082,PRD-1008,1,2868.65,0.1,2581.79,Debit Card,Online
TXN-102228,2026-06-12 18:27:00,STR-108,CUST-5188,PRD-1002,5,14966.66,0.05,71091.63,Credit Card,Mobile App
TXN-102229,2026-03-14 21:33:00,STR-108,CUST-5157,PRD-1006,3,17604.11,0.1,47531.1,Net Banking,Online
TXN-102230,2026-02-06 15:54:00,STR-111,CUST-5056,PRD-1037,5,1918.22,0.15,8152.44,Net Banking,Online
TXN-102231,2026-06-14 14:09:00,STR-111,CUST-5001,PRD-1040,4,6993.15,0.1,25175.34,Credit Card,Online
TXN-102232,2026-03-15 11:04:00,STR-108,CUST-5055,PRD-1032,2,19167.84,0.1,34502.11,Credit Card,Mobile App
TXN-102233,2026-02-18 21:04:00,STR-102,CUST-5051,PRD-1034,1,9660.26,0.05,9177.25,Cash,In-Store
TXN-102234,2026-06-09 09:03:00,STR-106,CUST-5189,PRD-1041,1,23258.31,0.1,20932.48,UPI,In-Store
TXN-102235,2026-03-09 15:10:00,STR-103,CUST-5183,PRD-1033,2,21120.74,0.15,35905.26,Cash,Online
TXN-102236,2026-02-12 20:30:00,STR-106,CUST-5132,PRD-1022,1,6988.83,0.2,5591.06,UPI,Mobile App
TXN-102237,2026-03-31 15:29:00,STR-105,CUST-5066,PRD-1029,2,17201.59,0.05,32683.02,Debit Card,Mobile App
TXN-102238,2026-02-04 14:09:00,STR-113,CUST-5146,PRD-1040,3,6993.15,0.15,17832.53,UPI,Online
TXN-102239,2026-05-11 21:49:00,STR-113,CUST-5171,PRD-1009,5,20274.45,0.0,101372.25,Net Banking,Online
TXN-102240,2026-01-27 14:03:00,STR-108,CUST-5046,PRD-1042,5,10274.71,0.05,48804.87,Net Banking,In-Store
TXN-102241,2026-01-17 15:43:00,STR-103,CUST-5050,PRD-1041,4,23258.31,0.05,88381.58,Net Banking,Mobile App
TXN-102242,2026-06-17 17:11:00,STR-113,CUST-5007,PRD-1046,2,2150.38,0.2,3440.61,Debit Card,In-Store
TXN-102243,2026-05-26 17:13:00,STR-111,CUST-5105,PRD-1011,2,20820.24,0.2,33312.38,Credit Card,In-Store
TXN-102244,2026-06-18 21:37:00,STR-101,CUST-5163,PRD-1046,4,2150.38,0.1,7741.37,Debit Card,In-Store
TXN-102245,2026-03-02 10:20:00,STR-110,CUST-5093,PRD-1035,5,15173.74,0.05,72075.26,Credit Card,Mobile App
TXN-102246,2026-05-23 12:17:00,STR-106,CUST-5031,PRD-1034,2,9660.26,0.1,17388.47,Net Banking,Mobile App
TXN-102247,2026-02-26 10:51:00,STR-106,CUST-5074,PRD-1041,4,23258.31,0.15,79078.25,Credit Card,In-Store
TXN-102248,2026-03-06 17:51:00,STR-112,CUST-5127,PRD-1036,3,22028.56,0.1,59477.11,Cash,Mobile App
TXN-102249,2026-04-25 17:52:00,STR-113,CUST-5149,PRD-1046,1,2150.38,0.05,2042.86,Net Banking,In-Store
TXN-102250,2026-04-23 09:10:00,STR-100,CUST-5084,PRD-1011,5,20820.24,0.05,98896.14,Credit Card,Mobile App
TXN-102251,2026-05-08 19:07:00,STR-103,CUST-5125,PRD-1038,4,18431.47,0.2,58980.7,Debit Card,In-Store
TXN-102252,2026-03-04 10:09:00,STR-100,CUST-5172,PRD-1037,5,1918.22,0.2,7672.88,UPI,In-Store
TXN-102253,2026-05-21 11:11:00,STR-100,CUST-5011,PRD-1023,4,6936.43,0.0,27745.72,Debit Card,Mobile App
TXN-102254,2026-05-13 16:32:00,STR-113,CUST-5145,PRD-1031,5,23868.44,0.15,101440.87,Net Banking,Online
TXN-102255,2026-06-20 16:22:00,STR-102,CUST-5060,PRD-1043,2,22540.44,0.1,40572.79,Cash,Online
TXN-102256,2026-01-05 12:19:00,STR-103,CUST-5099,PRD-1003,1,6199.42,0.05,5889.45,UPI,Mobile App
TXN-102257,2026-04-28 09:22:00,STR-113,CUST-5041,PRD-1036,3,22028.56,0.0,66085.68,Credit Card,Mobile App
TXN-102258,2026-02-08 18:36:00,STR-102,CUST-5199,PRD-1036,1,22028.56,0.0,22028.56,Cash,Mobile App
TXN-102259,2026-03-19 11:30:00,STR-104,CUST-5167,PRD-1022,1,6988.83,0.0,6988.83,Cash,In-Store
TXN-102260,2026-01-02 17:26:00,STR-107,CUST-5021,PRD-1003,5,6199.42,0.05,29447.24,Credit Card,Mobile App
TXN-102261,2026-06-05 09:09:00,STR-106,CUST-5012,PRD-1037,4,1918.22,0.0,7672.88,Credit Card,Mobile App
TXN-102262,2026-02-10 09:55:00,STR-110,CUST-5179,PRD-1009,1,20274.45,0.05,19260.73,Net Banking,Online
TXN-102263,2026-01-30 17:49:00,STR-111,CUST-5172,PRD-1029,2,17201.59,0.0,34403.18,UPI,In-Store
TXN-102264,2026-01-27 10:58:00,STR-102,CUST-5010,PRD-1007,4,23951.68,0.15,81435.71,UPI,Mobile App
TXN-102265,2026-02-04 19:21:00,STR-110,CUST-5190,PRD-1046,1,2150.38,0.15,1827.82,Cash,Online
TXN-102266,2026-02-24 08:18:00,STR-109,CUST-5049,PRD-1015,2,9568.8,0.2,15310.08,Net Banking,Online
TXN-102267,2026-01-04 18:11:00,STR-107,CUST-5166,PRD-1021,2,5708.56,0.2,9133.7,Debit Card,Mobile App
TXN-102268,2026-02-15 09:05:00,STR-104,CUST-5005,PRD-1006,2,17604.11,0.1,31687.4,Cash,Mobile App
TXN-102269,2026-03-28 21:00:00,STR-109,CUST-5170,PRD-1025,5,12590.63,0.05,59805.49,Debit Card,In-Store
TXN-102270,2026-04-07 10:01:00,STR-113,CUST-5151,PRD-1009,5,20274.45,0.1,91235.03,Credit Card,Mobile App
TXN-102271,2026-01-17 20:47:00,STR-111,CUST-5167,PRD-1023,3,6936.43,0.15,17687.9,UPI,In-Store
TXN-102272,2026-03-30 10:49:00,STR-111,CUST-5149,PRD-1045,5,14916.37,0.2,59665.48,Net Banking,In-Store
TXN-102273,2026-04-27 09:09:00,STR-104,CUST-5048,PRD-1049,1,12079.91,0.05,11475.91,Net Banking,Online
TXN-102274,2026-04-04 14:19:00,STR-112,CUST-5033,PRD-1035,3,15173.74,0.2,36416.98,Credit Card,In-Store
TXN-102275,2026-01-07 10:30:00,STR-114,CUST-5013,PRD-1016,1,15423.32,0.05,14652.15,Net Banking,In-Store
TXN-102276,2026-05-03 11:35:00,STR-107,CUST-5071,PRD-1023,5,6936.43,0.05,32948.04,UPI,In-Store
TXN-102277,2026-04-24 19:46:00,STR-101,CUST-5110,PRD-1038,5,18431.47,0.0,92157.35,Net Banking,Mobile App
TXN-102278,2026-02-03 10:55:00,STR-104,CUST-5135,PRD-1001,4,18543.28,0.05,70464.46,UPI,Online
TXN-102279,2026-06-25 18:41:00,STR-100,CUST-5056,PRD-1020,3,2120.69,0.05,6043.97,Debit Card,In-Store
TXN-102280,2026-01-05 17:23:00,STR-114,CUST-5103,PRD-1015,1,9568.8,0.0,9568.8,Net Banking,Mobile App
TXN-102281,2026-04-19 20:19:00,STR-109,CUST-5016,PRD-1049,4,12079.91,0.1,43487.68,Debit Card,Online
TXN-102282,2026-03-14 14:53:00,STR-102,CUST-5063,PRD-1037,3,1918.22,0.1,5179.19,Debit Card,Online
TXN-102283,2026-04-29 14:00:00,STR-101,CUST-5011,PRD-1006,2,17604.11,0.1,31687.4,Cash,In-Store
TXN-102284,2026-02-01 08:13:00,STR-100,CUST-5188,PRD-1049,1,12079.91,0.2,9663.93,Net Banking,Mobile App
TXN-102285,2026-04-13 12:48:00,STR-101,CUST-5125,PRD-1014,1,7309.63,0.15,6213.19,Credit Card,Online
TXN-102286,2026-01-04 16:06:00,STR-112,CUST-5186,PRD-1033,1,21120.74,0.2,16896.59,Debit Card,Online
TXN-102287,2026-01-08 21:46:00,STR-101,CUST-5087,PRD-1006,2,17604.11,0.2,28166.58,UPI,Online
TXN-102288,2026-01-11 14:28:00,STR-101,CUST-5063,PRD-1005,2,11505.07,0.2,18408.11,UPI,Online
TXN-102289,2026-01-21 08:52:00,STR-113,CUST-5073,PRD-1045,2,14916.37,0.1,26849.47,Debit Card,Mobile App
TXN-102290,2026-02-21 20:25:00,STR-102,CUST-5029,PRD-1017,4,11824.84,0.1,42569.42,Credit Card,In-Store
TXN-102291,2026-02-16 13:34:00,STR-113,CUST-5135,PRD-1001,5,18543.28,0.15,78808.94,Debit Card,Online
TXN-102292,2026-03-06 15:01:00,STR-103,CUST-5030,PRD-1027,4,2055.49,0.2,6577.57,Cash,In-Store
TXN-102293,2026-06-05 14:10:00,STR-113,CUST-5112,PRD-1021,2,5708.56,0.05,10846.26,Debit Card,Online
TXN-102294,2026-01-21 13:37:00,STR-101,CUST-5134,PRD-1025,4,12590.63,0.05,47844.39,Credit Card,In-Store
TXN-102295,2026-01-09 08:17:00,STR-106,CUST-5106,PRD-1044,4,2067.7,0.0,8270.8,Net Banking,In-Store
TXN-102296,2026-01-07 20:04:00,STR-112,CUST-5029,PRD-1019,3,20633.99,0.2,49521.58,UPI,Online
TXN-102297,2026-02-01 12:02:00,STR-100,CUST-5191,PRD-1037,4,1918.22,0.15,6521.95,Debit Card,Mobile App
TXN-102298,2026-01-18 21:45:00,STR-109,CUST-5193,PRD-1015,5,9568.8,0.2,38275.2,Debit Card,Mobile App
TXN-102299,2026-06-20 19:04:00,STR-105,CUST-5044,PRD-1000,3,1111.79,0.05,3168.6,UPI,Online
TXN-102300,2026-01-10 20:37:00,STR-104,CUST-5165,PRD-1039,5,3644.72,0.2,14578.88,Cash,Online
TXN-102301,2026-05-07 18:14:00,STR-110,CUST-5016,PRD-1025,5,12590.63,0.2,50362.52,Credit Card,Online
TXN-102302,2026-04-17 14:38:00,STR-108,CUST-5191,PRD-1037,4,1918.22,0.0,7672.88,Debit Card,In-Store
TXN-102303,2026-02-08 11:31:00,STR-104,CUST-5012,PRD-1026,4,15872.06,0.0,63488.24,Net Banking,Online
TXN-102304,2026-03-01 21:11:00,STR-112,CUST-5082,PRD-1036,3,22028.56,0.05,62781.4,Net Banking,In-Store
TXN-102305,2026-06-02 12:37:00,STR-109,CUST-5029,PRD-1013,5,24637.91,0.2,98551.64,Cash,Online
TXN-102306,2026-02-12 14:54:00,STR-110,CUST-5035,PRD-1000,1,1111.79,0.1,1000.61,UPI,In-Store
TXN-102307,2026-04-28 21:57:00,STR-108,CUST-5043,PRD-1029,1,17201.59,0.2,13761.27,UPI,In-Store
TXN-102308,2026-06-19 18:42:00,STR-100,CUST-5161,PRD-1026,1,15872.06,0.05,15078.46,Debit Card,In-Store
TXN-102309,2026-04-05 18:44:00,STR-112,CUST-5157,PRD-1034,1,9660.26,0.05,9177.25,Cash,Mobile App
TXN-102310,2026-04-25 10:57:00,STR-101,CUST-5021,PRD-1038,5,18431.47,0.2,73725.88,Net Banking,In-Store
TXN-102311,2026-06-10 17:18:00,STR-114,CUST-5169,PRD-1046,5,2150.38,0.2,8601.52,Cash,In-Store
TXN-102312,2026-03-08 12:34:00,STR-102,CUST-5041,PRD-1004,5,18042.2,0.15,76679.35,UPI,Online
TXN-102313,2026-03-01 17:28:00,STR-108,CUST-5095,PRD-1022,5,6988.83,0.2,27955.32,Net Banking,In-Store
TXN-102314,2026-01-07 12:34:00,STR-100,CUST-5107,PRD-1034,2,9660.26,0.0,19320.52,Net Banking,Online
TXN-102315,2026-02-18 14:36:00,STR-101,CUST-5076,PRD-1030,1,3232.14,0.05,3070.53,Cash,Online
TXN-102316,2026-05-11 15:43:00,STR-113,CUST-5151,PRD-1005,1,11505.07,0.05,10929.82,Debit Card,In-Store
TXN-102317,2026-05-10 10:29:00,STR-111,CUST-5192,PRD-1038,4,18431.47,0.2,58980.7,Net Banking,Mobile App
TXN-102318,2026-03-10 08:37:00,STR-105,CUST-5058,PRD-1042,4,10274.71,0.0,41098.84,UPI,Online
TXN-102319,2026-01-29 13:27:00,STR-100,CUST-5126,PRD-1005,5,11505.07,0.15,48896.55,Cash,Mobile App
TXN-102320,2026-03-14 18:57:00,STR-112,CUST-5176,PRD-1015,2,9568.8,0.15,16266.96,Cash,Mobile App
TXN-102321,2026-04-01 09:49:00,STR-114,CUST-5117,PRD-1014,3,7309.63,0.15,18639.56,Cash,Mobile App
TXN-102322,2026-03-16 18:02:00,STR-114,CUST-5154,PRD-1042,4,10274.71,0.05,39043.9,Net Banking,Mobile App
TXN-102323,2026-04-07 14:34:00,STR-103,CUST-5184,PRD-1040,3,6993.15,0.2,16783.56,Debit Card,Mobile App
TXN-102324,2026-04-26 16:19:00,STR-102,CUST-5016,PRD-1027,1,2055.49,0.1,1849.94,Net Banking,In-Store
TXN-102325,2026-01-27 14:09:00,STR-102,CUST-5091,PRD-1009,5,20274.45,0.1,91235.03,Cash,In-Store
TXN-102326,2026-05-19 16:08:00,STR-100,CUST-5128,PRD-1040,4,6993.15,0.1,25175.34,Cash,In-Store
TXN-102327,2026-05-17 19:32:00,STR-103,CUST-5157,PRD-1017,5,11824.84,0.15,50255.57,UPI,Online
TXN-102328,2026-05-03 10:48:00,STR-108,CUST-5113,PRD-1008,3,2868.65,0.15,7315.06,Cash,Mobile App
TXN-102329,2026-06-09 21:04:00,STR-101,CUST-5076,PRD-1004,4,18042.2,0.0,72168.8,UPI,In-Store
TXN-102330,2026-04-02 18:48:00,STR-109,CUST-5163,PRD-1007,5,23951.68,0.05,113770.48,Credit Card,In-Store
TXN-102331,2026-03-01 11:30:00,STR-111,CUST-5104,PRD-1045,4,14916.37,0.0,59665.48,UPI,Online
TXN-102332,2026-03-07 13:35:00,STR-108,CUST-5024,PRD-1011,2,20820.24,0.0,41640.48,Net Banking,Online
TXN-102333,2026-04-03 12:48:00,STR-104,CUST-5126,PRD-1049,1,12079.91,0.05,11475.91,Credit Card,Online
TXN-102334,2026-04-20 13:41:00,STR-100,CUST-5049,PRD-1007,5,23951.68,0.0,119758.4,Debit Card,Online
TXN-102335,2026-04-13 21:04:00,STR-107,CUST-5193,PRD-1001,5,18543.28,0.15,78808.94,Net Banking,Mobile App
TXN-102336,2026-06-29 12:38:00,STR-108,CUST-5146,PRD-1004,5,18042.2,0.05,85700.45,Cash,Mobile App
TXN-102337,2026-01-01 21:25:00,STR-107,CUST-5141,PRD-1002,5,14966.66,0.2,59866.64,Credit Card,In-Store
TXN-102338,2026-03-11 14:33:00,STR-113,CUST-5026,PRD-1017,1,11824.84,0.15,10051.11,Credit Card,Online
TXN-102339,2026-06-10 14:16:00,STR-108,CUST-5108,PRD-1039,2,3644.72,0.15,6196.02,Cash,Mobile App
TXN-102340,2026-06-28 17:25:00,STR-111,CUST-5158,PRD-1034,5,9660.26,0.05,45886.24,Cash,Online
TXN-102341,2026-05-26 12:44:00,STR-114,CUST-5023,PRD-1019,5,20633.99,0.15,87694.46,Debit Card,Online
TXN-102342,2026-06-18 08:07:00,STR-101,CUST-5157,PRD-1037,3,1918.22,0.1,5179.19,Credit Card,Mobile App
TXN-102343,2026-06-25 20:30:00,STR-105,CUST-5063,PRD-1038,2,18431.47,0.0,36862.94,Net Banking,Mobile App
TXN-102344,2026-01-19 15:05:00,STR-106,CUST-5174,PRD-1002,3,14966.66,0.0,44899.98,UPI,In-Store
TXN-102345,2026-04-12 11:26:00,STR-105,CUST-5063,PRD-1038,5,18431.47,0.2,73725.88,Net Banking,Mobile App
TXN-102346,2026-05-12 17:16:00,STR-105,CUST-5095,PRD-1041,2,23258.31,0.0,46516.62,Cash,In-Store
TXN-102347,2026-01-13 08:38:00,STR-110,CUST-5166,PRD-1024,4,9368.27,0.0,37473.08,Cash,Online
TXN-102348,2026-05-29 12:11:00,STR-100,CUST-5075,PRD-1008,3,2868.65,0.2,6884.76,Net Banking,Online
TXN-102349,2026-06-07 14:27:00,STR-107,CUST-5105,PRD-1043,3,22540.44,0.2,54097.06,UPI,Online
TXN-102350,2026-01-04 21:50:00,STR-114,CUST-5079,PRD-1027,3,2055.49,0.05,5858.15,Debit Card,Online
TXN-102351,2026-03-29 16:57:00,STR-100,CUST-5146,PRD-1023,4,6936.43,0.15,23583.86,Net Banking,Online
TXN-102352,2026-02-19 20:32:00,STR-112,CUST-5155,PRD-1049,3,12079.91,0.05,34427.74,UPI,Online
TXN-102353,2026-03-08 20:25:00,STR-114,CUST-5097,PRD-1008,2,2868.65,0.1,5163.57,Credit Card,Mobile App
TXN-102354,2026-06-29 12:03:00,STR-101,CUST-5101,PRD-1011,4,20820.24,0.1,74952.86,Debit Card,Mobile App
TXN-102355,2026-01-14 08:44:00,STR-114,CUST-5172,PRD-1038,3,18431.47,0.05,52529.69,Net Banking,In-Store
TXN-102356,2026-02-08 12:11:00,STR-112,CUST-5115,PRD-1011,1,20820.24,0.05,19779.23,Net Banking,Online
TXN-102357,2026-04-13 10:48:00,STR-105,CUST-5156,PRD-1044,4,2067.7,0.1,7443.72,UPI,Online
TXN-102358,2026-02-15 12:45:00,STR-101,CUST-5023,PRD-1001,1,18543.28,0.0,18543.28,Debit Card,Mobile App
TXN-102359,2026-06-13 14:03:00,STR-100,CUST-5194,PRD-1016,5,15423.32,0.2,61693.28,Cash,In-Store
TXN-102360,2026-05-13 14:30:00,STR-111,CUST-5126,PRD-1006,4,17604.11,0.2,56333.15,Cash,In-Store
TXN-102361,2026-05-28 17:56:00,STR-105,CUST-5113,PRD-1012,1,5210.26,0.05,4949.75,UPI,Online
TXN-102362,2026-03-09 21:10:00,STR-110,CUST-5108,PRD-1028,2,6658.9,0.15,11320.13,UPI,In-Store
TXN-102363,2026-01-14 11:33:00,STR-104,CUST-5058,PRD-1046,1,2150.38,0.05,2042.86,Net Banking,Online
TXN-102364,2026-06-28 17:46:00,STR-106,CUST-5192,PRD-1014,4,7309.63,0.1,26314.67,Cash,In-Store
TXN-102365,2026-06-12 10:23:00,STR-104,CUST-5131,PRD-1029,5,17201.59,0.1,77407.15,Credit Card,Online
TXN-102366,2026-06-27 20:14:00,STR-108,CUST-5083,PRD-1008,1,2868.65,0.2,2294.92,Debit Card,Online
TXN-102367,2026-01-09 18:27:00,STR-104,CUST-5078,PRD-1048,3,13710.77,0.0,41132.31,Debit Card,Online
TXN-102368,2026-02-07 21:12:00,STR-113,CUST-5019,PRD-1041,4,23258.31,0.1,83729.92,UPI,In-Store
TXN-102369,2026-03-15 20:34:00,STR-109,CUST-5195,PRD-1012,2,5210.26,0.15,8857.44,Net Banking,Mobile App
TXN-102370,2026-04-23 20:25:00,STR-112,CUST-5052,PRD-1039,1,3644.72,0.15,3098.01,Credit Card,Mobile App
TXN-102371,2026-02-13 08:12:00,STR-113,CUST-5142,PRD-1018,2,17272.73,0.15,29363.64,Cash,Online
TXN-102372,2026-05-02 13:45:00,STR-100,CUST-5167,PRD-1043,2,22540.44,0.0,45080.88,Cash,In-Store
TXN-102373,2026-03-05 21:02:00,STR-104,CUST-5084,PRD-1004,5,18042.2,0.15,76679.35,Credit Card,In-Store
TXN-102374,2026-03-25 19:34:00,STR-108,CUST-5037,PRD-1024,5,9368.27,0.05,44499.28,Debit Card,Mobile App
TXN-102375,2026-03-20 08:02:00,STR-113,CUST-5179,PRD-1014,3,7309.63,0.05,20832.45,UPI,Mobile App
TXN-102376,2026-05-02 16:18:00,STR-108,CUST-5017,PRD-1004,4,18042.2,0.15,61343.48,Net Banking,Online
TXN-102377,2026-03-07 18:23:00,STR-104,CUST-5067,PRD-1011,3,20820.24,0.1,56214.65,Net Banking,In-Store
TXN-102378,2026-04-03 19:04:00,STR-107,CUST-5154,PRD-1034,2,9660.26,0.2,15456.42,Cash,In-Store
TXN-102379,2026-01-04 18:43:00,STR-110,CUST-5193,PRD-1028,5,6658.9,0.0,33294.5,Debit Card,In-Store
TXN-102380,2026-02-07 16:29:00,STR-108,CUST-5131,PRD-1041,5,23258.31,0.0,116291.55,Debit Card,Mobile App
TXN-102381,2026-05-26 17:27:00,STR-109,CUST-5135,PRD-1047,4,13096.34,0.2,41908.29,Cash,In-Store
TXN-102382,2026-03-20 13:30:00,STR-109,CUST-5179,PRD-1048,5,13710.77,0.0,68553.85,Credit Card,Online
TXN-102383,2026-06-24 10:16:00,STR-106,CUST-5059,PRD-1006,3,17604.11,0.15,44890.48,UPI,In-Store
TXN-102384,2026-04-08 19:16:00,STR-102,CUST-5068,PRD-1046,5,2150.38,0.2,8601.52,Credit Card,In-Store
TXN-102385,2026-04-26 10:33:00,STR-103,CUST-5060,PRD-1035,2,15173.74,0.2,24277.98,Cash,In-Store
TXN-102386,2026-05-08 08:25:00,STR-114,CUST-5040,PRD-1009,1,20274.45,0.2,16219.56,Cash,In-Store
TXN-102387,2026-01-13 19:36:00,STR-108,CUST-5054,PRD-1011,5,20820.24,0.2,83280.96,Credit Card,In-Store
TXN-102388,2026-01-04 10:14:00,STR-102,CUST-5000,PRD-1007,1,23951.68,0.0,23951.68,UPI,In-Store
TXN-102389,2026-04-29 14:24:00,STR-101,CUST-5011,PRD-1044,5,2067.7,0.15,8787.73,UPI,Mobile App
TXN-102390,2026-06-23 15:45:00,STR-106,CUST-5031,PRD-1040,5,6993.15,0.2,27972.6,UPI,Mobile App
TXN-102391,2026-04-06 14:50:00,STR-101,CUST-5073,PRD-1005,3,11505.07,0.05,32789.45,UPI,Mobile App
TXN-102392,2026-03-23 18:15:00,STR-110,CUST-5021,PRD-1015,5,9568.8,0.1,43059.6,Cash,Mobile App
TXN-102393,2026-03-12 14:50:00,STR-112,CUST-5196,PRD-1048,1,13710.77,0.15,11654.15,Cash,Mobile App
TXN-102394,2026-03-21 14:55:00,STR-109,CUST-5080,PRD-1008,2,2868.65,0.1,5163.57,UPI,In-Store
TXN-102395,2026-04-28 21:48:00,STR-106,CUST-5046,PRD-1000,2,1111.79,0.0,2223.58,UPI,Online
TXN-102396,2026-04-08 15:53:00,STR-101,CUST-5084,PRD-1017,3,11824.84,0.2,28379.62,UPI,Mobile App
TXN-102397,2026-06-21 14:27:00,STR-104,CUST-5023,PRD-1002,4,14966.66,0.15,50886.64,UPI,In-Store
TXN-102398,2026-03-18 21:05:00,STR-111,CUST-5023,PRD-1041,4,23258.31,0.1,83729.92,Credit Card,Online
TXN-102399,2026-03-24 09:25:00,STR-109,CUST-5151,PRD-1000,4,1111.79,0.2,3557.73,Debit Card,Mobile App
TXN-102400,2026-06-07 08:23:00,STR-112,CUST-5143,PRD-1030,1,3232.14,0.2,2585.71,Credit Card,Online
TXN-102401,2026-03-17 16:09:00,STR-106,CUST-5136,PRD-1026,5,15872.06,0.05,75392.29,Cash,Mobile App
TXN-102402,2026-04-10 17:29:00,STR-112,CUST-5003,PRD-1039,4,3644.72,0.05,13849.94,Cash,In-Store
TXN-102403,2026-05-23 16:57:00,STR-110,CUST-5144,PRD-1034,4,9660.26,0.2,30912.83,UPI,Online
TXN-102404,2026-01-19 13:01:00,STR-105,CUST-5151,PRD-1033,4,21120.74,0.2,67586.37,Net Banking,In-Store
TXN-102405,2026-05-26 15:57:00,STR-106,CUST-5005,PRD-1023,4,6936.43,0.0,27745.72,Cash,In-Store
TXN-102406,2026-02-03 14:56:00,STR-111,CUST-5195,PRD-1008,1,2868.65,0.0,2868.65,Debit Card,Online
TXN-102407,2026-05-24 21:55:00,STR-102,CUST-5097,PRD-1040,5,6993.15,0.2,27972.6,UPI,Online
TXN-102408,2026-05-27 13:59:00,STR-102,CUST-5018,PRD-1005,5,11505.07,0.0,57525.35,Net Banking,Online
TXN-102409,2026-01-31 15:31:00,STR-107,CUST-5074,PRD-1021,5,5708.56,0.1,25688.52,UPI,Mobile App
TXN-102410,2026-03-17 14:38:00,STR-102,CUST-5019,PRD-1047,2,13096.34,0.15,22263.78,UPI,Mobile App
TXN-102411,2026-03-13 09:38:00,STR-111,CUST-5151,PRD-1043,5,22540.44,0.05,107067.09,Net Banking,In-Store
TXN-102412,2026-02-11 10:38:00,STR-107,CUST-5085,PRD-1027,3,2055.49,0.05,5858.15,Cash,Mobile App
TXN-102413,2026-03-09 19:46:00,STR-105,CUST-5068,PRD-1004,4,18042.2,0.0,72168.8,Credit Card,In-Store
TXN-102414,2026-04-06 15:53:00,STR-113,CUST-5011,PRD-1035,3,15173.74,0.1,40969.1,Debit Card,Online
TXN-102415,2026-01-01 21:36:00,STR-102,CUST-5032,PRD-1049,5,12079.91,0.05,57379.57,Debit Card,Online
TXN-102416,2026-01-13 09:40:00,STR-106,CUST-5056,PRD-1000,5,1111.79,0.0,5558.95,Debit Card,Online
TXN-102417,2026-02-13 11:52:00,STR-102,CUST-5071,PRD-1017,1,11824.84,0.15,10051.11,Net Banking,In-Store
TXN-102418,2026-06-06 13:56:00,STR-111,CUST-5071,PRD-1032,2,19167.84,0.2,30668.54,UPI,In-Store
TXN-102419,2026-06-16 21:33:00,STR-102,CUST-5041,PRD-1005,4,11505.07,0.2,36816.22,Debit Card,Mobile App
TXN-102420,2026-02-04 14:04:00,STR-106,CUST-5138,PRD-1028,2,6658.9,0.0,13317.8,Debit Card,In-Store
TXN-102421,2026-03-31 16:41:00,STR-111,CUST-5192,PRD-1030,1,3232.14,0.0,3232.14,UPI,In-Store
TXN-102422,2026-01-01 17:11:00,STR-113,CUST-5118,PRD-1007,5,23951.68,0.1,107782.56,UPI,Mobile App
TXN-102423,2026-04-20 09:47:00,STR-114,CUST-5011,PRD-1005,3,11505.07,0.05,32789.45,Debit Card,In-Store
TXN-102424,2026-02-04 11:02:00,STR-100,CUST-5118,PRD-1028,1,6658.9,0.2,5327.12,UPI,Online
TXN-102425,2026-01-02 15:16:00,STR-114,CUST-5179,PRD-1037,3,1918.22,0.0,5754.66,UPI,Mobile App
TXN-102426,2026-03-25 19:18:00,STR-103,CUST-5165,PRD-1036,3,22028.56,0.2,52868.54,Credit Card,Mobile App
TXN-102427,2026-06-01 16:36:00,STR-103,CUST-5105,PRD-1033,4,21120.74,0.15,71810.52,Debit Card,In-Store
TXN-102428,2026-05-01 20:07:00,STR-106,CUST-5187,PRD-1038,3,18431.47,0.1,49764.97,UPI,Mobile App
TXN-102429,2026-05-02 11:51:00,STR-104,CUST-5137,PRD-1046,5,2150.38,0.05,10214.31,UPI,In-Store
TXN-102430,2026-03-08 13:02:00,STR-102,CUST-5090,PRD-1049,1,12079.91,0.0,12079.91,Cash,Mobile App
TXN-102431,2026-06-25 10:04:00,STR-107,CUST-5075,PRD-1039,4,3644.72,0.05,13849.94,Credit Card,Mobile App
TXN-102432,2026-05-15 20:56:00,STR-113,CUST-5061,PRD-1023,4,6936.43,0.1,24971.15,Debit Card,In-Store
TXN-102433,2026-04-14 21:17:00,STR-108,CUST-5111,PRD-1026,5,15872.06,0.0,79360.3,UPI,Mobile App
TXN-102434,2026-05-31 16:14:00,STR-111,CUST-5064,PRD-1027,4,2055.49,0.05,7810.86,Debit Card,Mobile App
TXN-102435,2026-03-19 10:20:00,STR-112,CUST-5058,PRD-1032,2,19167.84,0.2,30668.54,Net Banking,Mobile App
TXN-102436,2026-05-19 08:21:00,STR-105,CUST-5013,PRD-1019,4,20633.99,0.05,78409.16,Net Banking,Online
TXN-102437,2026-04-03 15:39:00,STR-105,CUST-5090,PRD-1017,1,11824.84,0.15,10051.11,UPI,Online
TXN-102438,2026-05-25 10:46:00,STR-113,CUST-5002,PRD-1025,2,12590.63,0.05,23922.2,Cash,In-Store
TXN-102439,2026-01-28 08:31:00,STR-110,CUST-5179,PRD-1034,3,9660.26,0.1,26082.7,Debit Card,Mobile App
TXN-102440,2026-03-01 09:05:00,STR-101,CUST-5118,PRD-1001,5,18543.28,0.0,92716.4,Cash,Online
TXN-102441,2026-02-06 13:51:00,STR-104,CUST-5180,PRD-1006,5,17604.11,0.0,88020.55,Net Banking,Mobile App
TXN-102442,2026-02-13 18:01:00,STR-106,CUST-5183,PRD-1024,1,9368.27,0.05,8899.86,Cash,Online
TXN-102443,2026-06-28 09:43:00,STR-102,CUST-5000,PRD-1014,3,7309.63,0.1,19736.0,UPI,Mobile App
TXN-102444,2026-03-22 20:50:00,STR-114,CUST-5144,PRD-1008,2,2868.65,0.15,4876.7,Debit Card,In-Store
TXN-102445,2026-06-29 08:05:00,STR-105,CUST-5028,PRD-1000,2,1111.79,0.15,1890.04,Debit Card,In-Store
TXN-102446,2026-06-17 18:43:00,STR-109,CUST-5066,PRD-1046,2,2150.38,0.1,3870.68,Net Banking,Mobile App
TXN-102447,2026-04-23 12:02:00,STR-113,CUST-5126,PRD-1039,3,3644.72,0.0,10934.16,UPI,Online
TXN-102448,2026-04-29 17:35:00,STR-100,CUST-5090,PRD-1045,2,14916.37,0.05,28341.1,Cash,Mobile App
TXN-102449,2026-06-20 20:53:00,STR-101,CUST-5012,PRD-1023,1,6936.43,0.05,6589.61,UPI,Online
TXN-102450,2026-03-19 20:46:00,STR-100,CUST-5052,PRD-1018,5,17272.73,0.05,82045.47,Cash,In-Store
TXN-102451,2026-02-02 08:56:00,STR-103,CUST-5109,PRD-1000,3,1111.79,0.1,3001.83,UPI,Mobile App
TXN-102452,2026-01-19 16:19:00,STR-110,CUST-5157,PRD-1039,3,3644.72,0.0,10934.16,UPI,In-Store
TXN-102453,2026-06-07 10:34:00,STR-105,CUST-5088,PRD-1041,3,23258.31,0.2,55819.94,Credit Card,Online
TXN-102454,2026-02-07 08:23:00,STR-106,CUST-5018,PRD-1043,5,22540.44,0.1,101431.98,UPI,In-Store
TXN-102455,2026-05-28 08:41:00,STR-100,CUST-5101,PRD-1026,4,15872.06,0.2,50790.59,Cash,Online
TXN-102456,2026-05-20 14:45:00,STR-107,CUST-5122,PRD-1035,1,15173.74,0.0,15173.74,Debit Card,In-Store
TXN-102457,2026-05-09 12:44:00,STR-110,CUST-5032,PRD-1049,2,12079.91,0.15,20535.85,Credit Card,Mobile App
TXN-102458,2026-03-20 17:44:00,STR-105,CUST-5057,PRD-1012,5,5210.26,0.1,23446.17,UPI,In-Store
TXN-102459,2026-04-07 20:54:00,STR-113,CUST-5040,PRD-1025,4,12590.63,0.15,42808.14,Debit Card,Online
TXN-102460,2026-06-12 13:53:00,STR-100,CUST-5018,PRD-1000,2,1111.79,0.05,2112.4,Net Banking,In-Store
TXN-102461,2026-02-03 14:11:00,STR-104,CUST-5027,PRD-1024,3,9368.27,0.1,25294.33,Net Banking,Mobile App
TXN-102462,2026-01-16 18:11:00,STR-110,CUST-5146,PRD-1016,2,15423.32,0.2,24677.31,Credit Card,In-Store
TXN-102463,2026-01-25 09:00:00,STR-111,CUST-5008,PRD-1014,3,7309.63,0.1,19736.0,Cash,In-Store
TXN-102464,2026-04-02 11:00:00,STR-110,CUST-5195,PRD-1041,4,23258.31,0.0,93033.24,Cash,Mobile App
TXN-102465,2026-03-04 08:09:00,STR-114,CUST-5029,PRD-1026,5,15872.06,0.1,71424.27,UPI,Online
TXN-102466,2026-02-04 17:59:00,STR-100,CUST-5072,PRD-1025,4,12590.63,0.05,47844.39,Debit Card,Online
TXN-102467,2026-05-20 15:20:00,STR-113,CUST-5144,PRD-1021,5,5708.56,0.2,22834.24,Credit Card,In-Store
TXN-102468,2026-04-19 12:10:00,STR-106,CUST-5011,PRD-1010,5,24341.31,0.2,97365.24,Credit Card,In-Store
TXN-102469,2026-06-27 10:29:00,STR-105,CUST-5090,PRD-1026,2,15872.06,0.0,31744.12,Cash,In-Store
TXN-102470,2026-04-29 08:44:00,STR-109,CUST-5032,PRD-1004,3,18042.2,0.15,46007.61,UPI,Online
TXN-102471,2026-02-11 11:45:00,STR-112,CUST-5140,PRD-1007,1,23951.68,0.1,21556.51,UPI,In-Store
TXN-102472,2026-01-26 18:50:00,STR-109,CUST-5185,PRD-1012,4,5210.26,0.05,19798.99,Credit Card,In-Store
TXN-102473,2026-05-14 17:58:00,STR-107,CUST-5185,PRD-1022,5,6988.83,0.0,34944.15,UPI,Mobile App
TXN-102474,2026-04-22 09:49:00,STR-101,CUST-5128,PRD-1023,5,6936.43,0.0,34682.15,Net Banking,In-Store
TXN-102475,2026-05-21 16:05:00,STR-111,CUST-5150,PRD-1034,3,9660.26,0.1,26082.7,Debit Card,Mobile App
TXN-102476,2026-02-12 19:44:00,STR-101,CUST-5097,PRD-1047,4,13096.34,0.15,44527.56,Cash,Mobile App
TXN-102477,2026-03-02 15:34:00,STR-112,CUST-5179,PRD-1002,1,14966.66,0.1,13469.99,Cash,In-Store
TXN-102478,2026-06-05 10:32:00,STR-114,CUST-5148,PRD-1004,5,18042.2,0.15,76679.35,Net Banking,In-Store
TXN-102479,2026-03-21 21:03:00,STR-110,CUST-5024,PRD-1032,3,19167.84,0.1,51753.17,Cash,In-Store
TXN-102480,2026-01-01 08:11:00,STR-108,CUST-5054,PRD-1010,4,24341.31,0.05,92496.98,Cash,Online
TXN-102481,2026-02-04 18:09:00,STR-100,CUST-5064,PRD-1034,2,9660.26,0.05,18354.49,UPI,Online
TXN-102482,2026-06-17 11:46:00,STR-102,CUST-5191,PRD-1017,4,11824.84,0.1,42569.42,Cash,Mobile App
TXN-102483,2026-04-03 17:38:00,STR-111,CUST-5050,PRD-1007,1,23951.68,0.15,20358.93,UPI,Mobile App
TXN-102484,2026-01-10 18:13:00,STR-100,CUST-5070,PRD-1008,1,2868.65,0.05,2725.22,Credit Card,In-Store
TXN-102485,2026-05-08 13:54:00,STR-114,CUST-5032,PRD-1008,2,2868.65,0.15,4876.7,UPI,In-Store
TXN-102486,2026-02-03 16:05:00,STR-106,CUST-5085,PRD-1023,2,6936.43,0.0,13872.86,UPI,Online
TXN-102487,2026-01-01 18:52:00,STR-100,CUST-5088,PRD-1016,4,15423.32,0.05,58608.62,Cash,In-Store
TXN-102488,2026-04-02 14:57:00,STR-109,CUST-5024,PRD-1028,4,6658.9,0.15,22640.26,Cash,Mobile App
TXN-102489,2026-06-25 08:41:00,STR-102,CUST-5153,PRD-1014,2,7309.63,0.0,14619.26,UPI,Online
TXN-102490,2026-03-18 14:55:00,STR-109,CUST-5010,PRD-1043,1,22540.44,0.15,19159.37,Credit Card,Mobile App
TXN-102491,2026-01-31 20:01:00,STR-104,CUST-5063,PRD-1047,5,13096.34,0.05,62207.61,Cash,Online
TXN-102492,2026-04-11 10:09:00,STR-109,CUST-5020,PRD-1004,5,18042.2,0.15,76679.35,Credit Card,In-Store
TXN-102493,2026-05-09 08:23:00,STR-106,CUST-5142,PRD-1026,4,15872.06,0.0,63488.24,Debit Card,Online
TXN-102494,2026-04-09 11:44:00,STR-106,CUST-5039,PRD-1025,4,12590.63,0.0,50362.52,UPI,Mobile App
TXN-102495,2026-04-03 08:19:00,STR-109,CUST-5073,PRD-1032,4,19167.84,0.1,69004.22,Debit Card,Online
TXN-102496,2026-04-21 14:12:00,STR-110,CUST-5078,PRD-1041,1,23258.31,0.15,19769.56,Cash,In-Store
TXN-102497,2026-04-17 13:00:00,STR-104,CUST-5165,PRD-1045,2,14916.37,0.2,23866.19,Cash,Online
TXN-102498,2026-02-03 21:10:00,STR-106,CUST-5034,PRD-1010,4,24341.31,0.05,92496.98,Net Banking,In-Store
TXN-102499,2026-03-07 11:50:00,STR-106,CUST-5170,PRD-1005,3,11505.07,0.05,32789.45,Credit Card,Mobile App
