transaction_id,transaction_timestamp,store_id,customer_id,product_id,quantity,unit_price,discount_pct,total_amount,payment_method,sales_channel
TXN-100000,2026-02-08 10:51:00,STR-109,CUST-5077,PRD-1004,5,18042.2,0.0,90211.0,UPI,In-Store
TXN-100001,2026-06-05 17:50:00,STR-109,CUST-5057,PRD-1007,5,23951.68,0.15,101794.64,Cash,Online
TXN-100002,2026-05-31 14:19:00,STR-109,CUST-5158,PRD-1028,4,6658.9,0.1,23972.04,UPI,Mobile App
TXN-100003,2026-06-10 11:16:00,STR-110,CUST-5020,PRD-1047,1,13096.34,0.05,12441.52,Credit Card,In-Store
TXN-100004,2026-02-10 08:26:00,STR-107,CUST-5176,PRD-1011,5,20820.24,0.0,104101.2,Cash,Online
TXN-100005,2026-03-15 19:18:00,STR-111,CUST-5116,PRD-1018,1,17272.73,0.05,16409.09,UPI,Mobile App
TXN-100006,2026-06-19 20:59:00,STR-103,CUST-5108,PRD-1014,3,7309.63,0.2,17543.11,UPI,Mobile App
TXN-100007,2026-02-06 09:03:00,STR-102,CUST-5078,PRD-1014,2,7309.63,0.1,13157.33,Cash,Mobile App
TXN-100008,2026-02-01 15:44:00,STR-104,CUST-5179,PRD-1036,3,22028.56,0.15,56172.83,Net Banking,Online
TXN-100009,2026-04-23 09:38:00,STR-100,CUST-5110,PRD-1032,5,19167.84,0.15,81463.32,Debit Card,Mobile App
TXN-100010,2026-02-28 18:53:00,STR-113,CUST-5147,PRD-1016,1,15423.32,0.0,15423.32,Cash,In-Store
TXN-100011,2026-01-11 20:48:00,STR-102,CUST-5120,PRD-1048,3,13710.77,0.2,32905.85,Cash,Mobile App
TXN-100012,2026-05-30 14:40:00,STR-113,CUST-5125,PRD-1028,3,6658.9,0.05,18977.86,UPI,Online
TXN-100013,2026-03-24 18:06:00,STR-113,CUST-5041,PRD-1022,4,6988.83,0.1,25159.79,Debit Card,Online
TXN-100014,2026-06-19 14:52:00,STR-112,CUST-5140,PRD-1044,4,2067.7,0.1,7443.72,UPI,Online
TXN-100015,2026-03-24 09:49:00,STR-106,CUST-5131,PRD-1005,3,11505.07,0.1,31063.69,UPI,Mobile App
TXN-100016,2026-01-14 11:33:00,STR-105,CUST-5159,PRD-1034,4,9660.26,0.15,32844.88,Net Banking,Mobile App
TXN-100017,2026-03-10 16:08:00,STR-114,CUST-5073,PRD-1028,1,6658.9,0.05,6325.95,Net Banking,Mobile App
TXN-100018,2026-06-11 17:51:00,STR-103,CUST-5181,PRD-1031,1,23868.44,0.0,23868.44,Credit Card,Online
TXN-100019,2026-04-15 09:14:00,STR-113,CUST-5029,PRD-1035,1,15173.74,0.2,12138.99,Net Banking,In-Store
TXN-100020,2026-03-16 16:45:00,STR-104,CUST-5106,PRD-1041,2,23258.31,0.15,39539.13,Net Banking,Online
TXN-100021,2026-02-07 14:12:00,STR-114,CUST-5153,PRD-1015,4,9568.8,0.2,30620.16,Cash,Mobile App
TXN-100022,2026-04-17 13:59:00,STR-112,CUST-5129,PRD-1008,1,2868.65,0.1,2581.79,Debit Card,In-Store
TXN-100023,2026-05-29 18:31:00,STR-113,CUST-5038,PRD-1018,3,17272.73,0.2,41454.55,Net Banking,Mobile App
TXN-100024,2026-05-22 20:34:00,STR-106,CUST-5116,PRD-1030,3,3232.14,0.1,8726.78,Debit Card,In-Store
TXN-100025,2026-04-09 11:54:00,STR-112,CUST-5105,PRD-1044,2,2067.7,0.2,3308.32,UPI,Online
TXN-100026,2026-04-09 18:50:00,STR-113,CUST-5166,PRD-1047,4,13096.34,0.15,44527.56,Credit Card,Online
TXN-100027,2026-06-01 13:55:00,STR-101,CUST-5112,PRD-1002,2,14966.66,0.2,23946.66,UPI,Mobile App
TXN-100028,2026-04-15 21:41:00,STR-102,CUST-5019,PRD-1029,1,17201.59,0.05,16341.51,Net Banking,Online
TXN-100029,2026-06-16 09:54:00,STR-105,CUST-5172,PRD-1021,5,5708.56,0.15,24261.38,Cash,Online
TXN-100030,2026-01-10 17:04:00,STR-103,CUST-5161,PRD-1020,4,2120.69,0.2,6786.21,Debit Card,In-Store
TXN-100031,2026-01-26 20:40:00,STR-111,CUST-5025,PRD-1047,1,13096.34,0.15,11131.89,Net Banking,In-Store
TXN-100032,2026-01-12 13:50:00,STR-100,CUST-5075,PRD-1044,3,2067.7,0.0,6203.1,Debit Card,Online
TXN-100033,2026-05-16 14:36:00,STR-110,CUST-5046,PRD-1027,2,2055.49,0.05,3905.43,Credit Card,In-Store
TXN-100034,2026-06-08 18:15:00,STR-107,CUST-5149,PRD-1005,5,11505.07,0.15,48896.55,Credit Card,In-Store
TXN-100035,2026-03-07 18:00:00,STR-114,CUST-5119,PRD-1029,3,17201.59,0.15,43864.05,Debit Card,Mobile App
TXN-100036,2026-04-24 13:37:00,STR-104,CUST-5163,PRD-1034,2,9660.26,0.0,19320.52,Net Banking,Mobile App
TXN-100037,2026-02-20 14:54:00,STR-107,CUST-5027,PRD-1016,4,15423.32,0.1,55523.95,Credit Card,Online
TXN-100038,2026-03-17 19:18:00,STR-100,CUST-5168,PRD-1036,3,22028.56,0.2,52868.54,Net Banking,Online
TXN-100039,2026-06-05 19:31:00,STR-113,CUST-5073,PRD-1000,5,1111.79,0.0,5558.95,Credit Card,Mobile App
TXN-100040,2026-06-08 12:43:00,STR-112,CUST-5184,PRD-1022,2,6988.83,0.05,13278.78,Credit Card,Mobile App
TXN-100041,2026-04-23 08:37:00,STR-105,CUST-5187,PRD-1006,1,17604.11,0.1,15843.7,Credit Card,In-Store
TXN-100042,2026-02-14 11:08:00,STR-112,CUST-5138,PRD-1018,3,17272.73,0.15,44045.46,Debit Card,Mobile App
TXN-100043,2026-03-07 21:30:00,STR-112,CUST-5075,PRD-1032,3,19167.84,0.05,54628.34,Debit Card,In-Store
TXN-100044,2026-02-27 21:43:00,STR-111,CUST-5172,PRD-1029,1,17201.59,0.05,16341.51,Net Banking,Mobile App
TXN-100045,2026-01-04 12:34:00,STR-101,CUST-5116,PRD-1023,1,6936.43,0.15,5895.97,Debit Card,Mobile App
TXN-100046,2026-04-08 21:40:00,STR-105,CUST-5027,PRD-1047,3,13096.34,0.2,31431.22,Credit Card,Online
TXN-100047,2026-03-25 17:14:00,STR-110,CUST-5016,PRD-1001,5,18543.28,0.2,74173.12,Net Banking,Mobile App
TXN-100048,2026-02-05 08:02:00,STR-104,CUST-5126,PRD-1019,4,20633.99,0.0,82535.96,UPI,In-Store
TXN-100049,2026-04-10 15:23:00,STR-110,CUST-5190,PRD-1015,5,9568.8,0.05,45451.8,Cash,Online
TXN-100050,2026-06-17 09:53:00,STR-107,CUST-5157,PRD-1037,2,1918.22,0.15,3260.97,Net Banking,Online
TXN-100051,2026-04-24 15:15:00,STR-113,CUST-5092,PRD-1002,3,14966.66,0.05,42654.98,UPI,Mobile App
TXN-100052,2026-01-16 14:17:00,STR-103,CUST-5031,PRD-1023,5,6936.43,0.1,31213.94,Net Banking,In-Store
TXN-100053,2026-01-06 08:50:00,STR-105,CUST-5062,PRD-1042,2,10274.71,0.2,16439.54,Credit Card,Mobile App
TXN-100054,2026-02-23 17:13:00,STR-113,CUST-5059,PRD-1013,1,24637.91,0.2,19710.33,Debit Card,In-Store
TXN-100055,2026-02-07 10:34:00,STR-104,CUST-5044,PRD-1038,1,18431.47,0.1,16588.32,UPI,Mobile App
TXN-100056,2026-04-02 20:50:00,STR-103,CUST-5150,PRD-1001,2,18543.28,0.0,37086.56,Debit Card,In-Store
TXN-100057,2026-02-02 19:26:00,STR-108,CUST-5029,PRD-1011,3,20820.24,0.0,62460.72,UPI,Online
TXN-100058,2026-06-01 09:28:00,STR-108,CUST-5056,PRD-1028,3,6658.9,0.2,15981.36,Cash,In-Store
TXN-100059,2026-04-28 18:01:00,STR-100,CUST-5122,PRD-1046,5,2150.38,0.1,9676.71,Net Banking,Online
TXN-100060,2026-04-24 09:57:00,STR-101,CUST-5082,PRD-1043,1,22540.44,0.15,19159.37,Cash,In-Store
TXN-100061,2026-06-09 18:37:00,STR-108,CUST-5182,PRD-1004,2,18042.2,0.1,32475.96,Debit Card,Online
TXN-100062,2026-04-27 16:38:00,STR-106,CUST-5025,PRD-1038,5,18431.47,0.1,82941.62,UPI,Mobile App
TXN-100063,2026-04-21 15:56:00,STR-103,CUST-5105,PRD-1041,5,23258.31,0.05,110476.97,Debit Card,Online
TXN-100064,2026-03-22 14:20:00,STR-110,CUST-5065,PRD-1025,4,12590.63,0.0,50362.52,Debit Card,In-Store
TXN-100065,2026-01-24 21:05:00,STR-101,CUST-5110,PRD-1043,4,22540.44,0.0,90161.76,UPI,Mobile App
TXN-100066,2026-05-23 08:37:00,STR-108,CUST-5143,PRD-1047,3,13096.34,0.05,37324.57,Debit Card,Mobile App
TXN-100067,2026-06-20 20:27:00,STR-113,CUST-5184,PRD-1007,4,23951.68,0.1,86226.05,UPI,Online
TXN-100068,2026-01-27 17:32:00,STR-103,CUST-5039,PRD-1038,3,18431.47,0.1,49764.97,Net Banking,In-Store
TXN-100069,2026-04-05 09:48:00,STR-104,CUST-5146,PRD-1006,3,17604.11,0.2,42249.86,Credit Card,Online
TXN-100070,2026-06-22 18:35:00,STR-100,CUST-5155,PRD-1035,5,15173.74,0.2,60694.96,Debit Card,In-Store
TXN-100071,2026-03-28 13:00:00,STR-102,CUST-5036,PRD-1011,3,20820.24,0.1,56214.65,Cash,Mobile App
TXN-100072,2026-06-12 08:05:00,STR-111,CUST-5135,PRD-1025,1,12590.63,0.05,11961.1,Credit Card,Online
TXN-100073,2026-02-10 13:19:00,STR-111,CUST-5083,PRD-1026,4,15872.06,0.1,57139.42,Cash,Mobile App
TXN-100074,2026-02-10 20:39:00,STR-100,CUST-5172,PRD-1005,1,11505.07,0.05,10929.82,UPI,Online
TXN-100075,2026-06-05 15:26:00,STR-104,CUST-5055,PRD-1028,4,6658.9,0.15,22640.26,Cash,In-Store
TXN-100076,2026-03-14 18:43:00,STR-109,CUST-5124,PRD-1022,4,6988.83,0.0,27955.32,Cash,Mobile App
TXN-100077,2026-04-12 17:03:00,STR-100,CUST-5052,PRD-1019,1,20633.99,0.05,19602.29,Debit Card,In-Store
TXN-100078,2026-03-16 13:07:00,STR-100,CUST-5127,PRD-1049,2,12079.91,0.1,21743.84,Net Banking,In-Store
TXN-100079,2026-06-30 11:32:00,STR-108,CUST-5171,PRD-1008,4,2868.65,0.2,9179.68,Debit Card,In-Store
TXN-100080,2026-01-05 15:58:00,STR-101,CUST-5080,PRD-1025,1,12590.63,0.15,10702.04,Cash,Online
TXN-100081,2026-03-16 09:25:00,STR-100,CUST-5083,PRD-1036,4,22028.56,0.15,74897.1,Credit Card,Mobile App
TXN-100082,2026-04-22 21:06:00,STR-103,CUST-5111,PRD-1029,3,17201.59,0.0,51604.77,Cash,Online
TXN-100083,2026-03-21 19:21:00,STR-103,CUST-5085,PRD-1033,1,21120.74,0.15,17952.63,Credit Card,In-Store
TXN-100084,2026-05-11 11:57:00,STR-112,CUST-5089,PRD-1032,1,19167.84,0.2,15334.27,Debit Card,Mobile App
TXN-100085,2026-01-27 10:16:00,STR-103,CUST-5044,PRD-1041,2,23258.31,0.05,44190.79,Cash,In-Store
TXN-100086,2026-06-10 15:29:00,STR-112,CUST-5144,PRD-1048,1,13710.77,0.05,13025.23,Cash,Online
TXN-100087,2026-03-24 21:40:00,STR-105,CUST-5038,PRD-1043,5,22540.44,0.2,90161.76,Net Banking,In-Store
TXN-100088,2026-03-12 17:03:00,STR-105,CUST-5129,PRD-1030,4,3232.14,0.1,11635.7,UPI,Online
TXN-100089,2026-01-15 13:53:00,STR-104,CUST-5019,PRD-1029,4,17201.59,0.0,68806.36,UPI,Mobile App
TXN-100090,2026-04-29 17:35:00,STR-112,CUST-5189,PRD-1038,5,18431.47,0.15,78333.75,UPI,Online
TXN-100091,2026-06-04 15:32:00,STR-102,CUST-5015,PRD-1036,2,22028.56,0.1,39651.41,Net Banking,In-Store
TXN-100092,2026-06-15 10:02:00,STR-103,CUST-5181,PRD-1021,1,5708.56,0.2,4566.85,Net Banking,Online
TXN-100093,2026-02-10 13:23:00,STR-114,CUST-5072,PRD-1033,5,21120.74,0.2,84482.96,Net Banking,Online
TXN-100094,2026-01-14 20:40:00,STR-110,CUST-5085,PRD-1049,3,12079.91,0.2,28991.78,UPI,Online
TXN-100095,2026-03-14 12:46:00,STR-113,CUST-5168,PRD-1006,5,17604.11,0.15,74817.47,Cash,In-Store
TXN-100096,2026-06-19 10:58:00,STR-105,CUST-5079,PRD-1021,1,5708.56,0.2,4566.85,Net Banking,In-Store
TXN-100097,2026-05-24 14:41:00,STR-112,CUST-5084,PRD-1038,1,18431.47,0.1,16588.32,Credit Card,Mobile App
TXN-100098,2026-06-15 18:27:00,STR-108,CUST-5092,PRD-1044,5,2067.7,0.0,10338.5,UPI,Online
TXN-100099,2026-03-29 20:31:00,STR-103,CUST-5057,PRD-1019,2,20633.99,0.05,39204.58,Credit Card,In-Store
TXN-100100,2026-05-10 20:34:00,STR-113,CUST-5189,PRD-1004,3,18042.2,0.0,54126.6,Cash,In-Store
TXN-100101,2026-02-03 17:24:00,STR-102,CUST-5041,PRD-1042,3,10274.71,0.2,24659.3,Credit Card,Mobile App
TXN-100102,2026-04-23 08:26:00,STR-105,CUST-5173,PRD-1049,5,12079.91,0.05,57379.57,Credit Card,Online
TXN-100103,2026-03-01 16:15:00,STR-104,CUST-5120,PRD-1039,3,3644.72,0.15,9294.04,Credit Card,Online
TXN-100104,2026-04-29 20:18:00,STR-112,CUST-5097,PRD-1043,5,22540.44,0.15,95796.87,Cash,Mobile App
TXN-100105,2026-06-04 10:55:00,STR-104,CUST-5013,PRD-1026,2,15872.06,0.05,30156.91,Net Banking,Online
TXN-100106,2026-02-01 12:05:00,STR-112,CUST-5041,PRD-1035,1,15173.74,0.2,12138.99,Debit Card,Online
TXN-100107,2026-01-24 11:52:00,STR-107,CUST-5089,PRD-1032,2,19167.84,0.15,32585.33,UPI,Online
TXN-100108,2026-04-06 11:24:00,STR-101,CUST-5095,PRD-1003,4,6199.42,0.2,19838.14,Credit Card,In-Store
TXN-100109,2026-02-07 10:02:00,STR-104,CUST-5120,PRD-1020,1,2120.69,0.1,1908.62,Credit Card,Mobile App
TXN-100110,2026-01-02 09:01:00,STR-104,CUST-5055,PRD-1030,4,3232.14,0.2,10342.85,Credit Card,Mobile App
TXN-100111,2026-04-19 09:49:00,STR-104,CUST-5060,PRD-1046,5,2150.38,0.2,8601.52,Debit Card,In-Store
TXN-100112,2026-06-13 20:39:00,STR-107,CUST-5016,PRD-1003,2,6199.42,0.15,10539.01,UPI,Online
TXN-100113,2026-06-11 16:36:00,STR-103,CUST-5183,PRD-1038,5,18431.47,0.0,92157.35,Credit Card,Online
TXN-100114,2026-04-01 11:36:00,STR-106,CUST-5047,PRD-1027,1,2055.49,0.2,1644.39,UPI,Mobile App
TXN-100115,2026-05-20 16:50:00,STR-108,CUST-5141,PRD-1023,1,6936.43,0.2,5549.14,UPI,Online
TXN-100116,2026-04-06 12:47:00,STR-100,CUST-5091,PRD-1030,1,3232.14,0.15,2747.32,UPI,Online
TXN-100117,2026-03-27 10:02:00,STR-105,CUST-5139,PRD-1015,1,9568.8,0.2,7655.04,Debit Card,Mobile App
TXN-100118,2026-06-11 10:51:00,STR-102,CUST-5016,PRD-1011,4,20820.24,0.15,70788.82,Net Banking,In-Store
TXN-100119,2026-02-21 08:20:00,STR-114,CUST-5079,PRD-1018,2,17272.73,0.0,34545.46,Cash,Online
TXN-100120,2026-01-10 20:41:00,STR-103,CUST-5073,PRD-1034,4,9660.26,0.1,34776.94,Debit Card,In-Store
TXN-100121,2026-02-01 20:23:00,STR-106,CUST-5102,PRD-1041,3,23258.31,0.1,62797.44,Net Banking,Online
TXN-100122,2026-06-27 15:23:00,STR-114,CUST-5132,PRD-1021,2,5708.56,0.15,9704.55,Debit Card,In-Store
TXN-100123,2026-04-21 17:52:00,STR-102,CUST-5139,PRD-1046,4,2150.38,0.0,8601.52,Debit Card,Online
TXN-100124,2026-06-19 12:19:00,STR-107,CUST-5154,PRD-1006,1,17604.11,0.1,15843.7,Net Banking,In-Store
TXN-100125,2026-04-25 08:46:00,STR-113,CUST-5090,PRD-1044,4,2067.7,0.1,7443.72,Cash,Online
TXN-100126,2026-06-21 18:25:00,STR-105,CUST-5131,PRD-1017,1,11824.84,0.0,11824.84,Credit Card,In-Store
TXN-100127,2026-01-09 10:04:00,STR-103,CUST-5199,PRD-1009,5,20274.45,0.15,86166.41,Debit Card,Online
TXN-100128,2026-06-04 10:43:00,STR-107,CUST-5094,PRD-1024,5,9368.27,0.0,46841.35,Debit Card,Online
TXN-100129,2026-02-05 16:23:00,STR-106,CUST-5080,PRD-1048,1,13710.77,0.2,10968.62,Debit Card,In-Store
TXN-100130,2026-05-08 16:24:00,STR-114,CUST-5143,PRD-1007,1,23951.68,0.05,22754.1,UPI,Online
TXN-100131,2026-02-24 17:18:00,STR-111,CUST-5125,PRD-1049,3,12079.91,0.15,30803.77,Credit Card,In-Store
TXN-100132,2026-02-14 19:28:00,STR-101,CUST-5174,PRD-1008,1,2868.65,0.15,2438.35,Debit Card,Mobile App
TXN-100133,2026-05-19 12:57:00,STR-104,CUST-5040,PRD-1022,1,6988.83,0.2,5591.06,Credit Card,Online
TXN-100134,2026-02-21 20:08:00,STR-103,CUST-5126,PRD-1032,2,19167.84,0.0,38335.68,UPI,Online
TXN-100135,2026-04-30 20:35:00,STR-102,CUST-5156,PRD-1035,5,15173.74,0.1,68281.83,UPI,In-Store
TXN-100136,2026-05-15 14:49:00,STR-106,CUST-5147,PRD-1019,4,20633.99,0.15,70155.57,UPI,In-Store
TXN-100137,2026-04-30 18:33:00,STR-105,CUST-5032,PRD-1020,1,2120.69,0.15,1802.59,Cash,Mobile App
TXN-100138,2026-04-21 16:58:00,STR-113,CUST-5014,PRD-1037,2,1918.22,0.05,3644.62,UPI,Mobile App
TXN-100139,2026-02-11 13:59:00,STR-111,CUST-5057,PRD-1009,3,20274.45,0.05,57782.18,Debit Card,Mobile App
TXN-100140,2026-02-20 18:35:00,STR-104,CUST-5032,PRD-1018,1,17272.73,0.1,15545.46,Debit Card,Mobile App
TXN-100141,2026-06-14 10:37:00,STR-109,CUST-5039,PRD-1034,1,9660.26,0.2,7728.21,Credit Card,Mobile App
TXN-100142,2026-05-25 08:52:00,STR-113,CUST-5007,PRD-1039,5,3644.72,0.1,16401.24,UPI,In-Store
TXN-100143,2026-06-16 11:49:00,STR-109,CUST-5106,PRD-1041,5,23258.31,0.1,104662.4,Cash,Mobile App
TXN-100144,2026-03-16 18:19:00,STR-107,CUST-5062,PRD-1001,4,18543.28,0.2,59338.5,Net Banking,Online
TXN-100145,2026-02-10 15:26:00,STR-107,CUST-5118,PRD-1029,1,17201.59,0.0,17201.59,Credit Card,Online
TXN-100146,2026-03-23 19:55:00,STR-105,CUST-5102,PRD-1038,2,18431.47,0.1,33176.65,Credit Card,Online
TXN-100147,2026-03-23 11:29:00,STR-101,CUST-5068,PRD-1032,5,19167.84,0.0,95839.2,Net Banking,In-Store
TXN-100148,2026-03-16 14:55:00,STR-109,CUST-5107,PRD-1009,1,20274.45,0.0,20274.45,Credit Card,In-Store
TXN-100149,2026-02-18 20:10:00,STR-107,CUST-5131,PRD-1020,5,2120.69,0.1,9543.11,Net Banking,Online
TXN-100150,2026-01-24 14:32:00,STR-107,CUST-5061,PRD-1019,4,20633.99,0.0,82535.96,Credit Card,Mobile App
TXN-100151,2026-03-14 15:38:00,STR-114,CUST-5167,PRD-1022,1,6988.83,0.0,6988.83,Net Banking,Online
TXN-100152,2026-04-21 10:56:00,STR-104,CUST-5186,PRD-1034,1,9660.26,0.0,9660.26,Debit Card,Online
TXN-100153,2026-01-14 17:35:00,STR-103,CUST-5092,PRD-1023,1,6936.43,0.15,5895.97,Cash,Online
TXN-100154,2026-04-26 20:35:00,STR-104,CUST-5159,PRD-1004,4,18042.2,0.2,57735.04,Cash,In-Store
TXN-100155,2026-04-06 20:21:00,STR-108,CUST-5093,PRD-1008,1,2868.65,0.15,2438.35,Credit Card,In-Store
TXN-100156,2026-05-09 08:02:00,STR-100,CUST-5035,PRD-1038,5,18431.47,0.15,78333.75,Debit Card,Online
TXN-100157,2026-06-05 16:08:00,STR-105,CUST-5156,PRD-1033,4,21120.74,0.05,80258.81,Debit Card,In-Store
TXN-100158,2026-06-01 13:32:00,STR-113,CUST-5130,PRD-1025,5,12590.63,0.1,56657.83,Cash,Online
TXN-100159,2026-05-02 21:01:00,STR-105,CUST-5084,PRD-1045,5,14916.37,0.1,67123.67,UPI,Online
TXN-100160,2026-06-02 15:16:00,STR-110,CUST-5198,PRD-1037,3,1918.22,0.0,5754.66,Cash,Mobile App
TXN-100161,2026-05-03 10:33:00,STR-110,CUST-5184,PRD-1014,1,7309.63,0.2,5847.7,Cash,Online
TXN-100162,2026-05-27 19:07:00,STR-103,CUST-5004,PRD-1009,2,20274.45,0.0,40548.9,Net Banking,Online
TXN-100163,2026-06-26 11:26:00,STR-108,CUST-5198,PRD-1026,2,15872.06,0.15,26982.5,Cash,Online
TXN-100164,2026-05-13 11:35:00,STR-105,CUST-5169,PRD-1047,1,13096.34,0.05,12441.52,Net Banking,Mobile App
TXN-100165,2026-04-28 16:21:00,STR-108,CUST-5090,PRD-1024,3,9368.27,0.05,26699.57,Debit Card,Mobile App
TXN-100166,2026-03-13 16:19:00,STR-103,CUST-5076,PRD-1030,2,3232.14,0.05,6141.07,Debit Card,Mobile App
TXN-100167,2026-05-03 13:35:00,STR-114,CUST-5184,PRD-1013,4,24637.91,0.1,88696.48,Debit Card,Online
TXN-100168,2026-04-08 14:52:00,STR-105,CUST-5197,PRD-1007,5,23951.68,0.2,95806.72,Credit Card,Online
TXN-100169,2026-03-30 15:41:00,STR-104,CUST-5191,PRD-1002,3,14966.66,0.0,44899.98,Net Banking,In-Store
TXN-100170,2026-05-24 19:17:00,STR-102,CUST-5027,PRD-1012,5,5210.26,0.1,23446.17,Cash,Mobile App
TXN-100171,2026-01-13 18:57:00,STR-108,CUST-5057,PRD-1037,2,1918.22,0.05,3644.62,Credit Card,In-Store
TXN-100172,2026-05-01 09:43:00,STR-112,CUST-5035,PRD-1006,4,17604.11,0.1,63374.8,UPI,Mobile App
TXN-100173,2026-05-03 18:12:00,STR-112,CUST-5073,PRD-1010,4,24341.31,0.15,82760.45,Debit Card,Online
TXN-100174,2026-06-16 17:14:00,STR-108,CUST-5189,PRD-1041,1,23258.31,0.0,23258.31,UPI,In-Store
TXN-100175,2026-04-12 20:31:00,STR-102,CUST-5191,PRD-1026,2,15872.06,0.0,31744.12,Debit Card,In-Store
TXN-100176,2026-06-04 09:59:00,STR-105,CUST-5072,PRD-1000,3,1111.79,0.2,2668.3,Net Banking,Mobile App
TXN-100177,2026-02-04 21:32:00,STR-107,CUST-5069,PRD-1034,5,9660.26,0.15,41056.11,Credit Card,In-Store
TXN-100178,2026-06-15 12:45:00,STR-102,CUST-5003,PRD-1021,2,5708.56,0.15,9704.55,Debit Card,Online
TXN-100179,2026-06-06 21:40:00,STR-114,CUST-5103,PRD-1036,2,22028.56,0.05,41854.26,Net Banking,Mobile App
TXN-100180,2026-06-21 09:11:00,STR-102,CUST-5122,PRD-1020,1,2120.69,0.15,1802.59,Debit Card,In-Store
TXN-100181,2026-03-02 15:48:00,STR-104,CUST-5084,PRD-1000,3,1111.79,0.15,2835.06,Debit Card,Mobile App
TXN-100182,2026-03-08 18:23:00,STR-111,CUST-5060,PRD-1046,5,2150.38,0.0,10751.9,UPI,Mobile App
TXN-100183,2026-02-10 14:43:00,STR-108,CUST-5180,PRD-1007,4,23951.68,0.1,86226.05,Debit Card,Mobile App
TXN-100184,2026-06-07 11:14:00,STR-102,CUST-5122,PRD-1007,3,23951.68,0.1,64669.54,Credit Card,Online
TXN-100185,2026-04-17 19:35:00,STR-114,CUST-5120,PRD-1047,5,13096.34,0.1,58933.53,Cash,Mobile App
TXN-100186,2026-01-21 16:28:00,STR-108,CUST-5180,PRD-1013,2,24637.91,0.2,39420.66,Debit Card,In-Store
TXN-100187,2026-05-21 16:12:00,STR-109,CUST-5137,PRD-1036,1,22028.56,0.0,22028.56,Credit Card,In-Store
TXN-100188,2026-01-30 18:13:00,STR-111,CUST-5149,PRD-1020,5,2120.69,0.15,9012.93,Net Banking,In-Store
TXN-100189,2026-04-27 10:32:00,STR-106,CUST-5116,PRD-1032,4,19167.84,0.0,76671.36,Cash,In-Store
TXN-100190,2026-01-06 14:16:00,STR-113,CUST-5000,PRD-1035,4,15173.74,0.1,54625.46,Credit Card,Mobile App
TXN-100191,2026-03-30 19:04:00,STR-108,CUST-5015,PRD-1004,1,18042.2,0.15,15335.87,UPI,Online
TXN-100192,2026-02-16 20:08:00,STR-112,CUST-5164,PRD-1002,3,14966.66,0.15,38164.98,Net Banking,Online
TXN-100193,2026-04-07 09:43:00,STR-110,CUST-5138,PRD-1024,4,9368.27,0.15,31852.12,Credit Card,Mobile App
TXN-100194,2026-05-18 14:33:00,STR-102,CUST-5186,PRD-1022,1,6988.83,0.05,6639.39,Credit Card,In-Store
TXN-100195,2026-04-29 18:46:00,STR-108,CUST-5108,PRD-1048,1,13710.77,0.1,12339.69,Cash,Online
TXN-100196,2026-03-30 10:17:00,STR-103,CUST-5185,PRD-1014,2,7309.63,0.15,12426.37,UPI,In-Store
TXN-100197,2026-01-05 11:13:00,STR-101,CUST-5025,PRD-1042,4,10274.71,0.2,32879.07,Cash,In-Store
TXN-100198,2026-03-04 19:02:00,STR-106,CUST-5112,PRD-1028,5,6658.9,0.0,33294.5,Credit Card,Mobile App
TXN-100199,2026-05-09 12:14:00,STR-113,CUST-5187,PRD-1013,1,24637.91,0.05,23406.01,Cash,Online
TXN-100200,2026-03-02 12:56:00,STR-102,CUST-5169,PRD-1036,5,22028.56,0.1,99128.52,Cash,In-Store
TXN-100201,2026-01-16 16:37:00,STR-114,CUST-5188,PRD-1026,3,15872.06,0.1,42854.56,Credit Card,Mobile App
TXN-100202,2026-05-07 08:22:00,STR-110,CUST-5171,PRD-1043,4,22540.44,0.2,72129.41,Net Banking,Mobile App
TXN-100203,2026-02-08 12:24:00,STR-102,CUST-5193,PRD-1020,4,2120.69,0.15,7210.35,Cash,Online
TXN-100204,2026-02-06 20:29:00,STR-114,CUST-5014,PRD-1015,2,9568.8,0.1,17223.84,Cash,Online
TXN-100205,2026-02-04 14:15:00,STR-104,CUST-5052,PRD-1026,5,15872.06,0.2,63488.24,Debit Card,Mobile App
TXN-100206,2026-01-24 16:46:00,STR-113,CUST-5048,PRD-1005,4,11505.07,0.1,41418.25,UPI,Online
TXN-100207,2026-01-11 21:04:00,STR-103,CUST-5194,PRD-1024,5,9368.27,0.2,37473.08,Cash,Mobile App
TXN-100208,2026-05-03 11:55:00,STR-114,CUST-5085,PRD-1042,5,10274.71,0.05,48804.87,Debit Card,In-Store
TXN-100209,2026-05-03 11:44:00,STR-109,CUST-5180,PRD-1013,2,24637.91,0.0,49275.82,Credit Card,Online
TXN-100210,2026-03-14 14:29:00,STR-108,CUST-5166,PRD-1015,5,9568.8,0.1,43059.6,Debit Card,Online
TXN-100211,2026-05-08 15:06:00,STR-112,CUST-5184,PRD-1016,3,15423.32,0.2,37015.97,Net Banking,Online
TXN-100212,2026-04-16 08:36:00,STR-113,CUST-5056,PRD-1013,3,24637.91,0.1,66522.36,Credit Card,In-Store
TXN-100213,2026-05-29 19:26:00,STR-104,CUST-5039,PRD-1016,5,15423.32,0.2,61693.28,Credit Card,Online
TXN-100214,2026-03-04 15:35:00,STR-110,CUST-5175,PRD-1014,4,7309.63,0.2,23390.82,Debit Card,Online
TXN-100215,2026-04-28 10:46:00,STR-112,CUST-5090,PRD-1048,4,13710.77,0.15,46616.62,Credit Card,In-Store
TXN-100216,2026-02-17 16:41:00,STR-100,CUST-5134,PRD-1046,5,2150.38,0.15,9139.12,UPI,In-Store
TXN-100217,2026-04-16 10:53:00,STR-110,CUST-5059,PRD-1042,1,10274.71,0.0,10274.71,UPI,Mobile App
TXN-100218,2026-05-10 15:23:00,STR-100,CUST-5158,PRD-1009,1,20274.45,0.05,19260.73,Cash,Online
TXN-100219,2026-01-02 16:35:00,STR-106,CUST-5003,PRD-1042,4,10274.71,0.0,41098.84,UPI,Mobile App
TXN-100220,2026-03-15 08:32:00,STR-113,CUST-5178,PRD-1046,3,2150.38,0.2,5160.91,Net Banking,In-Store
TXN-100221,2026-02-08 11:12:00,STR-109,CUST-5134,PRD-1006,1,17604.11,0.2,14083.29,Debit Card,Online
TXN-100222,2026-04-06 14:29:00,STR-109,CUST-5062,PRD-1017,4,11824.84,0.0,47299.36,Credit Card,Online
TXN-100223,2026-01-24 14:24:00,STR-106,CUST-5141,PRD-1043,1,22540.44,0.0,22540.44,Net Banking,In-Store
TXN-100224,2026-01-22 15:54:00,STR-106,CUST-5165,PRD-1040,1,6993.15,0.05,6643.49,Debit Card,Mobile App
TXN-100225,2026-02-28 11:57:00,STR-113,CUST-5177,PRD-1006,5,17604.11,0.0,88020.55,Cash,Online
TXN-100226,2026-06-25 12:57:00,STR-108,CUST-5144,PRD-1017,1,11824.84,0.0,11824.84,UPI,In-Store
TXN-100227,2026-05-31 10:48:00,STR-113,CUST-5182,PRD-1020,1,2120.69,0.05,2014.66,Net Banking,In-Store
TXN-100228,2026-03-03 17:53:00,STR-113,CUST-5099,PRD-1019,2,20633.99,0.2,33014.38,Cash,Online
TXN-100229,2026-05-09 19:22:00,STR-100,CUST-5025,PRD-1024,2,9368.27,0.0,18736.54,Net Banking,In-Store
TXN-100230,2026-06-07 17:25:00,STR-112,CUST-5083,PRD-1004,3,18042.2,0.2,43301.28,UPI,Mobile App
TXN-100231,2026-02-28 13:35:00,STR-106,CUST-5110,PRD-1017,4,11824.84,0.15,40204.46,Credit Card,Mobile App
TXN-100232,2026-06-08 12:51:00,STR-103,CUST-5182,PRD-1037,4,1918.22,0.0,7672.88,UPI,In-Store
TXN-100233,2026-06-12 10:47:00,STR-106,CUST-5081,PRD-1017,2,11824.84,0.15,20102.23,Debit Card,In-Store
TXN-100234,2026-04-24 13:48:00,STR-104,CUST-5026,PRD-1005,1,11505.07,0.1,10354.56,Credit Card,In-Store
TXN-100235,2026-05-23 16:32:00,STR-106,CUST-5026,PRD-1011,4,20820.24,0.15,70788.82,UPI,In-Store
TXN-100236,2026-06-02 17:50:00,STR-105,CUST-5098,PRD-1022,5,6988.83,0.0,34944.15,UPI,Online
TXN-100237,2026-05-24 11:36:00,STR-108,CUST-5043,PRD-1026,4,15872.06,0.0,63488.24,Net Banking,In-Store
TXN-100238,2026-03-10 15:09:00,STR-101,CUST-5042,PRD-1008,3,2868.65,0.1,7745.36,Net Banking,Online
TXN-100239,2026-01-20 13:16:00,STR-103,CUST-5184,PRD-1026,3,15872.06,0.15,40473.75,Net Banking,Mobile App
TXN-100240,2026-01-28 10:19:00,STR-100,CUST-5101,PRD-1039,2,3644.72,0.15,6196.02,Debit Card,Mobile App
TXN-100241,2026-03-27 14:52:00,STR-113,CUST-5166,PRD-1024,3,9368.27,0.15,23889.09,Cash,In-Store
TXN-100242,2026-06-27 11:30:00,STR-105,CUST-5045,PRD-1019,3,20633.99,0.2,49521.58,Net Banking,Online
TXN-100243,2026-03-04 13:24:00,STR-104,CUST-5100,PRD-1018,4,17272.73,0.2,55272.74,Debit Card,In-Store
TXN-100244,2026-05-20 10:43:00,STR-112,CUST-5140,PRD-1036,2,22028.56,0.2,35245.7,UPI,Mobile App
TXN-100245,2026-03-16 21:44:00,STR-101,CUST-5104,PRD-1029,2,17201.59,0.15,29242.7,Net Banking,In-Store
TXN-100246,2026-03-06 18:09:00,STR-111,CUST-5108,PRD-1040,3,6993.15,0.05,19930.48,Net Banking,In-Store
TXN-100247,2026-05-30 14:34:00,STR-108,CUST-5177,PRD-1028,5,6658.9,0.15,28300.33,Net Banking,Mobile App
TXN-100248,2026-06-02 18:58:00,STR-101,CUST-5027,PRD-1002,3,14966.66,0.2,35919.98,Credit Card,Mobile App
TXN-100249,2026-06-15 17:02:00,STR-109,CUST-5165,PRD-1042,3,10274.71,0.05,29282.92,Net Banking,Online
TXN-100250,2026-01-26 12:14:00,STR-108,CUST-5191,PRD-1027,1,2055.49,0.0,2055.49,Cash,Mobile App
TXN-100251,2026-04-25 13:25:00,STR-107,CUST-5197,PRD-1037,5,1918.22,0.05,9111.55,Cash,Mobile App
TXN-100252,2026-01-07 15:06:00,STR-104,CUST-5106,PRD-1032,2,19167.84,0.1,34502.11,UPI,In-Store
TXN-100253,2026-03-21 13:29:00,STR-112,CUST-5052,PRD-1046,2,2150.38,0.1,3870.68,Cash,Online
TXN-100254,2026-04-23 19:44:00,STR-107,CUST-5081,PRD-1022,4,6988.83,0.0,27955.32,UPI,Online
TXN-100255,2026-03-29 18:06:00,STR-110,CUST-5042,PRD-1002,1,14966.66,0.0,14966.66,Credit Card,Mobile App
TXN-100256,2026-03-26 16:27:00,STR-107,CUST-5059,PRD-1011,5,20820.24,0.05,98896.14,Net Banking,Mobile App
TXN-100257,2026-04-12 08:47:00,STR-109,CUST-5050,PRD-1011,2,20820.24,0.15,35394.41,Net Banking,Mobile App
TXN-100258,2026-06-30 11:13:00,STR-104,CUST-5192,PRD-1027,4,2055.49,0.0,8221.96,UPI,Mobile App
TXN-100259,2026-04-04 13:12:00,STR-107,CUST-5029,PRD-1006,5,17604.11,0.05,83619.52,Debit Card,Mobile App
TXN-100260,2026-06-02 14:39:00,STR-106,CUST-5150,PRD-1031,5,23868.44,0.1,107407.98,UPI,Online
TXN-100261,2026-02-14 21:43:00,STR-111,CUST-5076,PRD-1022,4,6988.83,0.2,22364.26,Cash,Mobile App
TXN-100262,2026-01-31 11:19:00,STR-101,CUST-5046,PRD-1005,2,11505.07,0.1,20709.13,Debit Card,Mobile App
TXN-100263,2026-04-18 17:08:00,STR-109,CUST-5098,PRD-1009,5,20274.45,0.15,86166.41,Net Banking,In-Store
TXN-100264,2026-05-23 10:31:00,STR-104,CUST-5035,PRD-1031,5,23868.44,0.05,113375.09,Credit Card,Online
TXN-100265,2026-04-02 08:31:00,STR-102,CUST-5049,PRD-1028,5,6658.9,0.0,33294.5,Net Banking,Mobile App
TXN-100266,2026-06-25 15:26:00,STR-111,CUST-5113,PRD-1032,4,19167.84,0.15,65170.66,Net Banking,In-Store
TXN-100267,2026-02-26 12:02:00,STR-104,CUST-5057,PRD-1005,5,11505.07,0.0,57525.35,Cash,Online
TXN-100268,2026-05-07 16:32:00,STR-101,CUST-5146,PRD-1010,4,24341.31,0.2,77892.19,UPI,Online
TXN-100269,2026-05-19 21:48:00,STR-100,CUST-5194,PRD-1049,5,12079.91,0.1,54359.6,Net Banking,Mobile App
TXN-100270,2026-06-17 20:15:00,STR-104,CUST-5008,PRD-1013,4,24637.91,0.0,98551.64,Net Banking,Online
TXN-100271,2026-01-31 20:51:00,STR-103,CUST-5053,PRD-1022,1,6988.83,0.15,5940.51,Cash,Mobile App
TXN-100272,2026-02-12 17:08:00,STR-112,CUST-5052,PRD-1022,5,6988.83,0.15,29702.53,Credit Card,In-Store
TXN-100273,2026-03-13 17:34:00,STR-102,CUST-5082,PRD-1036,3,22028.56,0.2,52868.54,Debit Card,Online
TXN-100274,2026-06-23 21:06:00,STR-102,CUST-5192,PRD-1036,3,22028.56,0.2,52868.54,Net Banking,In-Store
TXN-100275,2026-03-05 10:45:00,STR-105,CUST-5063,PRD-1017,2,11824.84,0.05,22467.2,Net Banking,Online
TXN-100276,2026-06-10 14:24:00,STR-107,CUST-5019,PRD-1009,5,20274.45,0.1,91235.03,UPI,Online
TXN-100277,2026-04-27 15:20:00,STR-109,CUST-5000,PRD-1032,3,19167.84,0.1,51753.17,UPI,Mobile App
TXN-100278,2026-05-17 14:13:00,STR-106,CUST-5054,PRD-1029,3,17201.59,0.0,51604.77,Net Banking,Online
TXN-100279,2026-05-21 17:08:00,STR-109,CUST-5124,PRD-1020,3,2120.69,0.1,5725.86,Debit Card,Mobile App
TXN-100280,2026-01-26 18:50:00,STR-113,CUST-5117,PRD-1048,1,13710.77,0.0,13710.77,UPI,In-Store
TXN-100281,2026-01-01 14:12:00,STR-111,CUST-5033,PRD-1010,4,24341.31,0.15,82760.45,Debit Card,In-Store
TXN-100282,2026-03-06 09:23:00,STR-110,CUST-5166,PRD-1017,1,11824.84,0.1,10642.36,Credit Card,In-Store
TXN-100283,2026-04-20 18:05:00,STR-111,CUST-5024,PRD-1025,3,12590.63,0.05,35883.3,UPI,In-Store
TXN-100284,2026-06-01 11:33:00,STR-110,CUST-5113,PRD-1030,1,3232.14,0.05,3070.53,UPI,In-Store
TXN-100285,2026-04-19 19:08:00,STR-107,CUST-5018,PRD-1044,3,2067.7,0.0,6203.1,Credit Card,Online
TXN-100286,2026-03-22 13:56:00,STR-104,CUST-5035,PRD-1005,1,11505.07,0.0,11505.07,Net Banking,In-Store
TXN-100287,2026-05-16 17:00:00,STR-109,CUST-5166,PRD-1041,2,23258.31,0.0,46516.62,Credit Card,Online
TXN-100288,2026-04-16 17:43:00,STR-107,CUST-5055,PRD-1022,2,6988.83,0.05,13278.78,UPI,In-Store
TXN-100289,2026-04-09 13:27:00,STR-105,CUST-5035,PRD-1008,1,2868.65,0.2,2294.92,Credit Card,Online
TXN-100290,2026-05-22 17:38:00,STR-111,CUST-5155,PRD-1041,1,23258.31,0.05,22095.39,Debit Card,Mobile App
TXN-100291,2026-05-13 17:32:00,STR-103,CUST-5191,PRD-1001,3,18543.28,0.05,52848.35,Net Banking,Online
TXN-100292,2026-05-07 14:07:00,STR-103,CUST-5127,PRD-1041,1,23258.31,0.05,22095.39,Cash,In-Store
TXN-100293,2026-03-23 10:24:00,STR-113,CUST-5145,PRD-1033,1,21120.74,0.1,19008.67,Net Banking,Online
TXN-100294,2026-01-19 08:37:00,STR-101,CUST-5003,PRD-1034,2,9660.26,0.15,16422.44,Debit Card,In-Store
TXN-100295,2026-05-10 12:40:00,STR-111,CUST-5128,PRD-1002,1,14966.66,0.15,12721.66,Net Banking,Online
TXN-100296,2026-06-13 16:34:00,STR-109,CUST-5039,PRD-1044,4,2067.7,0.0,8270.8,Debit Card,In-Store
TXN-100297,2026-02-22 20:09:00,STR-108,CUST-5083,PRD-1019,1,20633.99,0.2,16507.19,Net Banking,Mobile App
TXN-100298,2026-06-28 14:46:00,STR-113,CUST-5061,PRD-1040,1,6993.15,0.1,6293.84,UPI,In-Store
TXN-100299,2026-04-27 17:38:00,STR-100,CUST-5079,PRD-1005,4,11505.07,0.0,46020.28,Credit Card,In-Store
TXN-100300,2026-02-11 15:22:00,STR-108,CUST-5132,PRD-1000,2,1111.79,0.0,2223.58,Debit Card,In-Store
TXN-100301,2026-01-31 20:57:00,STR-100,CUST-5085,PRD-1023,2,6936.43,0.1,12485.57,Net Banking,Online
TXN-100302,2026-05-28 18:04:00,STR-107,CUST-5116,PRD-1033,1,21120.74,0.1,19008.67,Cash,Online
TXN-100303,2026-02-12 13:10:00,STR-104,CUST-5197,PRD-1003,4,6199.42,0.2,19838.14,UPI,Mobile App
TXN-100304,2026-05-11 08:02:00,STR-113,CUST-5003,PRD-1043,1,22540.44,0.05,21413.42,Credit Card,In-Store
TXN-100305,2026-02-08 10:59:00,STR-113,CUST-5009,PRD-1030,3,3232.14,0.15,8241.96,Cash,Mobile App
TXN-100306,2026-03-24 11:26:00,STR-114,CUST-5184,PRD-1047,4,13096.34,0.05,49766.09,Debit Card,Online
TXN-100307,2026-01-31 16:43:00,STR-114,CUST-5013,PRD-1004,5,18042.2,0.1,81189.9,Credit Card,In-Store
TXN-100308,2026-01-18 15:55:00,STR-104,CUST-5198,PRD-1033,1,21120.74,0.15,17952.63,Debit Card,Online
TXN-100309,2026-01-03 13:12:00,STR-104,CUST-5144,PRD-1005,5,11505.07,0.15,48896.55,Debit Card,Mobile App
TXN-100310,2026-04-05 17:31:00,STR-112,CUST-5198,PRD-1039,2,3644.72,0.15,6196.02,Credit Card,Mobile App
TXN-100311,2026-01-02 14:01:00,STR-103,CUST-5138,PRD-1034,2,9660.26,0.05,18354.49,Debit Card,Mobile App
TXN-100312,2026-01-01 20:42:00,STR-106,CUST-5188,PRD-1044,1,2067.7,0.1,1860.93,Debit Card,In-Store
TXN-100313,2026-04-18 15:03:00,STR-102,CUST-5182,PRD-1013,5,24637.91,0.05,117030.07,Debit Card,In-Store
TXN-100314,2026-04-16 19:57:00,STR-105,CUST-5117,PRD-1002,2,14966.66,0.2,23946.66,UPI,Mobile App
TXN-100315,2026-06-13 21:25:00,STR-101,CUST-5151,PRD-1006,5,17604.11,0.05,83619.52,Cash,In-Store
TXN-100316,2026-03-16 12:54:00,STR-105,CUST-5100,PRD-1027,2,2055.49,0.05,3905.43,Debit Card,Online
TXN-100317,2026-01-20 11:08:00,STR-112,CUST-5197,PRD-1028,3,6658.9,0.05,18977.86,Cash,In-Store
TXN-100318,2026-04-26 15:20:00,STR-106,CUST-5030,PRD-1009,1,20274.45,0.05,19260.73,Cash,Online
TXN-100319,2026-03-20 15:16:00,STR-113,CUST-5030,PRD-1049,2,12079.91,0.15,20535.85,UPI,In-Store
TXN-100320,2026-01-11 11:53:00,STR-113,CUST-5083,PRD-1043,3,22540.44,0.2,54097.06,Credit Card,In-Store
TXN-100321,2026-04-12 16:03:00,STR-110,CUST-5076,PRD-1045,2,14916.37,0.1,26849.47,Debit Card,In-Store
TXN-100322,2026-05-23 19:35:00,STR-103,CUST-5024,PRD-1001,4,18543.28,0.15,63047.15,Net Banking,In-Store
TXN-100323,2026-01-16 21:49:00,STR-103,CUST-5033,PRD-1008,1,2868.65,0.0,2868.65,Credit Card,Online
TXN-100324,2026-05-31 12:58:00,STR-113,CUST-5019,PRD-1023,1,6936.43,0.2,5549.14,UPI,In-Store
TXN-100325,2026-01-24 21:53:00,STR-112,CUST-5084,PRD-1012,4,5210.26,0.05,19798.99,UPI,In-Store
TXN-100326,2026-05-27 14:52:00,STR-111,CUST-5101,PRD-1029,1,17201.59,0.05,16341.51,Net Banking,In-Store
TXN-100327,2026-04-01 11:58:00,STR-102,CUST-5070,PRD-1024,4,9368.27,0.05,35599.43,Debit Card,Online
TXN-100328,2026-06-08 17:15:00,STR-110,CUST-5075,PRD-1009,1,20274.45,0.2,16219.56,Net Banking,Online
TXN-100329,2026-01-23 12:24:00,STR-102,CUST-5107,PRD-1035,4,15173.74,0.0,60694.96,Credit Card,Mobile App
TXN-100330,2026-01-05 14:50:00,STR-111,CUST-5091,PRD-1033,2,21120.74,0.2,33793.18,Net Banking,Mobile App
TXN-100331,2026-05-09 13:24:00,STR-104,CUST-5046,PRD-1031,3,23868.44,0.2,57284.26,UPI,Online
TXN-100332,2026-03-13 08:51:00,STR-107,CUST-5135,PRD-1038,2,18431.47,0.0,36862.94,Debit Card,Mobile App
TXN-100333,2026-03-05 18:15:00,STR-104,CUST-5136,PRD-1014,2,7309.63,0.0,14619.26,UPI,In-Store
TXN-100334,2026-02-14 10:15:00,STR-109,CUST-5081,PRD-1036,4,22028.56,0.1,79302.82,Debit Card,Mobile App
TXN-100335,2026-05-25 10:36:00,STR-103,CUST-5126,PRD-1001,3,18543.28,0.2,44503.87,Cash,Online
TXN-100336,2026-01-24 08:14:00,STR-109,CUST-5056,PRD-1011,4,20820.24,0.0,83280.96,UPI,Mobile App
TXN-100337,2026-06-07 11:51:00,STR-102,CUST-5087,PRD-1030,1,3232.14,0.1,2908.93,Credit Card,Online
TXN-100338,2026-05-31 19:58:00,STR-102,CUST-5198,PRD-1003,1,6199.42,0.05,5889.45,UPI,Mobile App
TXN-100339,2026-06-30 18:25:00,STR-109,CUST-5025,PRD-1023,1,6936.43,0.1,6242.79,Debit Card,Online
TXN-100340,2026-04-22 20:40:00,STR-107,CUST-5166,PRD-1020,2,2120.69,0.05,4029.31,Debit Card,In-Store
TXN-100341,2026-04-02 11:42:00,STR-109,CUST-5044,PRD-1045,5,14916.37,0.2,59665.48,Net Banking,Online
TXN-100342,2026-02-15 19:00:00,STR-111,CUST-5146,PRD-1046,3,2150.38,0.05,6128.58,Net Banking,Mobile App
TXN-100343,2026-03-23 20:39:00,STR-103,CUST-5163,PRD-1002,2,14966.66,0.2,23946.66,Cash,In-Store
TXN-100344,2026-01-20 11:22:00,STR-105,CUST-5042,PRD-1031,2,23868.44,0.1,42963.19,UPI,Mobile App
TXN-100345,2026-01-03 12:13:00,STR-103,CUST-5177,PRD-1042,3,10274.71,0.15,26200.51,UPI,Online
TXN-100346,2026-01-13 14:28:00,STR-111,CUST-5107,PRD-1016,1,15423.32,0.0,15423.32,Credit Card,Online
TXN-100347,2026-05-20 14:06:00,STR-113,CUST-5122,PRD-1031,4,23868.44,0.1,85926.38,Cash,Mobile App
TXN-100348,2026-04-26 09:51:00,STR-113,CUST-5008,PRD-1048,2,13710.77,0.05,26050.46,Debit Card,In-Store
TXN-100349,2026-01-19 13:10:00,STR-114,CUST-5096,PRD-1020,3,2120.69,0.0,6362.07,Credit Card,Mobile App
TXN-100350,2026-03-28 17:39:00,STR-114,CUST-5123,PRD-1004,5,18042.2,0.0,90211.0,UPI,Online
TXN-100351,2026-04-22 10:03:00,STR-101,CUST-5084,PRD-1041,2,23258.31,0.2,37213.3,Credit Card,In-Store
TXN-100352,2026-03-09 18:18:00,STR-104,CUST-5060,PRD-1026,5,15872.06,0.2,63488.24,UPI,In-Store
TXN-100353,2026-05-06 10:03:00,STR-105,CUST-5000,PRD-1025,5,12590.63,0.2,50362.52,Net Banking,In-Store
TXN-100354,2026-02-21 09:01:00,STR-103,CUST-5043,PRD-1018,5,17272.73,0.15,73409.1,Debit Card,In-Store
TXN-100355,2026-04-12 15:31:00,STR-114,CUST-5169,PRD-1030,1,3232.14,0.1,2908.93,Debit Card,In-Store
TXN-100356,2026-02-17 13:56:00,STR-106,CUST-5094,PRD-1041,5,23258.31,0.15,98847.82,Credit Card,Online
TXN-100357,2026-04-30 12:14:00,STR-113,CUST-5068,PRD-1002,3,14966.66,0.15,38164.98,Cash,In-Store
TXN-100358,2026-06-21 13:51:00,STR-108,CUST-5105,PRD-1009,1,20274.45,0.0,20274.45,Cash,In-Store
TXN-100359,2026-05-14 14:34:00,STR-110,CUST-5121,PRD-1035,1,15173.74,0.15,12897.68,Cash,In-Store
TXN-100360,2026-04-12 21:45:00,STR-100,CUST-5128,PRD-1030,3,3232.14,0.0,9696.42,Cash,Mobile App
TXN-100361,2026-01-31 20:28:00,STR-102,CUST-5042,PRD-1036,5,22028.56,0.05,104635.66,Credit Card,In-Store
TXN-100362,2026-01-21 18:27:00,STR-103,CUST-5160,PRD-1008,1,2868.65,0.15,2438.35,Credit Card,Mobile App
TXN-100363,2026-01-23 14:35:00,STR-106,CUST-5141,PRD-1016,3,15423.32,0.0,46269.96,Debit Card,Online
TXN-100364,2026-06-29 17:37:00,STR-108,CUST-5107,PRD-1033,4,21120.74,0.0,84482.96,UPI,Online
TXN-100365,2026-05-31 17:48:00,STR-101,CUST-5027,PRD-1009,2,20274.45,0.2,32439.12,Cash,In-Store
TXN-100366,2026-04-16 12:24:00,STR-110,CUST-5124,PRD-1018,5,17272.73,0.1,77727.29,Cash,Mobile App
TXN-100367,2026-03-12 14:09:00,STR-109,CUST-5155,PRD-1030,1,3232.14,0.05,3070.53,Net Banking,In-Store
TXN-100368,2026-01-13 19:30:00,STR-114,CUST-5068,PRD-1025,3,12590.63,0.05,35883.3,Debit Card,In-Store
TXN-100369,2026-03-13 21:31:00,STR-113,CUST-5178,PRD-1021,3,5708.56,0.1,15413.11,UPI,In-Store
TXN-100370,2026-03-24 12:46:00,STR-106,CUST-5154,PRD-1008,3,2868.65,0.15,7315.06,UPI,In-Store
TXN-100371,2026-05-05 20:33:00,STR-113,CUST-5095,PRD-1028,2,6658.9,0.15,11320.13,UPI,Mobile App
TXN-100372,2026-05-10 14:08:00,STR-112,CUST-5134,PRD-1010,1,24341.31,0.1,21907.18,Cash,In-Store
TXN-100373,2026-01-15 11:02:00,STR-107,CUST-5012,PRD-1011,2,20820.24,0.05,39558.46,Debit Card,Mobile App
TXN-100374,2026-04-29 16:25:00,STR-110,CUST-5031,PRD-1012,3,5210.26,0.1,14067.7,UPI,In-Store
TXN-100375,2026-04-25 10:55:00,STR-107,CUST-5150,PRD-1023,4,6936.43,0.2,22196.58,Cash,Online
TXN-100376,2026-06-26 09:18:00,STR-100,CUST-5098,PRD-1022,2,6988.83,0.1,12579.89,UPI,In-Store
TXN-100377,2026-06-15 11:43:00,STR-103,CUST-5068,PRD-1036,2,22028.56,0.05,41854.26,Net Banking,Mobile App
TXN-100378,2026-02-03 18:11:00,STR-109,CUST-5002,PRD-1001,1,18543.28,0.15,15761.79,Credit Card,Online
TXN-100379,2026-04-19 14:54:00,STR-105,CUST-5117,PRD-1038,3,18431.47,0.1,49764.97,Debit Card,In-Store
TXN-100380,2026-06-09 14:37:00,STR-101,CUST-5001,PRD-1029,3,17201.59,0.2,41283.82,Cash,Mobile App
TXN-100381,2026-06-05 12:19:00,STR-110,CUST-5027,PRD-1023,5,6936.43,0.2,27745.72,Net Banking,In-Store
TXN-100382,2026-03-12 12:41:00,STR-111,CUST-5166,PRD-1021,3,5708.56,0.1,15413.11,Debit Card,In-Store
TXN-100383,2026-01-15 20:54:00,STR-112,CUST-5153,PRD-1009,5,20274.45,0.05,96303.64,Net Banking,Mobile App
TXN-100384,2026-06-17 15:18:00,STR-104,CUST-5107,PRD-1020,2,2120.69,0.0,4241.38,Net Banking,Online
TXN-100385,2026-05-27 21:12:00,STR-105,CUST-5185,PRD-1047,1,13096.34,0.2,10477.07,Credit Card,Mobile App
TXN-100386,2026-05-10 12:54:00,STR-102,CUST-5168,PRD-1034,4,9660.26,0.1,34776.94,Cash,In-Store
TXN-100387,2026-02-02 19:16:00,STR-111,CUST-5143,PRD-1018,1,17272.73,0.15,14681.82,Credit Card,Mobile App
TXN-100388,2026-04-01 11:47:00,STR-113,CUST-5078,PRD-1021,1,5708.56,0.05,5423.13,Net Banking,Online
TXN-100389,2026-03-17 15:54:00,STR-101,CUST-5120,PRD-1023,3,6936.43,0.2,16647.43,UPI,Mobile App
TXN-100390,2026-01-19 15:56:00,STR-103,CUST-5128,PRD-1037,5,1918.22,0.2,7672.88,UPI,Mobile App
TXN-100391,2026-04-16 08:55:00,STR-113,CUST-5038,PRD-1024,5,9368.27,0.1,42157.22,Credit Card,In-Store
TXN-100392,2026-04-28 10:20:00,STR-113,CUST-5183,PRD-1021,4,5708.56,0.2,18267.39,Credit Card,In-Store
TXN-100393,2026-03-22 18:03:00,STR-100,CUST-5115,PRD-1031,3,23868.44,0.05,68025.05,Debit Card,In-Store
TXN-100394,2026-02-10 15:50:00,STR-112,CUST-5199,PRD-1048,2,13710.77,0.2,21937.23,UPI,In-Store
TXN-100395,2026-04-14 14:30:00,STR-106,CUST-5001,PRD-1039,4,3644.72,0.15,12392.05,UPI,Mobile App
TXN-100396,2026-03-24 20:53:00,STR-108,CUST-5048,PRD-1012,3,5210.26,0.0,15630.78,UPI,Mobile App
TXN-100397,2026-06-27 13:19:00,STR-102,CUST-5026,PRD-1000,2,1111.79,0.05,2112.4,Net Banking,Mobile App
TXN-100398,2026-01-17 21:02:00,STR-104,CUST-5074,PRD-1037,3,1918.22,0.05,5466.93,Net Banking,Mobile App
TXN-100399,2026-03-28 14:56:00,STR-110,CUST-5034,PRD-1033,5,21120.74,0.2,84482.96,Debit Card,Online
TXN-100400,2026-04-14 08:14:00,STR-103,CUST-5186,PRD-1022,2,6988.83,0.05,13278.78,Credit Card,In-Store
TXN-100401,2026-05-10 10:07:00,STR-105,CUST-5182,PRD-1046,1,2150.38,0.2,1720.3,UPI,Online
TXN-100402,2026-06-09 08:38:00,STR-100,CUST-5169,PRD-1040,3,6993.15,0.2,16783.56,UPI,Mobile App
TXN-100403,2026-04-17 15:24:00,STR-101,CUST-5140,PRD-1001,1,18543.28,0.0,18543.28,Debit Card,Online
TXN-100404,2026-06-27 18:40:00,STR-100,CUST-5077,PRD-1044,2,2067.7,0.05,3928.63,Net Banking,Mobile App
TXN-100405,2026-06-09 17:44:00,STR-102,CUST-5107,PRD-1006,5,17604.11,0.1,79218.5,UPI,Mobile App
TXN-100406,2026-03-14 09:50:00,STR-101,CUST-5127,PRD-1046,5,2150.38,0.0,10751.9,Credit Card,Mobile App
TXN-100407,2026-02-21 13:45:00,STR-106,CUST-5075,PRD-1012,3,5210.26,0.2,12504.62,Credit Card,In-Store
TXN-100408,2026-06-26 15:21:00,STR-103,CUST-5000,PRD-1035,4,15173.74,0.05,57660.21,UPI,Mobile App
TXN-100409,2026-06-21 15:09:00,STR-101,CUST-5199,PRD-1005,1,11505.07,0.2,9204.06,Cash,In-Store
TXN-100410,2026-06-14 11:29:00,STR-104,CUST-5067,PRD-1046,1,2150.38,0.1,1935.34,Net Banking,In-Store
TXN-100411,2026-03-16 13:51:00,STR-110,CUST-5080,PRD-1006,2,17604.11,0.0,35208.22,Net Banking,Mobile App
TXN-100412,2026-01-03 21:08:00,STR-110,CUST-5165,PRD-1007,1,23951.68,0.0,23951.68,Credit Card,Online
TXN-100413,2026-03-10 19:05:00,STR-105,CUST-5087,PRD-1022,4,6988.83,0.2,22364.26,Credit Card,In-Store
TXN-100414,2026-03-11 21:24:00,STR-111,CUST-5122,PRD-1025,4,12590.63,0.15,42808.14,Net Banking,Mobile App
TXN-100415,2026-06-28 19:03:00,STR-113,CUST-5040,PRD-1010,1,24341.31,0.05,23124.24,UPI,Online
TXN-100416,2026-06-23 15:11:00,STR-109,CUST-5097,PRD-1037,4,1918.22,0.2,6138.3,Debit Card,Mobile App
TXN-100417,2026-05-05 09:56:00,STR-106,CUST-5112,PRD-1001,2,18543.28,0.15,31523.58,UPI,In-Store
TXN-100418,2026-06-30 21:43:00,STR-108,CUST-5196,PRD-1016,3,15423.32,0.0,46269.96,Cash,Mobile App
TXN-100419,2026-05-13 16:44:00,STR-111,CUST-5158,PRD-1036,2,22028.56,0.1,39651.41,UPI,Online
TXN-100420,2026-03-30 18:43:00,STR-110,CUST-5098,PRD-1042,2,10274.71,0.15,17467.01,Credit Card,Mobile App
TXN-100421,2026-06-14 10:32:00,STR-113,CUST-5120,PRD-1039,1,3644.72,0.0,3644.72,Net Banking,In-Store
TXN-100422,2026-03-03 13:17:00,STR-100,CUST-5129,PRD-1004,4,18042.2,0.1,64951.92,Credit Card,Mobile App
TXN-100423,2026-03-02 09:29:00,STR-107,CUST-5146,PRD-1041,4,23258.31,0.15,79078.25,Net Banking,In-Store
TXN-100424,2026-01-31 15:47:00,STR-110,CUST-5004,PRD-1031,4,23868.44,0.1,85926.38,UPI,Online
TXN-100425,2026-05-21 08:52:00,STR-101,CUST-5154,PRD-1026,1,15872.06,0.2,12697.65,Cash,Mobile App
TXN-100426,2026-02-22 18:42:00,STR-107,CUST-5087,PRD-1019,5,20633.99,0.2,82535.96,Debit Card,In-Store
TXN-100427,2026-05-24 20:39:00,STR-109,CUST-5121,PRD-1014,4,7309.63,0.1,26314.67,Debit Card,Mobile App
TXN-100428,2026-06-18 11:00:00,STR-105,CUST-5090,PRD-1028,1,6658.9,0.0,6658.9,Debit Card,Mobile App
TXN-100429,2026-01-12 10:31:00,STR-102,CUST-5183,PRD-1033,3,21120.74,0.0,63362.22,Net Banking,In-Store
TXN-100430,2026-02-18 09:59:00,STR-113,CUST-5100,PRD-1016,5,15423.32,0.05,73260.77,Credit Card,Online
TXN-100431,2026-04-17 08:59:00,STR-110,CUST-5172,PRD-1012,3,5210.26,0.0,15630.78,Cash,In-Store
TXN-100432,2026-06-18 17:32:00,STR-102,CUST-5127,PRD-1049,4,12079.91,0.15,41071.69,UPI,Mobile App
TXN-100433,2026-04-21 21:37:00,STR-107,CUST-5130,PRD-1047,1,13096.34,0.2,10477.07,Credit Card,Mobile App
TXN-100434,2026-01-27 14:42:00,STR-109,CUST-5155,PRD-1037,2,1918.22,0.05,3644.62,Debit Card,Mobile App
TXN-100435,2026-06-27 20:15:00,STR-104,CUST-5101,PRD-1024,4,9368.27,0.2,29978.46,Debit Card,Online
TXN-100436,2026-04-16 17:44:00,STR-114,CUST-5191,PRD-1028,2,6658.9,0.05,12651.91,Cash,Online
TXN-100437,2026-05-22 18:13:00,STR-103,CUST-5053,PRD-1044,5,2067.7,0.1,9304.65,Cash,Mobile App
TXN-100438,2026-06-16 10:32:00,STR-108,CUST-5177,PRD-1018,3,17272.73,0.05,49227.28,Debit Card,Mobile App
TXN-100439,2026-05-03 17:36:00,STR-110,CUST-5181,PRD-1007,3,23951.68,0.2,57484.03,Net Banking,Mobile App
TXN-100440,2026-04-19 20:00:00,STR-108,CUST-5027,PRD-1047,5,13096.34,0.1,58933.53,UPI,Online
TXN-100441,2026-02-21 12:48:00,STR-112,CUST-5041,PRD-1009,1,20274.45,0.0,20274.45,Debit Card,Mobile App
TXN-100442,2026-06-26 20:18:00,STR-103,CUST-5192,PRD-1016,2,15423.32,0.0,30846.64,Cash,In-Store
TXN-100443,2026-06-07 21:43:00,STR-111,CUST-5143,PRD-1022,4,6988.83,0.0,27955.32,Credit Card,Mobile App
TXN-100444,2026-03-02 16:50:00,STR-112,CUST-5178,PRD-1041,5,23258.31,0.15,98847.82,Debit Card,Mobile App
TXN-100445,2026-04-10 14:50:00,STR-110,CUST-5080,PRD-1042,1,10274.71,0.15,8733.5,Cash,In-Store
TXN-100446,2026-06-08 21:49:00,STR-113,CUST-5113,PRD-1000,3,1111.79,0.05,3168.6,Credit Card,Mobile App
TXN-100447,2026-05-20 19:38:00,STR-103,CUST-5198,PRD-1045,3,14916.37,0.2,35799.29,Credit Card,Online
TXN-100448,2026-02-17 10:47:00,STR-108,CUST-5030,PRD-1028,2,6658.9,0.0,13317.8,Net Banking,In-Store
TXN-100449,2026-03-09 10:10:00,STR-109,CUST-5065,PRD-1027,3,2055.49,0.2,4933.18,UPI,Online
TXN-100450,2026-02-09 13:38:00,STR-100,CUST-5198,PRD-1029,2,17201.59,0.0,34403.18,Cash,Mobile App
TXN-100451,2026-05-21 13:04:00,STR-112,CUST-5181,PRD-1019,4,20633.99,0.2,66028.77,Debit Card,Mobile App
TXN-100452,2026-01-18 20:32:00,STR-102,CUST-5106,PRD-1014,2,7309.63,0.2,11695.41,Cash,Mobile App
TXN-100453,2026-02-26 11:42:00,STR-105,CUST-5084,PRD-1025,1,12590.63,0.1,11331.57,Debit Card,Online
TXN-100454,2026-05-02 16:52:00,STR-112,CUST-5166,PRD-1013,5,24637.91,0.2,98551.64,UPI,In-Store
TXN-100455,2026-03-03 18:39:00,STR-114,CUST-5159,PRD-1042,3,10274.71,0.15,26200.51,Credit Card,In-Store
TXN-100456,2026-01-30 14:16:00,STR-108,CUST-5185,PRD-1043,3,22540.44,0.15,57478.12,Debit Card,In-Store
TXN-100457,2026-05-11 15:31:00,STR-100,CUST-5075,PRD-1033,3,21120.74,0.2,50689.78,Credit Card,Online
TXN-100458,2026-02-12 20:34:00,STR-108,CUST-5001,PRD-1032,1,19167.84,0.0,19167.84,UPI,In-Store
TXN-100459,2026-01-27 11:34:00,STR-113,CUST-5179,PRD-1042,2,10274.71,0.15,17467.01,Net Banking,Mobile App
TXN-100460,2026-04-28 19:21:00,STR-100,CUST-5022,PRD-1004,2,18042.2,0.0,36084.4,UPI,In-Store
TXN-100461,2026-01-19 17:52:00,STR-103,CUST-5066,PRD-1011,3,20820.24,0.2,49968.58,Net Banking,Online
TXN-100462,2026-03-22 08:24:00,STR-110,CUST-5030,PRD-1028,4,6658.9,0.15,22640.26,Cash,In-Store
TXN-100463,2026-05-30 08:44:00,STR-113,CUST-5018,PRD-1041,5,23258.31,0.0,116291.55,Debit Card,Mobile App
TXN-100464,2026-06-05 09:18:00,STR-112,CUST-5112,PRD-1006,3,17604.11,0.1,47531.1,Net Banking,Online
TXN-100465,2026-02-10 16:14:00,STR-102,CUST-5191,PRD-1042,1,10274.71,0.15,8733.5,Net Banking,Mobile App
TXN-100466,2026-06-23 20:55:00,STR-111,CUST-5165,PRD-1018,2,17272.73,0.1,31090.91,Debit Card,In-Store
TXN-100467,2026-02-01 08:00:00,STR-109,CUST-5152,PRD-1035,5,15173.74,0.05,72075.26,Net Banking,Mobile App
TXN-100468,2026-02-23 19:47:00,STR-114,CUST-5185,PRD-1035,1,15173.74,0.1,13656.37,Debit Card,In-Store
TXN-100469,2026-02-11 10:14:00,STR-109,CUST-5064,PRD-1026,5,15872.06,0.05,75392.29,Credit Card,In-Store
TXN-100470,2026-05-21 15:41:00,STR-108,CUST-5018,PRD-1011,5,20820.24,0.0,104101.2,Debit Card,Mobile App
TXN-100471,2026-02-20 19:37:00,STR-107,CUST-5084,PRD-1004,3,18042.2,0.0,54126.6,Debit Card,In-Store
TXN-100472,2026-03-14 17:04:00,STR-114,CUST-5049,PRD-1042,2,10274.71,0.0,20549.42,Debit Card,Online
TXN-100473,2026-06-18 12:44:00,STR-109,CUST-5039,PRD-1028,3,6658.9,0.2,15981.36,Cash,Mobile App
TXN-100474,2026-02-13 08:20:00,STR-103,CUST-5056,PRD-1023,3,6936.43,0.15,17687.9,Net Banking,Online
TXN-100475,2026-05-03 15:28:00,STR-105,CUST-5198,PRD-1023,2,6936.43,0.1,12485.57,Debit Card,Online
TXN-100476,2026-06-15 17:05:00,STR-113,CUST-5071,PRD-1035,1,15173.74,0.05,14415.05,Credit Card,Mobile App
TXN-100477,2026-01-20 08:54:00,STR-108,CUST-5161,PRD-1012,3,5210.26,0.0,15630.78,UPI,Mobile App
TXN-100478,2026-02-24 08:35:00,STR-104,CUST-5139,PRD-1037,4,1918.22,0.2,6138.3,Cash,Online
TXN-100479,2026-04-11 11:57:00,STR-112,CUST-5150,PRD-1041,2,23258.31,0.1,41864.96,Debit Card,In-Store
TXN-100480,2026-01-24 14:23:00,STR-108,CUST-5002,PRD-1029,5,17201.59,0.2,68806.36,Credit Card,Mobile App
TXN-100481,2026-02-05 15:10:00,STR-102,CUST-5144,PRD-1043,2,22540.44,0.2,36064.7,Cash,Mobile App
TXN-100482,2026-01-11 11:48:00,STR-107,CUST-5059,PRD-1009,4,20274.45,0.1,72988.02,UPI,Online
TXN-100483,2026-06-21 11:33:00,STR-114,CUST-5092,PRD-1023,2,6936.43,0.0,13872.86,Net Banking,Online
TXN-100484,2026-06-16 13:06:00,STR-111,CUST-5133,PRD-1029,1,17201.59,0.0,17201.59,Debit Card,Mobile App
TXN-100485,2026-05-26 10:24:00,STR-110,CUST-5096,PRD-1016,5,15423.32,0.2,61693.28,Debit Card,Mobile App
TXN-100486,2026-03-06 14:58:00,STR-103,CUST-5132,PRD-1041,1,23258.31,0.2,18606.65,Net Banking,Online
TXN-100487,2026-06-04 08:32:00,STR-114,CUST-5035,PRD-1022,4,6988.83,0.15,23762.02,Net Banking,In-Store
TXN-100488,2026-06-14 12:13:00,STR-102,CUST-5047,PRD-1014,1,7309.63,0.2,5847.7,Credit Card,Online
TXN-100489,2026-04-17 20:21:00,STR-111,CUST-5029,PRD-1038,1,18431.47,0.05,17509.9,Net Banking,Mobile App
TXN-100490,2026-06-01 10:41:00,STR-113,CUST-5105,PRD-1030,4,3232.14,0.05,12282.13,UPI,In-Store
TXN-100491,2026-06-01 10:08:00,STR-110,CUST-5131,PRD-1002,2,14966.66,0.2,23946.66,UPI,Mobile App
TXN-100492,2026-03-08 10:33:00,STR-106,CUST-5153,PRD-1009,1,20274.45,0.05,19260.73,Cash,Mobile App
TXN-100493,2026-02-25 15:38:00,STR-107,CUST-5123,PRD-1001,3,18543.28,0.0,55629.84,Credit Card,In-Store
TXN-100494,2026-05-30 21:49:00,STR-102,CUST-5159,PRD-1026,5,15872.06,0.05,75392.29,Cash,Online
TXN-100495,2026-06-02 17:04:00,STR-103,CUST-5096,PRD-1010,3,24341.31,0.15,62070.34,Net Banking,In-Store
TXN-100496,2026-05-14 21:58:00,STR-108,CUST-5175,PRD-1006,1,17604.11,0.05,16723.9,Net Banking,In-Store
TXN-100497,2026-05-02 17:38:00,STR-100,CUST-5136,PRD-1038,1,18431.47,0.05,17509.9,Cash,In-Store
TXN-100498,2026-06-04 16:52:00,STR-100,CUST-5198,PRD-1005,4,11505.07,0.05,43719.27,Net Banking,Mobile App
TXN-100499,2026-06-28 16:27:00,STR-103,CUST-5123,PRD-1026,3,15872.06,0.0,47616.18,Net Banking,Online
TXN-100500,2026-04-19 10:16:00,STR-107,CUST-5196,PRD-1037,5,1918.22,0.0,9591.1,Credit Card,In-Store
TXN-100501,2026-04-15 12:12:00,STR-100,CUST-5181,PRD-1018,5,17272.73,0.2,69090.92,UPI,Mobile App
TXN-100502,2026-01-02 14:41:00,STR-103,CUST-5176,PRD-1033,1,21120.74,0.2,16896.59,Debit Card,Online
TXN-100503,2026-04-20 18:37:00,STR-104,CUST-5066,PRD-1023,1,6936.43,0.05,6589.61,Cash,Online
TXN-100504,2026-03-12 18:25:00,STR-112,CUST-5052,PRD-1036,3,22028.56,0.2,52868.54,Net Banking,Mobile App
TXN-100505,2026-04-05 16:35:00,STR-107,CUST-5064,PRD-1035,4,15173.74,0.05,57660.21,Debit Card,Mobile App
TXN-100506,2026-06-18 09:47:00,STR-103,CUST-5114,PRD-1022,4,6988.83,0.05,26557.55,Credit Card,In-Store
TXN-100507,2026-03-28 20:35:00,STR-109,CUST-5178,PRD-1013,5,24637.91,0.15,104711.12,UPI,In-Store
TXN-100508,2026-02-07 15:59:00,STR-109,CUST-5111,PRD-1024,1,9368.27,0.0,9368.27,UPI,In-Store
TXN-100509,2026-01-21 17:02:00,STR-111,CUST-5098,PRD-1016,2,15423.32,0.1,27761.98,Net Banking,Mobile App
TXN-100510,2026-06-02 08:49:00,STR-113,CUST-5044,PRD-1041,5,23258.31,0.1,104662.4,Net Banking,Online
TXN-100511,2026-03-15 11:02:00,STR-112,CUST-5153,PRD-1000,2,1111.79,0.2,1778.86,Cash,Mobile App
TXN-100512,2026-02-13 18:02:00,STR-105,CUST-5061,PRD-1044,2,2067.7,0.2,3308.32,UPI,In-Store
TXN-100513,2026-04-01 18:25:00,STR-106,CUST-5150,PRD-1005,3,11505.07,0.15,29337.93,Credit Card,Mobile App
TXN-100514,2026-05-21 12:46:00,STR-113,CUST-5143,PRD-1000,1,1111.79,0.0,1111.79,Cash,Online
TXN-100515,2026-06-05 11:29:00,STR-114,CUST-5103,PRD-1022,3,6988.83,0.05,19918.17,Cash,In-Store
TXN-100516,2026-05-10 09:35:00,STR-101,CUST-5128,PRD-1016,2,15423.32,0.15,26219.64,Debit Card,Online
TXN-100517,2026-05-18 21:50:00,STR-109,CUST-5064,PRD-1007,5,23951.68,0.1,107782.56,Net Banking,Online
TXN-100518,2026-03-28 20:29:00,STR-110,CUST-5117,PRD-1036,4,22028.56,0.05,83708.53,Cash,In-Store
TXN-100519,2026-01-18 14:40:00,STR-112,CUST-5056,PRD-1030,1,3232.14,0.1,2908.93,Credit Card,Online
TXN-100520,2026-05-18 08:44:00,STR-113,CUST-5067,PRD-1026,3,15872.06,0.2,38092.94,Credit Card,Online
TXN-100521,2026-01-20 16:59:00,STR-102,CUST-5121,PRD-1005,4,11505.07,0.1,41418.25,Debit Card,Online
TXN-100522,2026-02-16 19:43:00,STR-114,CUST-5048,PRD-1013,5,24637.91,0.1,110870.6,Net Banking,Mobile App
TXN-100523,2026-03-09 11:14:00,STR-103,CUST-5063,PRD-1012,2,5210.26,0.05,9899.49,Cash,Online
TXN-100524,2026-01-21 18:42:00,STR-107,CUST-5157,PRD-1009,1,20274.45,0.0,20274.45,UPI,Mobile App
TXN-100525,2026-06-08 13:31:00,STR-114,CUST-5147,PRD-1002,4,14966.66,0.1,53879.98,Debit Card,Online
TXN-100526,2026-04-12 11:48:00,STR-109,CUST-5032,PRD-1011,5,20820.24,0.1,93691.08,UPI,Mobile App
TXN-100527,2026-01-09 16:22:00,STR-106,CUST-5175,PRD-1027,4,2055.49,0.2,6577.57,Credit Card,Online
TXN-100528,2026-03-22 19:00:00,STR-100,CUST-5172,PRD-1007,5,23951.68,0.15,101794.64,Credit Card,Online
TXN-100529,2026-04-03 17:55:00,STR-104,CUST-5047,PRD-1037,1,1918.22,0.1,1726.4,Cash,Online
TXN-100530,2026-06-06 13:23:00,STR-102,CUST-5127,PRD-1015,3,9568.8,0.15,24400.44,Net Banking,In-Store
TXN-100531,2026-04-13 12:28:00,STR-102,CUST-5146,PRD-1026,3,15872.06,0.1,42854.56,Credit Card,Mobile App
TXN-100532,2026-03-11 20:15:00,STR-108,CUST-5110,PRD-1043,2,22540.44,0.0,45080.88,Net Banking,In-Store
TXN-100533,2026-01-03 10:26:00,STR-107,CUST-5034,PRD-1009,2,20274.45,0.15,34466.57,Cash,Mobile App
TXN-100534,2026-03-18 12:35:00,STR-113,CUST-5145,PRD-1046,3,2150.38,0.15,5483.47,UPI,Online
TXN-100535,2026-02-25 21:16:00,STR-107,CUST-5161,PRD-1006,2,17604.11,0.0,35208.22,UPI,Online
TXN-100536,2026-04-03 13:35:00,STR-108,CUST-5065,PRD-1047,3,13096.34,0.1,35360.12,Debit Card,In-Store
TXN-100537,2026-06-23 17:12:00,STR-109,CUST-5147,PRD-1026,1,15872.06,0.1,14284.85,Cash,In-Store
TXN-100538,2026-03-25 18:32:00,STR-107,CUST-5198,PRD-1049,3,12079.91,0.1,32615.76,Net Banking,In-Store
TXN-100539,2026-04-29 18:09:00,STR-113,CUST-5042,PRD-1024,5,9368.27,0.1,42157.22,Debit Card,Online
TXN-100540,2026-04-14 21:58:00,STR-101,CUST-5020,PRD-1040,5,6993.15,0.2,27972.6,Credit Card,Online
TXN-100541,2026-06-17 12:45:00,STR-104,CUST-5154,PRD-1014,3,7309.63,0.1,19736.0,Net Banking,Online
TXN-100542,2026-05-14 15:26:00,STR-102,CUST-5047,PRD-1028,3,6658.9,0.2,15981.36,UPI,In-Store
TXN-100543,2026-06-29 19:05:00,STR-103,CUST-5042,PRD-1046,2,2150.38,0.1,3870.68,Net Banking,In-Store
TXN-100544,2026-05-21 08:01:00,STR-112,CUST-5101,PRD-1006,1,17604.11,0.15,14963.49,Cash,In-Store
TXN-100545,2026-02-09 09:41:00,STR-114,CUST-5099,PRD-1006,3,17604.11,0.2,42249.86,Debit Card,In-Store
TXN-100546,2026-06-10 10:08:00,STR-108,CUST-5043,PRD-1015,3,9568.8,0.15,24400.44,UPI,In-Store
TXN-100547,2026-05-02 15:55:00,STR-108,CUST-5069,PRD-1042,3,10274.71,0.1,27741.72,Cash,Online
TXN-100548,2026-06-01 17:29:00,STR-110,CUST-5191,PRD-1008,5,2868.65,0.05,13626.09,Cash,Online
TXN-100549,2026-03-30 15:34:00,STR-103,CUST-5022,PRD-1033,5,21120.74,0.1,95043.33,Net Banking,Online
TXN-100550,2026-02-09 12:00:00,STR-100,CUST-5133,PRD-1023,4,6936.43,0.1,24971.15,Credit Card,Online
TXN-100551,2026-01-03 19:59:00,STR-107,CUST-5193,PRD-1018,4,17272.73,0.2,55272.74,Net Banking,Online
TXN-100552,2026-06-02 11:50:00,STR-100,CUST-5140,PRD-1000,4,1111.79,0.1,4002.44,Debit Card,In-Store
TXN-100553,2026-04-12 11:10:00,STR-111,CUST-5188,PRD-1026,5,15872.06,0.15,67456.26,Net Banking,Online
TXN-100554,2026-04-19 18:15:00,STR-108,CUST-5195,PRD-1014,3,7309.63,0.0,21928.89,Cash,Mobile App
TXN-100555,2026-06-16 19:34:00,STR-112,CUST-5068,PRD-1043,3,22540.44,0.1,60859.19,Net Banking,In-Store
TXN-100556,2026-03-16 09:40:00,STR-107,CUST-5158,PRD-1004,2,18042.2,0.05,34280.18,Net Banking,Online
TXN-100557,2026-02-18 13:01:00,STR-102,CUST-5012,PRD-1044,5,2067.7,0.15,8787.73,Cash,In-Store
TXN-100558,2026-03-10 10:45:00,STR-107,CUST-5186,PRD-1011,1,20820.24,0.1,18738.22,UPI,In-Store
TXN-100559,2026-05-07 11:21:00,STR-106,CUST-5079,PRD-1005,2,11505.07,0.0,23010.14,Net Banking,Online
TXN-100560,2026-01-21 21:48:00,STR-102,CUST-5014,PRD-1029,1,17201.59,0.1,15481.43,Debit Card,Online
TXN-100561,2026-02-16 11:57:00,STR-113,CUST-5064,PRD-1004,5,18042.2,0.15,76679.35,Net Banking,In-Store
TXN-100562,2026-04-24 11:47:00,STR-100,CUST-5050,PRD-1007,2,23951.68,0.15,40717.86,Net Banking,Mobile App
TXN-100563,2026-06-20 11:30:00,STR-106,CUST-5174,PRD-1049,1,12079.91,0.2,9663.93,Debit Card,Online
TXN-100564,2026-05-14 09:16:00,STR-107,CUST-5163,PRD-1010,1,24341.31,0.2,19473.05,Debit Card,In-Store
TXN-100565,2026-01-29 11:40:00,STR-106,CUST-5083,PRD-1023,1,6936.43,0.05,6589.61,UPI,In-Store
TXN-100566,2026-04-12 20:15:00,STR-100,CUST-5010,PRD-1017,5,11824.84,0.0,59124.2,Cash,Mobile App
TXN-100567,2026-04-06 20:05:00,STR-103,CUST-5040,PRD-1030,5,3232.14,0.05,15352.66,Net Banking,In-Store
TXN-100568,2026-06-10 08:03:00,STR-105,CUST-5165,PRD-1043,5,22540.44,0.1,101431.98,Credit Card,Mobile App
TXN-100569,2026-05-05 11:20:00,STR-108,CUST-5165,PRD-1034,1,9660.26,0.05,9177.25,Debit Card,Online
TXN-100570,2026-06-26 14:22:00,STR-111,CUST-5034,PRD-1046,2,2150.38,0.0,4300.76,Debit Card,In-Store
TXN-100571,2026-03-17 16:44:00,STR-107,CUST-5048,PRD-1031,4,23868.44,0.2,76379.01,Cash,In-Store
TXN-100572,2026-04-30 12:55:00,STR-113,CUST-5153,PRD-1034,3,9660.26,0.1,26082.7,Cash,In-Store
TXN-100573,2026-04-26 12:52:00,STR-104,CUST-5138,PRD-1004,5,18042.2,0.05,85700.45,Debit Card,Online
TXN-100574,2026-02-17 08:39:00,STR-113,CUST-5093,PRD-1000,5,1111.79,0.15,4725.11,Cash,In-Store
TXN-100575,2026-04-10 11:33:00,STR-110,CUST-5127,PRD-1020,1,2120.69,0.2,1696.55,Cash,In-Store
TXN-100576,2026-04-15 18:20:00,STR-101,CUST-5024,PRD-1039,3,3644.72,0.1,9840.74,Cash,Mobile App
TXN-100577,2026-02-15 21:02:00,STR-103,CUST-5027,PRD-1004,1,18042.2,0.05,17140.09,Net Banking,In-Store
TXN-100578,2026-06-14 21:24:00,STR-110,CUST-5125,PRD-1006,1,17604.11,0.2,14083.29,Cash,Mobile App
TXN-100579,2026-01-13 13:14:00,STR-109,CUST-5183,PRD-1044,5,2067.7,0.1,9304.65,UPI,In-Store
TXN-100580,2026-04-30 20:40:00,STR-100,CUST-5092,PRD-1013,4,24637.91,0.0,98551.64,Cash,Mobile App
TXN-100581,2026-06-07 12:33:00,STR-100,CUST-5187,PRD-1026,3,15872.06,0.0,47616.18,UPI,Online
TXN-100582,2026-01-25 09:46:00,STR-103,CUST-5136,PRD-1004,2,18042.2,0.2,28867.52,Net Banking,In-Store
TXN-100583,2026-05-26 18:11:00,STR-108,CUST-5191,PRD-1012,5,5210.26,0.05,24748.74,Cash,Online
TXN-100584,2026-04-02 18:29:00,STR-111,CUST-5170,PRD-1047,1,13096.34,0.2,10477.07,Net Banking,In-Store
TXN-100585,2026-04-13 16:21:00,STR-110,CUST-5040,PRD-1010,2,24341.31,0.2,38946.1,Cash,Mobile App
TXN-100586,2026-05-21 13:54:00,STR-105,CUST-5105,PRD-1028,3,6658.9,0.1,17979.03,Net Banking,Mobile App
TXN-100587,2026-05-25 16:13:00,STR-106,CUST-5196,PRD-1020,5,2120.69,0.05,10073.28,Cash,Mobile App
TXN-100588,2026-04-25 14:00:00,STR-111,CUST-5008,PRD-1016,3,15423.32,0.15,39329.47,Debit Card,Mobile App
TXN-100589,2026-03-19 08:19:00,STR-103,CUST-5054,PRD-1001,5,18543.28,0.05,88080.58,Debit Card,In-Store
TXN-100590,2026-05-11 16:36:00,STR-114,CUST-5146,PRD-1049,3,12079.91,0.2,28991.78,Credit Card,In-Store
TXN-100591,2026-02-09 10:16:00,STR-105,CUST-5149,PRD-1002,4,14966.66,0.1,53879.98,Credit Card,In-Store
TXN-100592,2026-05-27 14:36:00,STR-114,CUST-5055,PRD-1016,3,15423.32,0.0,46269.96,UPI,Mobile App
TXN-100593,2026-05-05 21:57:00,STR-111,CUST-5179,PRD-1020,4,2120.69,0.05,8058.62,Cash,In-Store
TXN-100594,2026-05-28 14:05:00,STR-112,CUST-5014,PRD-1038,3,18431.47,0.0,55294.41,Debit Card,Online
TXN-100595,2026-02-28 19:41:00,STR-113,CUST-5154,PRD-1027,4,2055.49,0.0,8221.96,UPI,Mobile App
TXN-100596,2026-03-20 16:02:00,STR-105,CUST-5138,PRD-1049,4,12079.91,0.0,48319.64,Cash,In-Store
TXN-100597,2026-02-09 08:43:00,STR-111,CUST-5100,PRD-1020,5,2120.69,0.05,10073.28,Net Banking,Mobile App
TXN-100598,2026-02-26 14:18:00,STR-112,CUST-5100,PRD-1036,5,22028.56,0.0,110142.8,Credit Card,In-Store
TXN-100599,2026-05-27 19:03:00,STR-108,CUST-5102,PRD-1021,1,5708.56,0.15,4852.28,Debit Card,In-Store
TXN-100600,2026-06-28 10:48:00,STR-102,CUST-5123,PRD-1025,5,12590.63,0.15,53510.18,Cash,In-Store
TXN-100601,2026-02-20 16:39:00,STR-111,CUST-5134,PRD-1031,4,23868.44,0.2,76379.01,Credit Card,In-Store
TXN-100602,2026-03-24 18:59:00,STR-109,CUST-5022,PRD-1004,3,18042.2,0.15,46007.61,UPI,Mobile App
TXN-100603,2026-03-31 11:20:00,STR-105,CUST-5152,PRD-1026,4,15872.06,0.1,57139.42,UPI,Online
TXN-100604,2026-04-24 17:09:00,STR-107,CUST-5011,PRD-1010,3,24341.31,0.2,58419.14,Credit Card,In-Store
TXN-100605,2026-01-22 09:47:00,STR-100,CUST-5062,PRD-1043,3,22540.44,0.05,64240.25,Cash,In-Store
TXN-100606,2026-06-27 20:07:00,STR-104,CUST-5115,PRD-1018,1,17272.73,0.1,15545.46,Net Banking,In-Store
TXN-100607,2026-02-24 11:34:00,STR-108,CUST-5192,PRD-1021,2,5708.56,0.2,9133.7,Debit Card,Mobile App
TXN-100608,2026-06-27 19:42:00,STR-100,CUST-5096,PRD-1030,5,3232.14,0.05,15352.66,Cash,Mobile App
TXN-100609,2026-02-13 08:18:00,STR-103,CUST-5178,PRD-1033,1,21120.74,0.1,19008.67,Cash,Online
TXN-100610,2026-01-18 14:42:00,STR-104,CUST-5169,PRD-1003,4,6199.42,0.0,24797.68,Debit Card,In-Store
TXN-100611,2026-03-01 14:32:00,STR-111,CUST-5025,PRD-1001,3,18543.28,0.15,47285.36,Debit Card,Online
TXN-100612,2026-02-17 11:32:00,STR-107,CUST-5143,PRD-1038,5,18431.47,0.0,92157.35,UPI,In-Store
TXN-100613,2026-03-27 15:25:00,STR-111,CUST-5040,PRD-1015,5,9568.8,0.1,43059.6,UPI,Online
TXN-100614,2026-06-10 12:15:00,STR-108,CUST-5070,PRD-1043,3,22540.44,0.1,60859.19,UPI,Mobile App
TXN-100615,2026-05-23 12:14:00,STR-102,CUST-5087,PRD-1016,4,15423.32,0.0,61693.28,Net Banking,Mobile App
TXN-100616,2026-05-14 18:39:00,STR-113,CUST-5160,PRD-1008,1,2868.65,0.15,2438.35,Credit Card,Online
TXN-100617,2026-04-20 12:58:00,STR-109,CUST-5084,PRD-1015,5,9568.8,0.05,45451.8,Net Banking,Mobile App
TXN-100618,2026-05-29 16:43:00,STR-112,CUST-5051,PRD-1008,2,2868.65,0.05,5450.43,Credit Card,Online
TXN-100619,2026-04-21 20:09:00,STR-110,CUST-5144,PRD-1044,5,2067.7,0.05,9821.57,Credit Card,Online
TXN-100620,2026-01-31 10:20:00,STR-113,CUST-5037,PRD-1004,5,18042.2,0.2,72168.8,UPI,Online
TXN-100621,2026-04-24 19:59:00,STR-113,CUST-5163,PRD-1026,4,15872.06,0.1,57139.42,Debit Card,In-Store
TXN-100622,2026-02-03 10:01:00,STR-112,CUST-5156,PRD-1049,2,12079.91,0.0,24159.82,Cash,Online
TXN-100623,2026-03-01 17:14:00,STR-103,CUST-5175,PRD-1038,5,18431.47,0.2,73725.88,UPI,Online
TXN-100624,2026-05-09 21:38:00,STR-107,CUST-5182,PRD-1005,4,11505.07,0.05,43719.27,Debit Card,In-Store
TXN-100625,2026-02-05 10:12:00,STR-103,CUST-5008,PRD-1024,4,9368.27,0.15,31852.12,Net Banking,In-Store
TXN-100626,2026-06-21 11:48:00,STR-103,CUST-5016,PRD-1017,4,11824.84,0.05,44934.39,Credit Card,Online
TXN-100627,2026-04-28 11:27:00,STR-106,CUST-5198,PRD-1039,4,3644.72,0.1,13120.99,UPI,Mobile App
TXN-100628,2026-04-11 17:47:00,STR-109,CUST-5152,PRD-1047,4,13096.34,0.1,47146.82,Cash,Mobile App
TXN-100629,2026-01-28 15:29:00,STR-113,CUST-5010,PRD-1041,1,23258.31,0.2,18606.65,Credit Card,Mobile App
TXN-100630,2026-05-23 14:33:00,STR-112,CUST-5161,PRD-1034,4,9660.26,0.0,38641.04,UPI,In-Store
TXN-100631,2026-03-19 20:52:00,STR-104,CUST-5118,PRD-1018,4,17272.73,0.15,58727.28,Credit Card,Online
TXN-100632,2026-06-26 16:57:00,STR-102,CUST-5118,PRD-1018,5,17272.73,0.0,86363.65,Net Banking,In-Store
TXN-100633,2026-02-16 20:37:00,STR-114,CUST-5178,PRD-1046,5,2150.38,0.0,10751.9,Cash,In-Store
TXN-100634,2026-04-26 08:11:00,STR-107,CUST-5151,PRD-1025,4,12590.63,0.1,45326.27,Credit Card,Online
TXN-100635,2026-06-27 18:58:00,STR-111,CUST-5041,PRD-1005,3,11505.07,0.1,31063.69,UPI,In-Store
TXN-100636,2026-01-22 16:45:00,STR-106,CUST-5186,PRD-1007,4,23951.68,0.1,86226.05,Cash,Mobile App
TXN-100637,2026-04-08 08:49:00,STR-102,CUST-5085,PRD-1010,4,24341.31,0.2,77892.19,Cash,Mobile App
TXN-100638,2026-02-15 20:45:00,STR-100,CUST-5107,PRD-1009,2,20274.45,0.05,38521.46,Debit Card,Online
TXN-100639,2026-06-10 10:07:00,STR-114,CUST-5033,PRD-1046,4,2150.38,0.1,7741.37,Credit Card,In-Store
TXN-100640,2026-04-28 15:54:00,STR-107,CUST-5139,PRD-1039,3,3644.72,0.0,10934.16,UPI,Mobile App
TXN-100641,2026-05-31 18:30:00,STR-107,CUST-5104,PRD-1031,2,23868.44,0.05,45350.04,Net Banking,In-Store
TXN-100642,2026-03-04 16:17:00,STR-109,CUST-5160,PRD-1038,5,18431.47,0.0,92157.35,Cash,In-Store
TXN-100643,2026-01-15 18:22:00,STR-100,CUST-5037,PRD-1003,2,6199.42,0.05,11778.9,UPI,Mobile App
TXN-100644,2026-03-26 09:03:00,STR-101,CUST-5106,PRD-1036,5,22028.56,0.1,99128.52,Credit Card,In-Store
TXN-100645,2026-06-19 19:44:00,STR-109,CUST-5146,PRD-1043,3,22540.44,0.2,54097.06,Cash,In-Store
TXN-100646,2026-01-10 09:49:00,STR-104,CUST-5082,PRD-1029,5,17201.59,0.1,77407.15,Debit Card,Online
TXN-100647,2026-01-17 12:30:00,STR-102,CUST-5031,PRD-1004,4,18042.2,0.2,57735.04,Debit Card,Online
TXN-100648,2026-02-23 19:13:00,STR-109,CUST-5014,PRD-1033,4,21120.74,0.2,67586.37,UPI,Mobile App
TXN-100649,2026-05-04 19:44:00,STR-109,CUST-5180,PRD-1046,5,2150.38,0.0,10751.9,Debit Card,Online
TXN-100650,2026-05-15 17:39:00,STR-105,CUST-5033,PRD-1038,3,18431.47,0.1,49764.97,Cash,Mobile App
TXN-100651,2026-05-07 20:11:00,STR-114,CUST-5156,PRD-1031,5,23868.44,0.15,101440.87,Credit Card,Mobile App
TXN-100652,2026-01-31 08:29:00,STR-110,CUST-5030,PRD-1018,2,17272.73,0.0,34545.46,Credit Card,Mobile App
TXN-100653,2026-03-27 13:35:00,STR-112,CUST-5163,PRD-1026,4,15872.06,0.0,63488.24,Credit Card,In-Store
TXN-100654,2026-03-07 20:04:00,STR-104,CUST-5076,PRD-1040,2,6993.15,0.1,12587.67,Cash,Mobile App
TXN-100655,2026-06-25 13:21:00,STR-106,CUST-5185,PRD-1020,1,2120.69,0.0,2120.69,Cash,Mobile App
TXN-100656,2026-03-26 21:21:00,STR-114,CUST-5172,PRD-1001,2,18543.28,0.05,35232.23,Net Banking,Online
TXN-100657,2026-02-09 18:29:00,STR-114,CUST-5137,PRD-1002,2,14966.66,0.15,25443.32,Debit Card,Online
TXN-100658,2026-03-18 17:46:00,STR-110,CUST-5080,PRD-1026,1,15872.06,0.2,12697.65,Cash,Mobile App
TXN-100659,2026-06-25 13:51:00,STR-114,CUST-5090,PRD-1001,2,18543.28,0.2,29669.25,UPI,In-Store
TXN-100660,2026-04-07 18:34:00,STR-113,CUST-5042,PRD-1017,1,11824.84,0.1,10642.36,Cash,Mobile App
TXN-100661,2026-01-30 21:50:00,STR-112,CUST-5078,PRD-1024,2,9368.27,0.2,14989.23,Debit Card,Mobile App
TXN-100662,2026-01-23 15:56:00,STR-103,CUST-5095,PRD-1002,3,14966.66,0.15,38164.98,Net Banking,Online
TXN-100663,2026-02-14 09:23:00,STR-112,CUST-5009,PRD-1013,5,24637.91,0.1,110870.6,Credit Card,In-Store
TXN-100664,2026-05-04 16:09:00,STR-103,CUST-5087,PRD-1028,5,6658.9,0.0,33294.5,Net Banking,Mobile App
TXN-100665,2026-02-06 20:55:00,STR-101,CUST-5132,PRD-1033,3,21120.74,0.1,57026.0,Credit Card,In-Store
TXN-100666,2026-04-10 19:55:00,STR-108,CUST-5029,PRD-1046,1,2150.38,0.15,1827.82,UPI,Online
TXN-100667,2026-03-27 15:56:00,STR-100,CUST-5026,PRD-1002,5,14966.66,0.0,74833.3,Cash,Mobile App
TXN-100668,2026-05-28 20:19:00,STR-110,CUST-5053,PRD-1047,3,13096.34,0.0,39289.02,Debit Card,In-Store
TXN-100669,2026-05-17 13:49:00,STR-107,CUST-5171,PRD-1012,3,5210.26,0.1,14067.7,UPI,Online
TXN-100670,2026-01-30 08:39:00,STR-108,CUST-5131,PRD-1009,2,20274.45,0.1,36494.01,UPI,In-Store
TXN-100671,2026-03-23 12:09:00,STR-111,CUST-5072,PRD-1034,3,9660.26,0.2,23184.62,Cash,In-Store
TXN-100672,2026-06-06 13:34:00,STR-107,CUST-5012,PRD-1010,1,24341.31,0.1,21907.18,Credit Card,In-Store
TXN-100673,2026-04-09 08:05:00,STR-106,CUST-5100,PRD-1030,1,3232.14,0.0,3232.14,Credit Card,Mobile App
TXN-100674,2026-06-07 13:19:00,STR-105,CUST-5050,PRD-1038,5,18431.47,0.15,78333.75,Cash,In-Store
TXN-100675,2026-02-03 09:52:00,STR-112,CUST-5178,PRD-1048,4,13710.77,0.2,43874.46,Net Banking,In-Store
TXN-100676,2026-05-01 11:14:00,STR-102,CUST-5157,PRD-1029,3,17201.59,0.15,43864.05,Debit Card,Online
TXN-100677,2026-03-25 15:31:00,STR-100,CUST-5016,PRD-1025,2,12590.63,0.1,22663.13,Net Banking,In-Store
TXN-100678,2026-02-13 12:49:00,STR-105,CUST-5154,PRD-1022,4,6988.83,0.15,23762.02,Cash,In-Store
TXN-100679,2026-01-28 13:35:00,STR-110,CUST-5018,PRD-1032,1,19167.84,0.15,16292.66,Debit Card,Mobile App
TXN-100680,2026-04-16 11:39:00,STR-103,CUST-5140,PRD-1029,4,17201.59,0.2,55045.09,Credit Card,Online
TXN-100681,2026-02-23 21:44:00,STR-109,CUST-5110,PRD-1024,1,9368.27,0.1,8431.44,Net Banking,Mobile App
TXN-100682,2026-02-14 18:42:00,STR-101,CUST-5189,PRD-1021,5,5708.56,0.05,27115.66,Cash,Online
TXN-100683,2026-04-29 13:35:00,STR-101,CUST-5113,PRD-1007,5,23951.68,0.2,95806.72,Credit Card,Online
TXN-100684,2026-01-28 18:52:00,STR-109,CUST-5197,PRD-1025,1,12590.63,0.2,10072.5,Net Banking,Online
TXN-100685,2026-02-25 21:08:00,STR-114,CUST-5148,PRD-1031,1,23868.44,0.0,23868.44,UPI,In-Store
TXN-100686,2026-05-17 12:24:00,STR-109,CUST-5147,PRD-1042,2,10274.71,0.15,17467.01,Net Banking,In-Store
TXN-100687,2026-05-26 20:58:00,STR-110,CUST-5077,PRD-1013,3,24637.91,0.1,66522.36,Net Banking,Mobile App
TXN-100688,2026-01-03 17:32:00,STR-106,CUST-5032,PRD-1022,1,6988.83,0.2,5591.06,Debit Card,In-Store
TXN-100689,2026-01-01 19:35:00,STR-113,CUST-5091,PRD-1023,5,6936.43,0.0,34682.15,UPI,Online
TXN-100690,2026-06-29 17:25:00,STR-110,CUST-5081,PRD-1001,2,18543.28,0.15,31523.58,Net Banking,Online
TXN-100691,2026-02-24 18:11:00,STR-107,CUST-5035,PRD-1024,4,9368.27,0.2,29978.46,Credit Card,Mobile App
TXN-100692,2026-02-09 12:55:00,STR-110,CUST-5032,PRD-1024,3,9368.27,0.15,23889.09,Credit Card,In-Store
TXN-100693,2026-05-05 18:27:00,STR-102,CUST-5021,PRD-1004,1,18042.2,0.05,17140.09,Credit Card,Mobile App
TXN-100694,2026-04-19 17:11:00,STR-107,CUST-5130,PRD-1026,4,15872.06,0.2,50790.59,Net Banking,Mobile App
TXN-100695,2026-02-27 10:27:00,STR-109,CUST-5001,PRD-1028,4,6658.9,0.1,23972.04,Cash,Online
TXN-100696,2026-03-10 14:59:00,STR-108,CUST-5147,PRD-1046,2,2150.38,0.2,3440.61,Debit Card,In-Store
TXN-100697,2026-06-30 13:07:00,STR-109,CUST-5123,PRD-1002,5,14966.66,0.15,63608.31,UPI,In-Store
TXN-100698,2026-04-30 16:05:00,STR-108,CUST-5156,PRD-1046,5,2150.38,0.1,9676.71,UPI,In-Store
TXN-100699,2026-05-29 12:39:00,STR-100,CUST-5087,PRD-1030,1,3232.14,0.2,2585.71,Cash,In-Store
TXN-100700,2026-05-01 17:46:00,STR-105,CUST-5107,PRD-1030,4,3232.14,0.2,10342.85,Debit Card,Online
TXN-100701,2026-06-27 17:47:00,STR-104,CUST-5186,PRD-1018,2,17272.73,0.0,34545.46,Cash,Online
TXN-100702,2026-02-13 17:03:00,STR-110,CUST-5074,PRD-1003,4,6199.42,0.2,19838.14,Cash,In-Store
TXN-100703,2026-02-02 16:04:00,STR-113,CUST-5071,PRD-1018,4,17272.73,0.0,69090.92,Debit Card,In-Store
TXN-100704,2026-03-07 08:47:00,STR-101,CUST-5154,PRD-1039,3,3644.72,0.1,9840.74,Credit Card,Mobile App
TXN-100705,2026-04-05 20:11:00,STR-104,CUST-5179,PRD-1047,2,13096.34,0.15,22263.78,Credit Card,Online
TXN-100706,2026-03-29 09:09:00,STR-109,CUST-5039,PRD-1011,5,20820.24,0.0,104101.2,Net Banking,Online
TXN-100707,2026-06-19 15:46:00,STR-110,CUST-5042,PRD-1049,4,12079.91,0.05,45903.66,Credit Card,Mobile App
TXN-100708,2026-06-14 12:48:00,STR-113,CUST-5029,PRD-1046,3,2150.38,0.0,6451.14,UPI,In-Store
TXN-100709,2026-03-19 15:47:00,STR-112,CUST-5136,PRD-1029,4,17201.59,0.15,58485.41,Credit Card,Online
TXN-100710,2026-03-09 10:33:00,STR-113,CUST-5111,PRD-1043,4,22540.44,0.15,76637.5,UPI,Online
TXN-100711,2026-05-16 18:02:00,STR-101,CUST-5136,PRD-1028,4,6658.9,0.1,23972.04,Debit Card,Online
TXN-100712,2026-03-11 12:51:00,STR-101,CUST-5065,PRD-1039,3,3644.72,0.1,9840.74,Cash,Online
TXN-100713,2026-02-19 16:21:00,STR-110,CUST-5176,PRD-1029,2,17201.59,0.2,27522.54,Credit Card,Online
TXN-100714,2026-01-18 08:26:00,STR-101,CUST-5134,PRD-1035,1,15173.74,0.0,15173.74,UPI,Mobile App
TXN-100715,2026-03-14 12:12:00,STR-100,CUST-5006,PRD-1028,3,6658.9,0.05,18977.86,Cash,In-Store
TXN-100716,2026-06-03 18:07:00,STR-111,CUST-5030,PRD-1003,5,6199.42,0.05,29447.24,UPI,Mobile App
TXN-100717,2026-02-17 09:44:00,STR-102,CUST-5064,PRD-1008,4,2868.65,0.2,9179.68,Debit Card,Online
TXN-100718,2026-03-12 20:27:00,STR-111,CUST-5170,PRD-1042,1,10274.71,0.15,8733.5,Debit Card,Online
TXN-100719,2026-01-16 14:24:00,STR-105,CUST-5015,PRD-1010,1,24341.31,0.1,21907.18,Debit Card,Online
TXN-100720,2026-05-06 11:39:00,STR-106,CUST-5045,PRD-1011,4,20820.24,0.0,83280.96,Net Banking,In-Store
TXN-100721,2026-02-25 17:41:00,STR-101,CUST-5113,PRD-1009,5,20274.45,0.15,86166.41,Debit Card,In-Store
TXN-100722,2026-05-27 19:16:00,STR-112,CUST-5114,PRD-1002,1,14966.66,0.0,14966.66,UPI,Online
TXN-100723,2026-06-20 14:17:00,STR-102,CUST-5179,PRD-1009,1,20274.45,0.0,20274.45,Debit Card,Online
TXN-100724,2026-05-06 15:27:00,STR-106,CUST-5186,PRD-1036,1,22028.56,0.2,17622.85,UPI,Mobile App
TXN-100725,2026-06-26 21:49:00,STR-107,CUST-5031,PRD-1014,1,7309.63,0.15,6213.19,Cash,Mobile App
TXN-100726,2026-04-13 08:40:00,STR-110,CUST-5023,PRD-1022,3,6988.83,0.1,18869.84,Debit Card,Mobile App
TXN-100727,2026-03-16 18:12:00,STR-102,CUST-5141,PRD-1021,1,5708.56,0.15,4852.28,UPI,Online
TXN-100728,2026-06-28 14:57:00,STR-101,CUST-5161,PRD-1042,2,10274.71,0.1,18494.48,Debit Card,Online
TXN-100729,2026-02-05 08:12:00,STR-100,CUST-5184,PRD-1005,4,11505.07,0.05,43719.27,Cash,In-Store
TXN-100730,2026-05-19 18:19:00,STR-107,CUST-5136,PRD-1031,4,23868.44,0.0,95473.76,Net Banking,In-Store
TXN-100731,2026-03-28 20:46:00,STR-100,CUST-5103,PRD-1002,3,14966.66,0.0,44899.98,UPI,In-Store
TXN-100732,2026-06-23 21:55:00,STR-108,CUST-5038,PRD-1041,5,23258.31,0.15,98847.82,Cash,In-Store
TXN-100733,2026-05-06 18:01:00,STR-107,CUST-5158,PRD-1004,1,18042.2,0.05,17140.09,UPI,In-Store
TXN-100734,2026-02-14 18:03:00,STR-114,CUST-5078,PRD-1044,2,2067.7,0.0,4135.4,UPI,Online
TXN-100735,2026-01-17 21:52:00,STR-101,CUST-5029,PRD-1039,2,3644.72,0.2,5831.55,Net Banking,Mobile App
TXN-100736,2026-02-21 14:21:00,STR-112,CUST-5188,PRD-1039,2,3644.72,0.0,7289.44,Net Banking,Online
TXN-100737,2026-02-05 13:53:00,STR-112,CUST-5054,PRD-1007,5,23951.68,0.2,95806.72,UPI,Mobile App
TXN-100738,2026-01-31 12:09:00,STR-112,CUST-5106,PRD-1011,3,20820.24,0.0,62460.72,Credit Card,Mobile App
TXN-100739,2026-04-23 11:59:00,STR-109,CUST-5010,PRD-1023,5,6936.43,0.05,32948.04,Credit Card,In-Store
TXN-100740,2026-02-10 08:56:00,STR-107,CUST-5020,PRD-1040,5,6993.15,0.15,29720.89,UPI,In-Store
TXN-100741,2026-03-14 14:44:00,STR-112,CUST-5197,PRD-1011,1,20820.24,0.2,16656.19,Net Banking,Mobile App
TXN-100742,2026-06-13 12:33:00,STR-107,CUST-5105,PRD-1008,2,2868.65,0.05,5450.43,Credit Card,In-Store
TXN-100743,2026-02-16 19:31:00,STR-109,CUST-5022,PRD-1039,1,3644.72,0.2,2915.78,Debit Card,Online
TXN-100744,2026-03-02 11:07:00,STR-108,CUST-5024,PRD-1026,1,15872.06,0.2,12697.65,Cash,Online
TXN-100745,2026-02-26 15:49:00,STR-110,CUST-5168,PRD-1048,5,13710.77,0.2,54843.08,Credit Card,Online
TXN-100746,2026-02-08 18:54:00,STR-114,CUST-5121,PRD-1003,2,6199.42,0.0,12398.84,Net Banking,In-Store
TXN-100747,2026-06-15 13:18:00,STR-103,CUST-5111,PRD-1010,1,24341.31,0.0,24341.31,Debit Card,Online
TXN-100748,2026-01-27 19:03:00,STR-114,CUST-5137,PRD-1039,4,3644.72,0.0,14578.88,Credit Card,In-Store
TXN-100749,2026-01-30 09:57:00,STR-103,CUST-5184,PRD-1001,4,18543.28,0.2,59338.5,Net Banking,Mobile App
TXN-100750,2026-02-20 19:43:00,STR-114,CUST-5083,PRD-1037,3,1918.22,0.15,4891.46,Credit Card,In-Store
TXN-100751,2026-03-02 19:26:00,STR-113,CUST-5051,PRD-1020,2,2120.69,0.0,4241.38,Net Banking,In-Store
TXN-100752,2026-05-05 08:56:00,STR-106,CUST-5037,PRD-1004,4,18042.2,0.2,57735.04,Credit Card,Mobile App
TXN-100753,2026-04-06 10:29:00,STR-111,CUST-5049,PRD-1029,2,17201.59,0.15,29242.7,Debit Card,Online
TXN-100754,2026-01-09 19:36:00,STR-100,CUST-5071,PRD-1012,3,5210.26,0.05,14849.24,Credit Card,In-Store
TXN-100755,2026-02-13 20:21:00,STR-103,CUST-5075,PRD-1029,4,17201.59,0.15,58485.41,Cash,In-Store
TXN-100756,2026-05-28 16:54:00,STR-103,CUST-5022,PRD-1040,5,6993.15,0.05,33217.46,Net Banking,Mobile App
TXN-100757,2026-05-02 21:29:00,STR-104,CUST-5003,PRD-1031,2,23868.44,0.2,38189.5,Net Banking,Mobile App
TXN-100758,2026-04-22 17:14:00,STR-114,CUST-5151,PRD-1015,2,9568.8,0.1,17223.84,Credit Card,Mobile App
TXN-100759,2026-01-11 15:46:00,STR-112,CUST-5129,PRD-1000,4,1111.79,0.0,4447.16,UPI,Online
TXN-100760,2026-06-28 21:06:00,STR-107,CUST-5126,PRD-1033,4,21120.74,0.15,71810.52,Credit Card,In-Store
TXN-100761,2026-02-25 10:22:00,STR-104,CUST-5061,PRD-1035,1,15173.74,0.15,12897.68,UPI,In-Store
TXN-100762,2026-06-30 15:54:00,STR-109,CUST-5191,PRD-1030,3,3232.14,0.05,9211.6,Cash,In-Store
TXN-100763,2026-06-30 14:11:00,STR-112,CUST-5094,PRD-1029,4,17201.59,0.05,65366.04,Net Banking,Mobile App
TXN-100764,2026-04-09 19:21:00,STR-108,CUST-5008,PRD-1040,1,6993.15,0.0,6993.15,Debit Card,Online
TXN-100765,2026-05-19 17:50:00,STR-103,CUST-5175,PRD-1048,3,13710.77,0.2,32905.85,UPI,Mobile App
TXN-100766,2026-06-22 13:56:00,STR-100,CUST-5028,PRD-1021,1,5708.56,0.2,4566.85,Net Banking,Online
TXN-100767,2026-04-04 13:11:00,STR-110,CUST-5143,PRD-1029,5,17201.59,0.0,86007.95,UPI,Mobile App
TXN-100768,2026-03-27 11:34:00,STR-101,CUST-5166,PRD-1045,2,14916.37,0.05,28341.1,Net Banking,Mobile App
TXN-100769,2026-02-27 13:22:00,STR-114,CUST-5068,PRD-1048,5,13710.77,0.05,65126.16,Cash,Mobile App
TXN-100770,2026-01-17 13:22:00,STR-107,CUST-5124,PRD-1027,3,2055.49,0.0,6166.47,Cash,Mobile App
TXN-100771,2026-06-23 21:34:00,STR-114,CUST-5074,PRD-1007,4,23951.68,0.2,76645.38,Net Banking,Mobile App
TXN-100772,2026-04-28 09:05:00,STR-106,CUST-5045,PRD-1023,1,6936.43,0.05,6589.61,Debit Card,In-Store
TXN-100773,2026-01-29 19:09:00,STR-107,CUST-5038,PRD-1006,2,17604.11,0.1,31687.4,Credit Card,Mobile App
TXN-100774,2026-04-17 18:34:00,STR-114,CUST-5033,PRD-1040,1,6993.15,0.1,6293.84,Net Banking,Online
TXN-100775,2026-03-16 11:04:00,STR-100,CUST-5059,PRD-1026,4,15872.06,0.0,63488.24,Cash,Mobile App
TXN-100776,2026-03-29 18:41:00,STR-112,CUST-5083,PRD-1021,4,5708.56,0.2,18267.39,Net Banking,Mobile App
TXN-100777,2026-04-24 15:19:00,STR-109,CUST-5033,PRD-1042,5,10274.71,0.2,41098.84,Debit Card,In-Store
TXN-100778,2026-04-06 12:49:00,STR-113,CUST-5012,PRD-1016,2,15423.32,0.15,26219.64,Credit Card,Online
TXN-100779,2026-06-08 10:45:00,STR-108,CUST-5073,PRD-1018,4,17272.73,0.05,65636.37,Credit Card,In-Store
TXN-100780,2026-03-02 09:02:00,STR-105,CUST-5147,PRD-1045,2,14916.37,0.05,28341.1,Credit Card,Online
TXN-100781,2026-02-22 16:45:00,STR-100,CUST-5170,PRD-1016,3,15423.32,0.05,43956.46,Debit Card,Online
TXN-100782,2026-05-19 10:34:00,STR-104,CUST-5031,PRD-1009,3,20274.45,0.15,51699.85,UPI,Online
TXN-100783,2026-03-23 10:00:00,STR-111,CUST-5139,PRD-1031,2,23868.44,0.15,40576.35,Cash,Online
TXN-100784,2026-03-16 20:36:00,STR-110,CUST-5037,PRD-1041,3,23258.31,0.15,59308.69,Cash,Mobile App
TXN-100785,2026-05-03 08:08:00,STR-110,CUST-5141,PRD-1028,3,6658.9,0.0,19976.7,UPI,Online
TXN-100786,2026-02-26 15:22:00,STR-101,CUST-5083,PRD-1001,4,18543.28,0.2,59338.5,UPI,Mobile App
TXN-100787,2026-05-15 11:50:00,STR-114,CUST-5196,PRD-1041,2,23258.31,0.2,37213.3,Debit Card,In-Store
TXN-100788,2026-04-25 18:42:00,STR-101,CUST-5131,PRD-1001,1,18543.28,0.2,14834.62,Net Banking,In-Store
TXN-100789,2026-06-04 16:03:00,STR-114,CUST-5170,PRD-1031,3,23868.44,0.2,57284.26,Debit Card,Online
TXN-100790,2026-04-09 13:00:00,STR-104,CUST-5088,PRD-1009,4,20274.45,0.1,72988.02,Debit Card,Online
TXN-100791,2026-02-25 19:56:00,STR-107,CUST-5189,PRD-1028,5,6658.9,0.0,33294.5,Net Banking,Online
TXN-100792,2026-04-17 10:53:00,STR-109,CUST-5153,PRD-1018,2,17272.73,0.15,29363.64,UPI,In-Store
TXN-100793,2026-05-15 13:04:00,STR-114,CUST-5151,PRD-1013,3,24637.91,0.15,62826.67,Net Banking,In-Store
TXN-100794,2026-04-17 10:35:00,STR-107,CUST-5181,PRD-1000,4,1111.79,0.1,4002.44,Cash,In-Store
TXN-100795,2026-03-16 16:31:00,STR-100,CUST-5077,PRD-1012,2,5210.26,0.15,8857.44,Cash,Online
TXN-100796,2026-02-27 08:50:00,STR-100,CUST-5039,PRD-1031,5,23868.44,0.15,101440.87,Debit Card,Online
TXN-100797,2026-06-17 18:57:00,STR-104,CUST-5106,PRD-1040,4,6993.15,0.0,27972.6,Credit Card,Online
TXN-100798,2026-01-31 20:17:00,STR-107,CUST-5017,PRD-1044,2,2067.7,0.0,4135.4,Cash,Mobile App
TXN-100799,2026-05-25 14:55:00,STR-104,CUST-5160,PRD-1023,5,6936.43,0.15,29479.83,Net Banking,Mobile App
TXN-100800,2026-05-28 08:54:00,STR-104,CUST-5041,PRD-1007,3,23951.68,0.2,57484.03,Cash,In-Store
TXN-100801,2026-06-27 10:22:00,STR-102,CUST-5013,PRD-1009,3,20274.45,0.15,51699.85,Debit Card,Online
TXN-100802,2026-03-16 12:33:00,STR-110,CUST-5019,PRD-1026,3,15872.06,0.0,47616.18,Cash,In-Store
TXN-100803,2026-06-03 20:10:00,STR-108,CUST-5082,PRD-1049,2,12079.91,0.0,24159.82,Debit Card,Mobile App
TXN-100804,2026-01-25 16:37:00,STR-105,CUST-5036,PRD-1019,3,20633.99,0.1,55711.77,UPI,In-Store
TXN-100805,2026-05-05 14:21:00,STR-114,CUST-5041,PRD-1033,3,21120.74,0.1,57026.0,UPI,In-Store
TXN-100806,2026-02-18 20:57:00,STR-108,CUST-5157,PRD-1009,5,20274.45,0.05,96303.64,Cash,Mobile App
TXN-100807,2026-04-17 15:58:00,STR-101,CUST-5029,PRD-1045,5,14916.37,0.0,74581.85,Credit Card,In-Store
TXN-100808,2026-06-26 13:08:00,STR-113,CUST-5113,PRD-1030,3,3232.14,0.1,8726.78,Cash,Mobile App
TXN-100809,2026-03-19 08:47:00,STR-113,CUST-5030,PRD-1048,3,13710.77,0.05,39075.69,Credit Card,In-Store
TXN-100810,2026-03-20 10:13:00,STR-102,CUST-5020,PRD-1044,2,2067.7,0.05,3928.63,Net Banking,Mobile App
TXN-100811,2026-01-05 20:30:00,STR-112,CUST-5110,PRD-1048,1,13710.77,0.0,13710.77,UPI,In-Store
TXN-100812,2026-06-01 08:30:00,STR-101,CUST-5064,PRD-1006,1,17604.11,0.2,14083.29,UPI,In-Store
TXN-100813,2026-02-01 17:13:00,STR-109,CUST-5051,PRD-1019,1,20633.99,0.0,20633.99,Credit Card,Mobile App
TXN-100814,2026-02-07 21:47:00,STR-104,CUST-5148,PRD-1022,1,6988.83,0.0,6988.83,Debit Card,Online
TXN-100815,2026-03-03 16:36:00,STR-101,CUST-5025,PRD-1010,5,24341.31,0.2,97365.24,Cash,In-Store
TXN-100816,2026-03-14 10:57:00,STR-112,CUST-5137,PRD-1033,2,21120.74,0.05,40129.41,UPI,Mobile App
TXN-100817,2026-05-02 13:44:00,STR-109,CUST-5047,PRD-1006,2,17604.11,0.2,28166.58,Net Banking,Mobile App
TXN-100818,2026-04-08 14:13:00,STR-108,CUST-5058,PRD-1006,2,17604.11,0.1,31687.4,Net Banking,In-Store
TXN-100819,2026-04-30 09:33:00,STR-102,CUST-5126,PRD-1048,3,13710.77,0.0,41132.31,Debit Card,Mobile App
TXN-100820,2026-01-22 13:31:00,STR-101,CUST-5098,PRD-1018,5,17272.73,0.0,86363.65,Debit Card,Online
TXN-100821,2026-02-27 16:26:00,STR-104,CUST-5109,PRD-1038,3,18431.47,0.15,47000.25,Credit Card,In-Store
TXN-100822,2026-01-04 18:31:00,STR-110,CUST-5026,PRD-1030,3,3232.14,0.05,9211.6,Net Banking,Online
TXN-100823,2026-02-06 14:25:00,STR-111,CUST-5151,PRD-1033,1,21120.74,0.0,21120.74,UPI,Mobile App
TXN-100824,2026-02-20 13:12:00,STR-109,CUST-5103,PRD-1010,1,24341.31,0.1,21907.18,UPI,In-Store
TXN-100825,2026-05-29 17:17:00,STR-112,CUST-5164,PRD-1027,4,2055.49,0.1,7399.76,Net Banking,Online
TXN-100826,2026-05-05 16:17:00,STR-102,CUST-5196,PRD-1030,5,3232.14,0.15,13736.59,Net Banking,In-Store
TXN-100827,2026-05-08 11:40:00,STR-102,CUST-5007,PRD-1007,3,23951.68,0.15,61076.78,UPI,Mobile App
TXN-100828,2026-06-23 08:11:00,STR-106,CUST-5154,PRD-1003,1,6199.42,0.15,5269.51,Debit Card,In-Store
TXN-100829,2026-01-25 20:04:00,STR-110,CUST-5192,PRD-1019,5,20633.99,0.2,82535.96,Cash,Online
TXN-100830,2026-06-19 15:31:00,STR-108,CUST-5066,PRD-1029,2,17201.59,0.1,30962.86,Cash,Online
TXN-100831,2026-01-09 14:56:00,STR-114,CUST-5030,PRD-1034,5,9660.26,0.0,48301.3,Net Banking,Online
TXN-100832,2026-04-28 08:02:00,STR-102,CUST-5142,PRD-1020,4,2120.69,0.15,7210.35,Debit Card,Mobile App
TXN-100833,2026-02-04 12:45:00,STR-106,CUST-5124,PRD-1010,4,24341.31,0.15,82760.45,UPI,Mobile App
TXN-100834,2026-06-25 16:36:00,STR-107,CUST-5121,PRD-1043,4,22540.44,0.2,72129.41,Cash,In-Store
TXN-100835,2026-03-09 15:37:00,STR-106,CUST-5157,PRD-1032,1,19167.84,0.15,16292.66,Debit Card,Online
TXN-100836,2026-06-01 08:08:00,STR-113,CUST-5093,PRD-1020,1,2120.69,0.0,2120.69,Debit Card,Mobile App
TXN-100837,2026-04-08 09:27:00,STR-105,CUST-5091,PRD-1037,1,1918.22,0.1,1726.4,Net Banking,Online
TXN-100838,2026-03-02 18:19:00,STR-109,CUST-5021,PRD-1003,2,6199.42,0.05,11778.9,UPI,Online
TXN-100839,2026-01-06 16:20:00,STR-100,CUST-5117,PRD-1007,3,23951.68,0.05,68262.29,Net Banking,Mobile App
TXN-100840,2026-01-06 19:30:00,STR-109,CUST-5005,PRD-1032,4,19167.84,0.1,69004.22,Debit Card,Online
TXN-100841,2026-05-27 09:51:00,STR-107,CUST-5025,PRD-1036,4,22028.56,0.1,79302.82,Credit Card,Online
TXN-100842,2026-02-12 17:19:00,STR-105,CUST-5111,PRD-1031,5,23868.44,0.1,107407.98,Credit Card,Online
TXN-100843,2026-02-24 12:16:00,STR-100,CUST-5076,PRD-1040,1,6993.15,0.2,5594.52,Cash,Online
TXN-100844,2026-05-29 09:37:00,STR-105,CUST-5069,PRD-1014,5,7309.63,0.0,36548.15,UPI,Mobile App
TXN-100845,2026-02-23 13:50:00,STR-101,CUST-5166,PRD-1033,4,21120.74,0.15,71810.52,Debit Card,Mobile App
TXN-100846,2026-03-22 11:26:00,STR-106,CUST-5064,PRD-1019,4,20633.99,0.2,66028.77,Cash,Mobile App
TXN-100847,2026-01-05 18:45:00,STR-108,CUST-5047,PRD-1029,5,17201.59,0.05,81707.55,Cash,Online
TXN-100848,2026-06-13 16:51:00,STR-109,CUST-5196,PRD-1013,4,24637.91,0.1,88696.48,Net Banking,Mobile App
TXN-100849,2026-02-21 13:29:00,STR-102,CUST-5061,PRD-1046,1,2150.38,0.2,1720.3,Credit Card,Mobile App
TXN-100850,2026-04-16 13:55:00,STR-113,CUST-5016,PRD-1043,3,22540.44,0.15,57478.12,Credit Card,Online
TXN-100851,2026-03-07 18:38:00,STR-103,CUST-5103,PRD-1017,3,11824.84,0.05,33700.79,Credit Card,In-Store
TXN-100852,2026-03-04 20:52:00,STR-104,CUST-5118,PRD-1009,2,20274.45,0.0,40548.9,Net Banking,Mobile App
TXN-100853,2026-02-21 10:17:00,STR-102,CUST-5007,PRD-1027,4,2055.49,0.0,8221.96,Debit Card,Online
TXN-100854,2026-06-14 21:02:00,STR-111,CUST-5124,PRD-1042,5,10274.71,0.05,48804.87,UPI,In-Store
TXN-100855,2026-03-18 21:04:00,STR-114,CUST-5104,PRD-1005,3,11505.07,0.2,27612.17,Debit Card,Mobile App
TXN-100856,2026-02-05 11:07:00,STR-109,CUST-5188,PRD-1042,1,10274.71,0.15,8733.5,Cash,In-Store
TXN-100857,2026-03-06 15:56:00,STR-101,CUST-5060,PRD-1033,5,21120.74,0.2,84482.96,Cash,In-Store
TXN-100858,2026-05-30 19:24:00,STR-112,CUST-5191,PRD-1049,3,12079.91,0.1,32615.76,Credit Card,Online
TXN-100859,2026-02-14 11:17:00,STR-107,CUST-5104,PRD-1013,2,24637.91,0.0,49275.82,Debit Card,Mobile App
TXN-100860,2026-04-06 19:07:00,STR-105,CUST-5139,PRD-1003,4,6199.42,0.2,19838.14,Net Banking,Online
TXN-100861,2026-02-07 13:30:00,STR-111,CUST-5094,PRD-1043,2,22540.44,0.1,40572.79,Debit Card,In-Store
TXN-100862,2026-06-19 20:03:00,STR-111,CUST-5171,PRD-1041,5,23258.31,0.0,116291.55,Credit Card,Online
TXN-100863,2026-06-13 19:23:00,STR-114,CUST-5175,PRD-1035,4,15173.74,0.1,54625.46,UPI,Mobile App
TXN-100864,2026-01-03 14:59:00,STR-114,CUST-5065,PRD-1015,4,9568.8,0.15,32533.92,Debit Card,In-Store
TXN-100865,2026-02-23 21:56:00,STR-102,CUST-5112,PRD-1048,2,13710.77,0.1,24679.39,Debit Card,Mobile App
TXN-100866,2026-01-21 21:49:00,STR-107,CUST-5120,PRD-1026,1,15872.06,0.1,14284.85,Net Banking,Online
TXN-100867,2026-02-11 19:16:00,STR-108,CUST-5016,PRD-1045,4,14916.37,0.0,59665.48,Debit Card,Online
TXN-100868,2026-04-27 19:01:00,STR-112,CUST-5013,PRD-1038,5,18431.47,0.1,82941.62,Credit Card,Mobile App
TXN-100869,2026-04-13 11:40:00,STR-104,CUST-5080,PRD-1028,2,6658.9,0.0,13317.8,Cash,In-Store
TXN-100870,2026-05-13 19:49:00,STR-113,CUST-5166,PRD-1007,2,23951.68,0.05,45508.19,Credit Card,Mobile App
TXN-100871,2026-04-26 15:55:00,STR-111,CUST-5034,PRD-1043,4,22540.44,0.1,81145.58,Debit Card,In-Store
TXN-100872,2026-03-14 11:05:00,STR-106,CUST-5094,PRD-1043,5,22540.44,0.1,101431.98,Credit Card,Online
TXN-100873,2026-01-06 08:59:00,STR-108,CUST-5165,PRD-1024,5,9368.27,0.05,44499.28,Cash,Mobile App
TXN-100874,2026-02-20 12:44:00,STR-113,CUST-5043,PRD-1014,1,7309.63,0.15,6213.19,UPI,Online
TXN-100875,2026-03-08 10:05:00,STR-105,CUST-5043,PRD-1039,4,3644.72,0.2,11663.1,Cash,In-Store
TXN-100876,2026-04-27 21:43:00,STR-107,CUST-5030,PRD-1000,5,1111.79,0.15,4725.11,Credit Card,Mobile App
TXN-100877,2026-03-15 19:31:00,STR-106,CUST-5033,PRD-1013,2,24637.91,0.1,44348.24,Net Banking,In-Store
TXN-100878,2026-06-23 11:26:00,STR-102,CUST-5104,PRD-1038,2,18431.47,0.1,33176.65,Credit Card,In-Store
TXN-100879,2026-06-08 15:58:00,STR-103,CUST-5094,PRD-1018,3,17272.73,0.05,49227.28,Cash,Mobile App
TXN-100880,2026-01-03 15:08:00,STR-113,CUST-5082,PRD-1041,4,23258.31,0.0,93033.24,Net Banking,Mobile App
TXN-100881,2026-06-02 12:04:00,STR-101,CUST-5142,PRD-1013,4,24637.91,0.15,83768.89,UPI,In-Store
TXN-100882,2026-04-01 17:42:00,STR-112,CUST-5153,PRD-1021,2,5708.56,0.15,9704.55,UPI,In-Store
TXN-100883,2026-04-08 12:25:00,STR-110,CUST-5094,PRD-1016,5,15423.32,0.2,61693.28,Credit Card,Mobile App
TXN-100884,2026-03-08 10:32:00,STR-107,CUST-5086,PRD-1002,5,14966.66,0.05,71091.63,Net Banking,In-Store
TXN-100885,2026-04-21 10:16:00,STR-101,CUST-5080,PRD-1005,3,11505.07,0.2,27612.17,UPI,In-Store
TXN-100886,2026-04-21 12:57:00,STR-114,CUST-5067,PRD-1031,3,23868.44,0.1,64444.79,Cash,Online
TXN-100887,2026-02-12 13:47:00,STR-107,CUST-5195,PRD-1033,3,21120.74,0.15,53857.89,Credit Card,Mobile App
TXN-100888,2026-02-18 10:03:00,STR-103,CUST-5046,PRD-1042,4,10274.71,0.0,41098.84,UPI,Online
TXN-100889,2026-04-22 09:57:00,STR-114,CUST-5126,PRD-1016,2,15423.32,0.15,26219.64,UPI,Online
TXN-100890,2026-04-28 15:07:00,STR-113,CUST-5184,PRD-1022,5,6988.83,0.15,29702.53,Credit Card,In-Store
TXN-100891,2026-03-14 10:53:00,STR-102,CUST-5191,PRD-1022,1,6988.83,0.05,6639.39,Cash,Online
TXN-100892,2026-05-30 08:33:00,STR-112,CUST-5146,PRD-1036,5,22028.56,0.05,104635.66,Credit Card,Online
TXN-100893,2026-06-23 09:56:00,STR-105,CUST-5006,PRD-1004,2,18042.2,0.15,30671.74,Debit Card,Mobile App
TXN-100894,2026-04-06 17:59:00,STR-101,CUST-5082,PRD-1043,1,22540.44,0.15,19159.37,Credit Card,In-Store
TXN-100895,2026-04-27 18:17:00,STR-109,CUST-5168,PRD-1005,4,11505.07,0.15,39117.24,UPI,Online
TXN-100896,2026-03-25 19:46:00,STR-114,CUST-5145,PRD-1002,5,14966.66,0.15,63608.31,Credit Card,In-Store
TXN-100897,2026-01-15 19:04:00,STR-108,CUST-5154,PRD-1003,3,6199.42,0.1,16738.43,Net Banking,In-Store
TXN-100898,2026-03-03 20:55:00,STR-106,CUST-5022,PRD-1025,3,12590.63,0.05,35883.3,UPI,In-Store
TXN-100899,2026-03-14 18:48:00,STR-110,CUST-5039,PRD-1010,4,24341.31,0.15,82760.45,UPI,Online
TXN-100900,2026-06-25 17:08:00,STR-105,CUST-5170,PRD-1031,4,23868.44,0.1,85926.38,UPI,Online
TXN-100901,2026-04-25 14:30:00,STR-104,CUST-5144,PRD-1032,2,19167.84,0.15,32585.33,Cash,Online
TXN-100902,2026-06-07 10:27:00,STR-110,CUST-5109,PRD-1005,4,11505.07,0.1,41418.25,UPI,In-Store
TXN-100903,2026-06-23 11:41:00,STR-110,CUST-5182,PRD-1032,3,19167.84,0.15,48877.99,Credit Card,Online
TXN-100904,2026-03-16 15:27:00,STR-101,CUST-5122,PRD-1033,5,21120.74,0.0,105603.7,Debit Card,In-Store
TXN-100905,2026-05-14 14:18:00,STR-109,CUST-5012,PRD-1008,3,2868.65,0.05,8175.65,Cash,In-Store
TXN-100906,2026-05-11 14:26:00,STR-101,CUST-5118,PRD-1002,5,14966.66,0.0,74833.3,Cash,Online
TXN-100907,2026-01-21 20:32:00,STR-100,CUST-5029,PRD-1022,3,6988.83,0.2,16773.19,Net Banking,In-Store
TXN-100908,2026-01-22 14:56:00,STR-111,CUST-5076,PRD-1011,4,20820.24,0.0,83280.96,Debit Card,Mobile App
TXN-100909,2026-06-09 20:16:00,STR-105,CUST-5047,PRD-1046,4,2150.38,0.15,7311.29,Credit Card,In-Store
TXN-100910,2026-06-22 09:27:00,STR-108,CUST-5004,PRD-1005,5,11505.07,0.1,51772.82,UPI,Online
TXN-100911,2026-06-17 15:29:00,STR-111,CUST-5103,PRD-1007,1,23951.68,0.05,22754.1,Cash,Mobile App
TXN-100912,2026-06-07 13:44:00,STR-110,CUST-5176,PRD-1031,3,23868.44,0.2,57284.26,Net Banking,Online
TXN-100913,2026-01-04 11:07:00,STR-113,CUST-5004,PRD-1005,2,11505.07,0.05,21859.63,Credit Card,In-Store
TXN-100914,2026-06-16 11:27:00,STR-113,CUST-5160,PRD-1013,4,24637.91,0.05,93624.06,Cash,In-Store
TXN-100915,2026-02-07 15:27:00,STR-100,CUST-5029,PRD-1005,3,11505.07,0.15,29337.93,Credit Card,In-Store
TXN-100916,2026-05-01 08:55:00,STR-107,CUST-5149,PRD-1047,4,13096.34,0.15,44527.56,Credit Card,In-Store
TXN-100917,2026-01-14 13:00:00,STR-101,CUST-5161,PRD-1018,5,17272.73,0.15,73409.1,Net Banking,Online
TXN-100918,2026-05-22 12:02:00,STR-107,CUST-5102,PRD-1031,5,23868.44,0.2,95473.76,Net Banking,Mobile App
TXN-100919,2026-03-01 19:03:00,STR-108,CUST-5004,PRD-1037,5,1918.22,0.15,8152.44,Net Banking,Mobile App
TXN-100920,2026-03-10 18:26:00,STR-114,CUST-5121,PRD-1020,5,2120.69,0.0,10603.45,UPI,Online
TXN-100921,2026-06-28 14:01:00,STR-102,CUST-5073,PRD-1039,3,3644.72,0.15,9294.04,Credit Card,Online
TXN-100922,2026-05-10 11:37:00,STR-114,CUST-5175,PRD-1022,4,6988.83,0.05,26557.55,Debit Card,Mobile App
TXN-100923,2026-03-17 19:45:00,STR-106,CUST-5106,PRD-1045,4,14916.37,0.05,56682.21,Debit Card,Online
TXN-100924,2026-03-14 19:47:00,STR-101,CUST-5170,PRD-1010,5,24341.31,0.05,115621.22,Net Banking,In-Store
TXN-100925,2026-06-05 15:06:00,STR-112,CUST-5106,PRD-1011,2,20820.24,0.05,39558.46,Net Banking,Online
TXN-100926,2026-01-13 08:22:00,STR-114,CUST-5066,PRD-1015,2,9568.8,0.2,15310.08,Debit Card,Mobile App
TXN-100927,2026-01-09 20:04:00,STR-105,CUST-5110,PRD-1010,2,24341.31,0.2,38946.1,UPI,Mobile App
TXN-100928,2026-02-27 15:16:00,STR-105,CUST-5090,PRD-1014,1,7309.63,0.2,5847.7,UPI,Mobile App
TXN-100929,2026-06-04 18:06:00,STR-111,CUST-5012,PRD-1017,2,11824.84,0.2,18919.74,Net Banking,Online
TXN-100930,2026-06-06 17:50:00,STR-113,CUST-5026,PRD-1048,1,13710.77,0.0,13710.77,Cash,In-Store
TXN-100931,2026-06-11 09:55:00,STR-103,CUST-5092,PRD-1032,1,19167.84,0.05,18209.45,Credit Card,Mobile App
TXN-100932,2026-05-08 19:55:00,STR-101,CUST-5039,PRD-1018,4,17272.73,0.2,55272.74,Debit Card,Online
TXN-100933,2026-04-23 14:49:00,STR-112,CUST-5001,PRD-1008,1,2868.65,0.05,2725.22,Credit Card,Online
TXN-100934,2026-02-13 09:17:00,STR-105,CUST-5183,PRD-1021,3,5708.56,0.2,13700.54,Net Banking,Online
TXN-100935,2026-05-16 14:50:00,STR-103,CUST-5035,PRD-1040,2,6993.15,0.05,13286.98,Net Banking,Online
TXN-100936,2026-06-24 13:01:00,STR-107,CUST-5037,PRD-1026,4,15872.06,0.2,50790.59,UPI,Mobile App
TXN-100937,2026-03-28 13:25:00,STR-112,CUST-5042,PRD-1033,1,21120.74,0.0,21120.74,Net Banking,In-Store
TXN-100938,2026-05-28 08:40:00,STR-111,CUST-5169,PRD-1025,1,12590.63,0.05,11961.1,Cash,Online
TXN-100939,2026-03-19 19:47:00,STR-105,CUST-5088,PRD-1026,4,15872.06,0.2,50790.59,UPI,Online
TXN-100940,2026-06-29 14:28:00,STR-110,CUST-5052,PRD-1033,5,21120.74,0.05,100323.51,Cash,Mobile App
TXN-100941,2026-06-16 14:49:00,STR-103,CUST-5077,PRD-1039,4,3644.72,0.1,13120.99,UPI,In-Store
TXN-100942,2026-02-02 16:34:00,STR-104,CUST-5054,PRD-1034,3,9660.26,0.15,24633.66,UPI,Mobile App
TXN-100943,2026-03-29 20:40:00,STR-102,CUST-5005,PRD-1035,3,15173.74,0.2,36416.98,UPI,Mobile App
TXN-100944,2026-03-19 19:27:00,STR-108,CUST-5028,PRD-1037,3,1918.22,0.05,5466.93,UPI,Online
TXN-100945,2026-02-01 08:48:00,STR-110,CUST-5031,PRD-1016,5,15423.32,0.1,69404.94,Net Banking,Online
TXN-100946,2026-03-28 11:51:00,STR-111,CUST-5148,PRD-1036,1,22028.56,0.15,18724.28,Cash,Mobile App
TXN-100947,2026-03-01 13:19:00,STR-104,CUST-5170,PRD-1040,5,6993.15,0.2,27972.6,Cash,Mobile App
TXN-100948,2026-03-05 09:20:00,STR-108,CUST-5149,PRD-1008,4,2868.65,0.2,9179.68,Credit Card,Online
TXN-100949,2026-04-19 21:26:00,STR-101,CUST-5023,PRD-1029,1,17201.59,0.05,16341.51,UPI,Online
TXN-100950,2026-04-25 09:23:00,STR-110,CUST-5134,PRD-1008,4,2868.65,0.05,10900.87,Net Banking,Mobile App
TXN-100951,2026-03-09 17:31:00,STR-110,CUST-5108,PRD-1035,5,15173.74,0.15,64488.39,Net Banking,Mobile App
TXN-100952,2026-02-06 16:08:00,STR-107,CUST-5182,PRD-1031,4,23868.44,0.05,90700.07,Net Banking,In-Store
TXN-100953,2026-01-31 19:13:00,STR-107,CUST-5121,PRD-1045,5,14916.37,0.2,59665.48,UPI,Mobile App
TXN-100954,2026-01-31 17:54:00,STR-106,CUST-5028,PRD-1010,5,24341.31,0.1,109535.9,UPI,Online
TXN-100955,2026-05-14 10:07:00,STR-105,CUST-5078,PRD-1036,3,22028.56,0.0,66085.68,Debit Card,Online
TXN-100956,2026-02-06 10:50:00,STR-109,CUST-5107,PRD-1018,4,17272.73,0.0,69090.92,UPI,Online
TXN-100957,2026-05-06 08:07:00,STR-108,CUST-5089,PRD-1018,2,17272.73,0.05,32818.19,UPI,In-Store
TXN-100958,2026-03-21 17:28:00,STR-114,CUST-5086,PRD-1026,4,15872.06,0.2,50790.59,Net Banking,Online
TXN-100959,2026-02-05 16:40:00,STR-107,CUST-5194,PRD-1046,5,2150.38,0.05,10214.31,Net Banking,Mobile App
TXN-100960,2026-01-23 20:39:00,STR-110,CUST-5159,PRD-1028,2,6658.9,0.1,11986.02,Net Banking,Online
TXN-100961,2026-05-19 08:42:00,STR-114,CUST-5113,PRD-1014,4,7309.63,0.1,26314.67,Debit Card,Mobile App
TXN-100962,2026-05-27 18:50:00,STR-112,CUST-5181,PRD-1005,2,11505.07,0.0,23010.14,Debit Card,Mobile App
TXN-100963,2026-01-22 11:39:00,STR-108,CUST-5147,PRD-1041,1,23258.31,0.2,18606.65,UPI,Mobile App
TXN-100964,2026-05-09 08:07:00,STR-110,CUST-5136,PRD-1033,2,21120.74,0.15,35905.26,Credit Card,In-Store
TXN-100965,2026-06-30 21:56:00,STR-109,CUST-5113,PRD-1017,2,11824.84,0.05,22467.2,UPI,Mobile App
TXN-100966,2026-05-31 08:31:00,STR-113,CUST-5005,PRD-1038,3,18431.47,0.15,47000.25,Debit Card,Online
TXN-100967,2026-05-16 13:24:00,STR-104,CUST-5023,PRD-1011,4,20820.24,0.0,83280.96,UPI,In-Store
TXN-100968,2026-02-06 10:16:00,STR-112,CUST-5022,PRD-1034,2,9660.26,0.1,17388.47,Credit Card,Online
TXN-100969,2026-06-07 13:11:00,STR-100,CUST-5182,PRD-1026,2,15872.06,0.0,31744.12,UPI,Online
TXN-100970,2026-02-06 14:57:00,STR-105,CUST-5066,PRD-1024,1,9368.27,0.1,8431.44,Net Banking,In-Store
TXN-100971,2026-06-02 17:15:00,STR-107,CUST-5130,PRD-1003,2,6199.42,0.05,11778.9,Cash,Online
TXN-100972,2026-03-23 15:35:00,STR-106,CUST-5016,PRD-1007,3,23951.68,0.0,71855.04,Net Banking,In-Store
TXN-100973,2026-03-10 16:37:00,STR-110,CUST-5025,PRD-1026,2,15872.06,0.0,31744.12,Credit Card,Mobile App
TXN-100974,2026-05-26 14:28:00,STR-101,CUST-5162,PRD-1041,2,23258.31,0.1,41864.96,Cash,In-Store
TXN-100975,2026-02-13 20:15:00,STR-108,CUST-5108,PRD-1009,3,20274.45,0.2,48658.68,Cash,Online
TXN-100976,2026-06-08 12:41:00,STR-102,CUST-5000,PRD-1002,1,14966.66,0.15,12721.66,UPI,Online
TXN-100977,2026-06-24 14:22:00,STR-113,CUST-5161,PRD-1017,5,11824.84,0.1,53211.78,Credit Card,Mobile App
TXN-100978,2026-02-11 19:34:00,STR-109,CUST-5017,PRD-1032,3,19167.84,0.0,57503.52,Debit Card,In-Store
TXN-100979,2026-05-23 12:56:00,STR-106,CUST-5053,PRD-1025,1,12590.63,0.05,11961.1,Cash,Mobile App
TXN-100980,2026-04-26 12:15:00,STR-110,CUST-5082,PRD-1020,3,2120.69,0.1,5725.86,Debit Card,In-Store
TXN-100981,2026-01-05 19:08:00,STR-110,CUST-5000,PRD-1029,5,17201.59,0.1,77407.15,Cash,Online
TXN-100982,2026-04-16 16:57:00,STR-111,CUST-5180,PRD-1000,1,1111.79,0.05,1056.2,Net Banking,Online
TXN-100983,2026-05-18 08:57:00,STR-113,CUST-5171,PRD-1034,1,9660.26,0.0,9660.26,Net Banking,Mobile App
TXN-100984,2026-06-03 13:24:00,STR-102,CUST-5196,PRD-1007,3,23951.68,0.15,61076.78,UPI,In-Store
TXN-100985,2026-04-24 08:14:00,STR-111,CUST-5005,PRD-1029,3,17201.59,0.05,49024.53,Debit Card,Mobile App
TXN-100986,2026-01-24 21:39:00,STR-110,CUST-5077,PRD-1045,3,14916.37,0.05,42511.65,Credit Card,In-Store
TXN-100987,2026-03-13 15:57:00,STR-111,CUST-5180,PRD-1031,3,23868.44,0.0,71605.32,Cash,In-Store
TXN-100988,2026-01-29 21:17:00,STR-109,CUST-5128,PRD-1000,2,1111.79,0.15,1890.04,Net Banking,In-Store
TXN-100989,2026-06-22 18:38:00,STR-109,CUST-5044,PRD-1035,2,15173.74,0.2,24277.98,UPI,Mobile App
TXN-100990,2026-03-08 17:54:00,STR-103,CUST-5133,PRD-1008,1,2868.65,0.05,2725.22,Debit Card,In-Store
TXN-100991,2026-06-07 12:43:00,STR-108,CUST-5116,PRD-1043,1,22540.44,0.2,18032.35,UPI,Online
TXN-100992,2026-04-21 21:26:00,STR-104,CUST-5031,PRD-1041,1,23258.31,0.1,20932.48,Cash,Online
TXN-100993,2026-01-12 19:14:00,STR-100,CUST-5071,PRD-1031,3,23868.44,0.2,57284.26,Net Banking,Mobile App
TXN-100994,2026-04-11 11:21:00,STR-101,CUST-5146,PRD-1028,3,6658.9,0.0,19976.7,UPI,Mobile App
TXN-100995,2026-03-05 11:10:00,STR-105,CUST-5079,PRD-1014,4,7309.63,0.0,29238.52,UPI,Mobile App
TXN-100996,2026-05-03 14:51:00,STR-100,CUST-5151,PRD-1040,1,6993.15,0.0,6993.15,Debit Card,Online
TXN-100997,2026-03-03 13:53:00,STR-100,CUST-5085,PRD-1015,1,9568.8,0.15,8133.48,Cash,In-Store
TXN-100998,2026-04-23 20:06:00,STR-110,CUST-5114,PRD-1004,5,18042.2,0.2,72168.8,Cash,In-Store
TXN-100999,2026-04-07 13:56:00,STR-113,CUST-5177,PRD-1005,1,11505.07,0.0,11505.07,UPI,In-Store
TXN-101000,2026-03-19 17:40:00,STR-106,CUST-5016,PRD-1003,4,6199.42,0.0,24797.68,UPI,Mobile App
TXN-101001,2026-03-17 21:24:00,STR-106,CUST-5024,PRD-1003,5,6199.42,0.0,30997.1,Cash,Online
TXN-101002,2026-01-03 15:24:00,STR-107,CUST-5109,PRD-1014,5,7309.63,0.2,29238.52,Cash,Mobile App
TXN-101003,2026-04-27 16:21:00,STR-109,CUST-5049,PRD-1006,3,17604.11,0.0,52812.33,UPI,In-Store
TXN-101004,2026-06-01 20:53:00,STR-103,CUST-5146,PRD-1000,5,1111.79,0.0,5558.95,Credit Card,Mobile App
TXN-101005,2026-04-18 15:46:00,STR-109,CUST-5113,PRD-1032,3,19167.84,0.1,51753.17,Credit Card,In-Store
TXN-101006,2026-02-02 12:37:00,STR-106,CUST-5131,PRD-1008,1,2868.65,0.0,2868.65,Debit Card,Online
TXN-101007,2026-02-07 15:19:00,STR-109,CUST-5087,PRD-1037,5,1918.22,0.05,9111.55,Debit Card,Online
TXN-101008,2026-06-18 18:09:00,STR-100,CUST-5060,PRD-1000,5,1111.79,0.2,4447.16,Cash,Mobile App
TXN-101009,2026-02-20 11:40:00,STR-114,CUST-5051,PRD-1003,4,6199.42,0.1,22317.91,UPI,Online
TXN-101010,2026-06-03 19:21:00,STR-113,CUST-5148,PRD-1012,4,5210.26,0.15,17714.88,Cash,Online
TXN-101011,2026-03-26 10:06:00,STR-107,CUST-5010,PRD-1039,3,3644.72,0.15,9294.04,Net Banking,In-Store
TXN-101012,2026-04-30 17:13:00,STR-103,CUST-5123,PRD-1000,2,1111.79,0.05,2112.4,Debit Card,Mobile App
TXN-101013,2026-02-17 21:00:00,STR-105,CUST-5002,PRD-1024,2,9368.27,0.15,15926.06,UPI,Online
TXN-101014,2026-02-06 12:28:00,STR-103,CUST-5161,PRD-1001,5,18543.28,0.0,92716.4,Cash,Online
TXN-101015,2026-02-20 12:11:00,STR-103,CUST-5067,PRD-1002,1,14966.66,0.05,14218.33,Credit Card,Online
TXN-101016,2026-02-20 08:11:00,STR-113,CUST-5067,PRD-1035,2,15173.74,0.05,28830.11,UPI,In-Store
TXN-101017,2026-06-17 20:56:00,STR-101,CUST-5086,PRD-1043,2,22540.44,0.15,38318.75,Credit Card,Online
TXN-101018,2026-04-06 18:10:00,STR-108,CUST-5159,PRD-1029,2,17201.59,0.1,30962.86,Net Banking,Mobile App
TXN-101019,2026-02-03 20:12:00,STR-103,CUST-5136,PRD-1004,1,18042.2,0.05,17140.09,Net Banking,Mobile App
TXN-101020,2026-04-20 18:15:00,STR-114,CUST-5011,PRD-1023,3,6936.43,0.2,16647.43,Cash,Mobile App
TXN-101021,2026-02-08 13:15:00,STR-100,CUST-5161,PRD-1012,5,5210.26,0.1,23446.17,Debit Card,In-Store
TXN-101022,2026-02-23 19:05:00,STR-112,CUST-5120,PRD-1032,5,19167.84,0.15,81463.32,Cash,In-Store
TXN-101023,2026-06-15 20:32:00,STR-105,CUST-5127,PRD-1010,5,24341.31,0.15,103450.57,Cash,Online
TXN-101024,2026-05-15 19:30:00,STR-111,CUST-5126,PRD-1011,3,20820.24,0.1,56214.65,Net Banking,Online
TXN-101025,2026-06-16 08:13:00,STR-103,CUST-5051,PRD-1037,4,1918.22,0.2,6138.3,Net Banking,In-Store
TXN-101026,2026-04-19 14:36:00,STR-102,CUST-5095,PRD-1025,2,12590.63,0.1,22663.13,Debit Card,Mobile App
TXN-101027,2026-03-17 15:33:00,STR-105,CUST-5058,PRD-1005,2,11505.07,0.0,23010.14,Cash,In-Store
TXN-101028,2026-03-28 14:28:00,STR-107,CUST-5110,PRD-1029,5,17201.59,0.2,68806.36,Net Banking,Online
TXN-101029,2026-04-08 08:11:00,STR-107,CUST-5059,PRD-1031,3,23868.44,0.1,64444.79,Debit Card,Mobile App
TXN-101030,2026-03-17 21:32:00,STR-108,CUST-5139,PRD-1004,3,18042.2,0.0,54126.6,UPI,Online
TXN-101031,2026-01-19 13:02:00,STR-108,CUST-5051,PRD-1014,1,7309.63,0.0,7309.63,Debit Card,In-Store
TXN-101032,2026-03-19 19:52:00,STR-112,CUST-5174,PRD-1043,3,22540.44,0.1,60859.19,Debit Card,In-Store
TXN-101033,2026-05-20 12:00:00,STR-112,CUST-5076,PRD-1045,5,14916.37,0.05,70852.76,Debit Card,Online
TXN-101034,2026-06-17 08:30:00,STR-110,CUST-5131,PRD-1025,4,12590.63,0.2,40290.02,Credit Card,Online
TXN-101035,2026-05-02 11:33:00,STR-109,CUST-5141,PRD-1014,2,7309.63,0.05,13888.3,Net Banking,Mobile App
TXN-101036,2026-03-22 21:12:00,STR-106,CUST-5197,PRD-1029,3,17201.59,0.0,51604.77,Net Banking,In-Store
TXN-101037,2026-01-08 13:08:00,STR-109,CUST-5032,PRD-1028,4,6658.9,0.2,21308.48,Debit Card,Mobile App
TXN-101038,2026-03-28 11:26:00,STR-106,CUST-5175,PRD-1000,4,1111.79,0.1,4002.44,Net Banking,Mobile App
TXN-101039,2026-05-31 08:36:00,STR-112,CUST-5008,PRD-1034,3,9660.26,0.1,26082.7,Credit Card,In-Store
TXN-101040,2026-06-05 17:55:00,STR-106,CUST-5097,PRD-1021,5,5708.56,0.2,22834.24,Credit Card,Online
TXN-101041,2026-02-18 15:06:00,STR-105,CUST-5145,PRD-1004,5,18042.2,0.15,76679.35,Net Banking,Mobile App
TXN-101042,2026-01-27 18:35:00,STR-102,CUST-5008,PRD-1019,1,20633.99,0.05,19602.29,Cash,Online
TXN-101043,2026-01-18 14:18:00,STR-103,CUST-5059,PRD-1001,2,18543.28,0.05,35232.23,Debit Card,Mobile App
TXN-101044,2026-01-15 13:33:00,STR-100,CUST-5043,PRD-1033,1,21120.74,0.15,17952.63,Debit Card,Online
TXN-101045,2026-02-03 16:26:00,STR-107,CUST-5190,PRD-1025,2,12590.63,0.0,25181.26,UPI,Online
TXN-101046,2026-03-21 14:52:00,STR-111,CUST-5170,PRD-1013,2,24637.91,0.05,46812.03,Net Banking,In-Store
TXN-101047,2026-05-31 11:32:00,STR-111,CUST-5175,PRD-1038,5,18431.47,0.1,82941.62,Net Banking,Online
TXN-101048,2026-04-25 09:52:00,STR-106,CUST-5154,PRD-1012,1,5210.26,0.05,4949.75,Credit Card,Mobile App
TXN-101049,2026-04-28 15:36:00,STR-100,CUST-5188,PRD-1021,5,5708.56,0.15,24261.38,UPI,Online
TXN-101050,2026-06-29 21:45:00,STR-112,CUST-5076,PRD-1041,4,23258.31,0.1,83729.92,Net Banking,Mobile App
TXN-101051,2026-02-15 17:46:00,STR-106,CUST-5117,PRD-1011,4,20820.24,0.05,79116.91,Net Banking,Mobile App
TXN-101052,2026-04-11 19:02:00,STR-103,CUST-5040,PRD-1011,5,20820.24,0.0,104101.2,Debit Card,Mobile App
TXN-101053,2026-06-28 19:46:00,STR-114,CUST-5055,PRD-1034,3,9660.26,0.0,28980.78,Net Banking,Online
TXN-101054,2026-04-05 09:48:00,STR-101,CUST-5129,PRD-1048,5,13710.77,0.0,68553.85,Debit Card,Online
TXN-101055,2026-02-23 16:02:00,STR-107,CUST-5006,PRD-1028,2,6658.9,0.1,11986.02,UPI,Mobile App
TXN-101056,2026-03-29 19:25:00,STR-113,CUST-5049,PRD-1044,4,2067.7,0.15,7030.18,Net Banking,In-Store
TXN-101057,2026-02-04 13:42:00,STR-111,CUST-5118,PRD-1000,3,1111.79,0.0,3335.37,Net Banking,Online
TXN-101058,2026-06-18 11:45:00,STR-107,CUST-5035,PRD-1004,1,18042.2,0.2,14433.76,Net Banking,Online
TXN-101059,2026-06-05 09:11:00,STR-104,CUST-5031,PRD-1010,2,24341.31,0.0,48682.62,Cash,Mobile App
TXN-101060,2026-06-21 20:00:00,STR-110,CUST-5069,PRD-1025,2,12590.63,0.0,25181.26,Credit Card,Online
TXN-101061,2026-01-09 18:34:00,STR-103,CUST-5113,PRD-1022,2,6988.83,0.05,13278.78,UPI,Mobile App
TXN-101062,2026-06-26 12:28:00,STR-100,CUST-5153,PRD-1033,1,21120.74,0.15,17952.63,UPI,In-Store
TXN-101063,2026-03-05 13:58:00,STR-103,CUST-5051,PRD-1049,4,12079.91,0.05,45903.66,UPI,In-Store
TXN-101064,2026-03-28 21:12:00,STR-110,CUST-5171,PRD-1026,1,15872.06,0.0,15872.06,UPI,In-Store
TXN-101065,2026-01-12 14:32:00,STR-101,CUST-5083,PRD-1006,2,17604.11,0.05,33447.81,Debit Card,Mobile App
TXN-101066,2026-02-23 16:25:00,STR-106,CUST-5030,PRD-1040,2,6993.15,0.2,11189.04,Credit Card,In-Store
TXN-101067,2026-02-14 08:25:00,STR-110,CUST-5080,PRD-1006,3,17604.11,0.1,47531.1,UPI,Online
TXN-101068,2026-01-17 18:52:00,STR-104,CUST-5166,PRD-1013,4,24637.91,0.05,93624.06,Cash,Online
TXN-101069,2026-04-16 12:49:00,STR-109,CUST-5127,PRD-1002,1,14966.66,0.05,14218.33,UPI,Mobile App
TXN-101070,2026-03-06 09:38:00,STR-105,CUST-5161,PRD-1034,5,9660.26,0.05,45886.24,Net Banking,Mobile App
TXN-101071,2026-02-14 18:48:00,STR-114,CUST-5176,PRD-1049,2,12079.91,0.1,21743.84,Debit Card,Mobile App
TXN-101072,2026-01-05 17:58:00,STR-109,CUST-5114,PRD-1030,1,3232.14,0.1,2908.93,Net Banking,Mobile App
TXN-101073,2026-05-31 19:00:00,STR-103,CUST-5005,PRD-1040,2,6993.15,0.2,11189.04,Cash,In-Store
TXN-101074,2026-03-04 17:05:00,STR-100,CUST-5035,PRD-1019,2,20633.99,0.15,35077.78,Debit Card,Online
TXN-101075,2026-04-07 11:41:00,STR-100,CUST-5060,PRD-1018,2,17272.73,0.05,32818.19,Cash,Online
TXN-101076,2026-03-13 13:41:00,STR-112,CUST-5194,PRD-1047,3,13096.34,0.05,37324.57,UPI,Mobile App
TXN-101077,2026-02-28 21:46:00,STR-105,CUST-5087,PRD-1026,3,15872.06,0.0,47616.18,Credit Card,In-Store
TXN-101078,2026-06-25 19:46:00,STR-103,CUST-5155,PRD-1034,1,9660.26,0.05,9177.25,Net Banking,Mobile App
TXN-101079,2026-06-11 08:04:00,STR-113,CUST-5125,PRD-1020,2,2120.69,0.15,3605.17,UPI,In-Store
TXN-101080,2026-02-02 09:11:00,STR-109,CUST-5140,PRD-1003,2,6199.42,0.05,11778.9,Credit Card,In-Store
TXN-101081,2026-04-30 12:10:00,STR-111,CUST-5050,PRD-1032,1,19167.84,0.15,16292.66,Credit Card,Online
TXN-101082,2026-03-19 12:36:00,STR-107,CUST-5162,PRD-1011,5,20820.24,0.05,98896.14,Credit Card,Online
TXN-101083,2026-04-12 14:10:00,STR-107,CUST-5112,PRD-1030,1,3232.14,0.1,2908.93,Net Banking,Mobile App
TXN-101084,2026-05-04 08:48:00,STR-106,CUST-5109,PRD-1039,4,3644.72,0.05,13849.94,UPI,Online
TXN-101085,2026-05-22 19:11:00,STR-104,CUST-5097,PRD-1038,5,18431.47,0.05,87549.48,Net Banking,Online
TXN-101086,2026-05-24 17:30:00,STR-101,CUST-5085,PRD-1029,3,17201.59,0.15,43864.05,Credit Card,Mobile App
TXN-101087,2026-02-18 08:00:00,STR-113,CUST-5128,PRD-1030,2,3232.14,0.05,6141.07,Debit Card,Online
TXN-101088,2026-04-06 14:31:00,STR-104,CUST-5164,PRD-1025,4,12590.63,0.15,42808.14,Cash,In-Store
TXN-101089,2026-04-09 17:10:00,STR-103,CUST-5195,PRD-1026,1,15872.06,0.0,15872.06,Net Banking,Online
TXN-101090,2026-05-06 18:44:00,STR-105,CUST-5178,PRD-1049,3,12079.91,0.2,28991.78,UPI,Mobile App
TXN-101091,2026-03-04 15:02:00,STR-114,CUST-5092,PRD-1024,4,9368.27,0.05,35599.43,UPI,Mobile App
TXN-101092,2026-06-04 15:43:00,STR-102,CUST-5065,PRD-1042,2,10274.71,0.1,18494.48,Credit Card,Mobile App
TXN-101093,2026-01-30 20:05:00,STR-110,CUST-5182,PRD-1037,2,1918.22,0.0,3836.44,Net Banking,Online
TXN-101094,2026-05-13 11:56:00,STR-106,CUST-5042,PRD-1045,5,14916.37,0.0,74581.85,Net Banking,Online
TXN-101095,2026-05-17 18:56:00,STR-106,CUST-5150,PRD-1044,3,2067.7,0.2,4962.48,Debit Card,Mobile App
TXN-101096,2026-06-12 17:49:00,STR-112,CUST-5088,PRD-1026,1,15872.06,0.0,15872.06,Credit Card,Online
TXN-101097,2026-06-28 12:00:00,STR-102,CUST-5125,PRD-1047,2,13096.34,0.15,22263.78,UPI,In-Store
TXN-101098,2026-04-17 18:18:00,STR-111,CUST-5110,PRD-1004,4,18042.2,0.2,57735.04,Credit Card,In-Store
TXN-101099,2026-02-20 15:11:00,STR-108,CUST-5028,PRD-1023,2,6936.43,0.05,13179.22,Net Banking,Mobile App
TXN-101100,2026-01-16 19:11:00,STR-112,CUST-5194,PRD-1013,2,24637.91,0.05,46812.03,Credit Card,Online
TXN-101101,2026-01-28 21:40:00,STR-102,CUST-5020,PRD-1026,4,15872.06,0.2,50790.59,Debit Card,In-Store
TXN-101102,2026-01-17 13:01:00,STR-109,CUST-5060,PRD-1024,1,9368.27,0.1,8431.44,Net Banking,Online
TXN-101103,2026-01-16 12:48:00,STR-100,CUST-5170,PRD-1043,1,22540.44,0.0,22540.44,Cash,In-Store
TXN-101104,2026-01-02 14:38:00,STR-108,CUST-5194,PRD-1006,2,17604.11,0.2,28166.58,Debit Card,Online
TXN-101105,2026-04-20 13:23:00,STR-110,CUST-5087,PRD-1030,3,3232.14,0.2,7757.14,Debit Card,In-Store
TXN-101106,2026-06-06 08:22:00,STR-113,CUST-5084,PRD-1023,4,6936.43,0.15,23583.86,UPI,In-Store
TXN-101107,2026-01-07 17:07:00,STR-113,CUST-5135,PRD-1029,4,17201.59,0.05,65366.04,Debit Card,Mobile App
TXN-101108,2026-04-26 17:43:00,STR-110,CUST-5121,PRD-1048,2,13710.77,0.1,24679.39,Cash,Online
TXN-101109,2026-06-13 21:20:00,STR-100,CUST-5162,PRD-1042,2,10274.71,0.0,20549.42,Debit Card,In-Store
TXN-101110,2026-03-01 17:31:00,STR-106,CUST-5189,PRD-1047,3,13096.34,0.15,33395.67,Cash,In-Store
TXN-101111,2026-06-18 21:44:00,STR-114,CUST-5025,PRD-1022,4,6988.83,0.15,23762.02,Net Banking,Online
TXN-101112,2026-05-14 17:50:00,STR-113,CUST-5183,PRD-1038,2,18431.47,0.05,35019.79,Cash,In-Store
TXN-101113,2026-03-19 21:43:00,STR-108,CUST-5119,PRD-1008,4,2868.65,0.0,11474.6,Credit Card,Online
TXN-101114,2026-03-03 11:13:00,STR-102,CUST-5192,PRD-1007,4,23951.68,0.2,76645.38,UPI,In-Store
TXN-101115,2026-03-25 14:49:00,STR-104,CUST-5056,PRD-1027,1,2055.49,0.05,1952.72,Debit Card,Mobile App
TXN-101116,2026-05-17 18:46:00,STR-107,CUST-5023,PRD-1030,1,3232.14,0.05,3070.53,Debit Card,In-Store
TXN-101117,2026-06-14 13:24:00,STR-114,CUST-5183,PRD-1036,5,22028.56,0.0,110142.8,Net Banking,Mobile App
TXN-101118,2026-03-01 11:16:00,STR-101,CUST-5074,PRD-1041,5,23258.31,0.15,98847.82,UPI,In-Store
TXN-101119,2026-02-18 19:07:00,STR-109,CUST-5094,PRD-1005,3,11505.07,0.2,27612.17,Credit Card,Online
TXN-101120,2026-03-21 08:37:00,STR-108,CUST-5048,PRD-1024,5,9368.27,0.0,46841.35,Net Banking,Online
TXN-101121,2026-05-14 18:38:00,STR-109,CUST-5056,PRD-1020,3,2120.69,0.05,6043.97,UPI,Online
TXN-101122,2026-03-22 10:52:00,STR-104,CUST-5056,PRD-1000,5,1111.79,0.15,4725.11,Net Banking,Mobile App
TXN-101123,2026-03-14 10:47:00,STR-110,CUST-5179,PRD-1029,2,17201.59,0.2,27522.54,UPI,Mobile App
TXN-101124,2026-06-26 09:17:00,STR-113,CUST-5180,PRD-1020,3,2120.69,0.2,5089.66,Cash,Online
TXN-101125,2026-03-16 19:24:00,STR-100,CUST-5085,PRD-1040,2,6993.15,0.15,11888.35,Credit Card,Mobile App
TXN-101126,2026-02-15 21:31:00,STR-111,CUST-5100,PRD-1013,2,24637.91,0.0,49275.82,Debit Card,Mobile App
TXN-101127,2026-04-11 13:27:00,STR-110,CUST-5121,PRD-1010,1,24341.31,0.2,19473.05,Debit Card,Online
TXN-101128,2026-03-14 12:44:00,STR-114,CUST-5049,PRD-1025,1,12590.63,0.2,10072.5,Cash,Online
TXN-101129,2026-05-29 21:51:00,STR-100,CUST-5181,PRD-1006,2,17604.11,0.1,31687.4,Debit Card,Online
TXN-101130,2026-02-05 15:44:00,STR-107,CUST-5074,PRD-1041,2,23258.31,0.2,37213.3,Credit Card,In-Store
TXN-101131,2026-04-03 19:54:00,STR-109,CUST-5026,PRD-1013,2,24637.91,0.0,49275.82,Credit Card,Online
TXN-101132,2026-01-25 13:30:00,STR-102,CUST-5013,PRD-1027,2,2055.49,0.0,4110.98,UPI,Mobile App
TXN-101133,2026-04-22 10:40:00,STR-111,CUST-5103,PRD-1041,3,23258.31,0.2,55819.94,Credit Card,In-Store
TXN-101134,2026-05-06 12:44:00,STR-109,CUST-5044,PRD-1007,2,23951.68,0.15,40717.86,Net Banking,Mobile App
TXN-101135,2026-06-16 14:17:00,STR-110,CUST-5167,PRD-1042,1,10274.71,0.15,8733.5,Net Banking,Online
TXN-101136,2026-01-22 09:31:00,STR-110,CUST-5171,PRD-1000,1,1111.79,0.0,1111.79,Cash,In-Store
TXN-101137,2026-05-27 15:17:00,STR-111,CUST-5190,PRD-1001,5,18543.28,0.2,74173.12,UPI,Mobile App
TXN-101138,2026-06-15 19:27:00,STR-104,CUST-5146,PRD-1011,4,20820.24,0.15,70788.82,Credit Card,In-Store
TXN-101139,2026-02-17 14:52:00,STR-111,CUST-5005,PRD-1020,1,2120.69,0.2,1696.55,Net Banking,Mobile App
TXN-101140,2026-01-17 16:53:00,STR-109,CUST-5137,PRD-1034,5,9660.26,0.15,41056.11,UPI,In-Store
TXN-101141,2026-06-03 19:11:00,STR-100,CUST-5142,PRD-1042,1,10274.71,0.05,9760.97,Net Banking,Online
TXN-101142,2026-05-28 11:41:00,STR-102,CUST-5022,PRD-1007,1,23951.68,0.05,22754.1,Cash,Online
TXN-101143,2026-02-01 16:19:00,STR-105,CUST-5139,PRD-1048,1,13710.77,0.0,13710.77,Credit Card,Online
TXN-101144,2026-03-18 08:33:00,STR-114,CUST-5075,PRD-1042,1,10274.71,0.05,9760.97,Cash,Online
TXN-101145,2026-06-27 13:33:00,STR-114,CUST-5090,PRD-1008,5,2868.65,0.15,12191.76,Cash,Mobile App
TXN-101146,2026-06-19 21:02:00,STR-103,CUST-5009,PRD-1032,2,19167.84,0.0,38335.68,Credit Card,In-Store
TXN-101147,2026-06-04 16:13:00,STR-109,CUST-5091,PRD-1019,2,20633.99,0.05,39204.58,Debit Card,In-Store
TXN-101148,2026-01-20 16:16:00,STR-104,CUST-5097,PRD-1046,5,2150.38,0.15,9139.12,Credit Card,Online
TXN-101149,2026-06-23 14:44:00,STR-102,CUST-5137,PRD-1029,1,17201.59,0.1,15481.43,Credit Card,In-Store
TXN-101150,2026-04-06 17:42:00,STR-110,CUST-5130,PRD-1040,3,6993.15,0.05,19930.48,Cash,In-Store
TXN-101151,2026-04-22 14:01:00,STR-109,CUST-5063,PRD-1026,2,15872.06,0.1,28569.71,UPI,Online
TXN-101152,2026-06-25 16:26:00,STR-101,CUST-5084,PRD-1007,5,23951.68,0.0,119758.4,UPI,Online
TXN-101153,2026-02-27 12:00:00,STR-101,CUST-5096,PRD-1021,3,5708.56,0.05,16269.4,Credit Card,Online
TXN-101154,2026-05-15 19:56:00,STR-104,CUST-5150,PRD-1006,1,17604.11,0.05,16723.9,Net Banking,In-Store
TXN-101155,2026-03-14 16:17:00,STR-109,CUST-5025,PRD-1033,3,21120.74,0.2,50689.78,UPI,In-Store
TXN-101156,2026-03-30 20:47:00,STR-110,CUST-5136,PRD-1020,4,2120.69,0.05,8058.62,Cash,Mobile App
TXN-101157,2026-02-02 12:00:00,STR-110,CUST-5131,PRD-1025,4,12590.63,0.2,40290.02,Credit Card,Mobile App
TXN-101158,2026-05-26 19:17:00,STR-100,CUST-5185,PRD-1008,2,2868.65,0.15,4876.7,Debit Card,Mobile App
TXN-101159,2026-04-18 19:29:00,STR-102,CUST-5112,PRD-1049,2,12079.91,0.2,19327.86,Debit Card,Online
TXN-101160,2026-04-20 16:45:00,STR-114,CUST-5058,PRD-1032,3,19167.84,0.1,51753.17,Debit Card,Mobile App
TXN-101161,2026-03-22 21:05:00,STR-110,CUST-5020,PRD-1005,3,11505.07,0.15,29337.93,UPI,Mobile App
TXN-101162,2026-05-28 08:05:00,STR-111,CUST-5073,PRD-1015,1,9568.8,0.05,9090.36,Cash,Online
TXN-101163,2026-02-04 15:31:00,STR-108,CUST-5175,PRD-1000,4,1111.79,0.2,3557.73,Cash,Mobile App
TXN-101164,2026-06-07 11:58:00,STR-113,CUST-5190,PRD-1007,4,23951.68,0.0,95806.72,UPI,Mobile App
TXN-101165,2026-03-04 19:42:00,STR-114,CUST-5135,PRD-1027,5,2055.49,0.1,9249.7,Cash,In-Store
TXN-101166,2026-06-22 20:33:00,STR-114,CUST-5057,PRD-1038,4,18431.47,0.05,70039.59,Credit Card,In-Store
TXN-101167,2026-04-01 08:27:00,STR-107,CUST-5097,PRD-1023,2,6936.43,0.2,11098.29,Credit Card,Online
TXN-101168,2026-05-19 21:49:00,STR-113,CUST-5030,PRD-1007,3,23951.68,0.05,68262.29,Debit Card,Online
TXN-101169,2026-02-24 08:47:00,STR-110,CUST-5145,PRD-1030,3,3232.14,0.1,8726.78,Net Banking,In-Store
TXN-101170,2026-04-29 17:54:00,STR-107,CUST-5014,PRD-1019,5,20633.99,0.0,103169.95,Debit Card,In-Store
TXN-101171,2026-03-18 13:06:00,STR-100,CUST-5089,PRD-1039,4,3644.72,0.1,13120.99,Credit Card,Online
TXN-101172,2026-04-21 15:12:00,STR-101,CUST-5135,PRD-1022,1,6988.83,0.0,6988.83,Cash,In-Store
TXN-101173,2026-01-02 10:49:00,STR-110,CUST-5064,PRD-1026,1,15872.06,0.15,13491.25,Credit Card,Online
TXN-101174,2026-04-04 14:57:00,STR-102,CUST-5137,PRD-1025,3,12590.63,0.1,33994.7,Debit Card,In-Store
TXN-101175,2026-02-05 13:47:00,STR-106,CUST-5001,PRD-1028,4,6658.9,0.05,25303.82,Debit Card,Mobile App
TXN-101176,2026-03-14 08:08:00,STR-106,CUST-5107,PRD-1012,1,5210.26,0.05,4949.75,Debit Card,In-Store
TXN-101177,2026-06-20 12:07:00,STR-106,CUST-5125,PRD-1010,2,24341.31,0.15,41380.23,Cash,Online
TXN-101178,2026-04-13 16:46:00,STR-114,CUST-5189,PRD-1043,2,22540.44,0.1,40572.79,Net Banking,In-Store
TXN-101179,2026-02-02 10:22:00,STR-108,CUST-5003,PRD-1007,1,23951.68,0.0,23951.68,Credit Card,In-Store
TXN-101180,2026-06-02 19:00:00,STR-106,CUST-5122,PRD-1043,3,22540.44,0.15,57478.12,Debit Card,Online
TXN-101181,2026-03-05 17:09:00,STR-111,CUST-5130,PRD-1031,1,23868.44,0.15,20288.17,Credit Card,In-Store
TXN-101182,2026-06-29 11:42:00,STR-113,CUST-5109,PRD-1017,1,11824.84,0.1,10642.36,Credit Card,Online
TXN-101183,2026-06-06 10:12:00,STR-113,CUST-5151,PRD-1045,1,14916.37,0.2,11933.1,Credit Card,In-Store
TXN-101184,2026-01-10 12:12:00,STR-114,CUST-5037,PRD-1007,2,23951.68,0.15,40717.86,Net Banking,In-Store
TXN-101185,2026-01-14 14:26:00,STR-108,CUST-5078,PRD-1039,2,3644.72,0.0,7289.44,Credit Card,In-Store
TXN-101186,2026-01-16 16:27:00,STR-110,CUST-5013,PRD-1021,4,5708.56,0.15,19409.1,Debit Card,In-Store
TXN-101187,2026-03-31 19:26:00,STR-103,CUST-5081,PRD-1017,3,11824.84,0.1,31927.07,UPI,In-Store
TXN-101188,2026-06-19 19:20:00,STR-103,CUST-5073,PRD-1002,1,14966.66,0.0,14966.66,Net Banking,Online
TXN-101189,2026-02-17 12:31:00,STR-105,CUST-5085,PRD-1038,1,18431.47,0.15,15666.75,Debit Card,In-Store
TXN-101190,2026-02-03 13:23:00,STR-111,CUST-5092,PRD-1006,1,17604.11,0.2,14083.29,Cash,Mobile App
TXN-101191,2026-06-16 12:13:00,STR-109,CUST-5098,PRD-1038,3,18431.47,0.05,52529.69,UPI,In-Store
TXN-101192,2026-01-11 17:58:00,STR-114,CUST-5167,PRD-1008,5,2868.65,0.0,14343.25,Credit Card,In-Store
TXN-101193,2026-01-20 16:39:00,STR-105,CUST-5077,PRD-1045,4,14916.37,0.0,59665.48,Net Banking,In-Store
TXN-101194,2026-02-02 11:26:00,STR-108,CUST-5182,PRD-1034,2,9660.26,0.0,19320.52,Debit Card,Mobile App
TXN-101195,2026-06-11 19:07:00,STR-114,CUST-5111,PRD-1022,3,6988.83,0.15,17821.52,UPI,Online
TXN-101196,2026-01-06 10:38:00,STR-104,CUST-5178,PRD-1026,5,15872.06,0.2,63488.24,Credit Card,Online
TXN-101197,2026-06-27 11:47:00,STR-113,CUST-5101,PRD-1002,5,14966.66,0.0,74833.3,Net Banking,Mobile App
TXN-101198,2026-02-12 15:48:00,STR-108,CUST-5098,PRD-1034,5,9660.26,0.0,48301.3,Cash,Online
TXN-101199,2026-02-22 10:00:00,STR-102,CUST-5146,PRD-1025,5,12590.63,0.1,56657.83,Credit Card,Mobile App
TXN-101200,2026-04-27 16:45:00,STR-111,CUST-5134,PRD-1044,1,2067.7,0.2,1654.16,Debit Card,Online
TXN-101201,2026-05-22 09:10:00,STR-103,CUST-5011,PRD-1014,3,7309.63,0.1,19736.0,Cash,In-Store
TXN-101202,2026-03-13 10:17:00,STR-113,CUST-5013,PRD-1018,1,17272.73,0.05,16409.09,Credit Card,In-Store
TXN-101203,2026-06-16 13:40:00,STR-109,CUST-5094,PRD-1034,1,9660.26,0.0,9660.26,Debit Card,In-Store
TXN-101204,2026-02-04 14:57:00,STR-109,CUST-5075,PRD-1045,5,14916.37,0.1,67123.67,Debit Card,In-Store
TXN-101205,2026-02-26 19:17:00,STR-102,CUST-5065,PRD-1040,1,6993.15,0.1,6293.84,UPI,Mobile App
TXN-101206,2026-06-26 14:41:00,STR-104,CUST-5160,PRD-1042,5,10274.71,0.0,51373.55,Cash,Mobile App
TXN-101207,2026-03-25 12:13:00,STR-109,CUST-5161,PRD-1013,4,24637.91,0.05,93624.06,Net Banking,In-Store
TXN-101208,2026-04-05 10:57:00,STR-107,CUST-5023,PRD-1028,2,6658.9,0.15,11320.13,Net Banking,In-Store
TXN-101209,2026-02-18 17:31:00,STR-111,CUST-5046,PRD-1029,2,17201.59,0.05,32683.02,Debit Card,In-Store
TXN-101210,2026-04-11 18:38:00,STR-103,CUST-5017,PRD-1019,2,20633.99,0.05,39204.58,Credit Card,In-Store
TXN-101211,2026-06-15 14:06:00,STR-111,CUST-5134,PRD-1027,2,2055.49,0.15,3494.33,Credit Card,Mobile App
TXN-101212,2026-01-26 14:24:00,STR-100,CUST-5028,PRD-1048,1,13710.77,0.2,10968.62,UPI,Mobile App
TXN-101213,2026-01-22 12:09:00,STR-110,CUST-5153,PRD-1002,2,14966.66,0.05,28436.65,UPI,In-Store
TXN-101214,2026-01-22 11:08:00,STR-107,CUST-5194,PRD-1006,5,17604.11,0.1,79218.5,Cash,Online
TXN-101215,2026-05-03 10:15:00,STR-100,CUST-5139,PRD-1010,3,24341.31,0.1,65721.54,Debit Card,Mobile App
TXN-101216,2026-01-12 09:34:00,STR-104,CUST-5026,PRD-1034,1,9660.26,0.0,9660.26,Cash,Online
TXN-101217,2026-01-07 11:27:00,STR-106,CUST-5037,PRD-1009,1,20274.45,0.05,19260.73,Debit Card,Mobile App
TXN-101218,2026-06-25 19:52:00,STR-114,CUST-5028,PRD-1018,2,17272.73,0.15,29363.64,Net Banking,In-Store
TXN-101219,2026-03-14 13:04:00,STR-109,CUST-5085,PRD-1007,2,23951.68,0.0,47903.36,UPI,Online
TXN-101220,2026-02-08 10:27:00,STR-108,CUST-5085,PRD-1005,1,11505.07,0.2,9204.06,Cash,In-Store
TXN-101221,2026-06-20 18:19:00,STR-109,CUST-5073,PRD-1043,4,22540.44,0.05,85653.67,Debit Card,In-Store
TXN-101222,2026-03-09 20:58:00,STR-111,CUST-5019,PRD-1017,4,11824.84,0.1,42569.42,UPI,In-Store
TXN-101223,2026-02-07 14:28:00,STR-111,CUST-5122,PRD-1049,2,12079.91,0.1,21743.84,UPI,In-Store
TXN-101224,2026-02-07 09:20:00,STR-102,CUST-5046,PRD-1036,4,22028.56,0.1,79302.82,Net Banking,Online
TXN-101225,2026-05-04 19:26:00,STR-109,CUST-5162,PRD-1020,4,2120.69,0.15,7210.35,Debit Card,In-Store
TXN-101226,2026-04-18 16:31:00,STR-108,CUST-5136,PRD-1041,2,23258.31,0.15,39539.13,Net Banking,Mobile App
TXN-101227,2026-01-22 17:45:00,STR-106,CUST-5134,PRD-1034,2,9660.26,0.15,16422.44,Cash,Mobile App
TXN-101228,2026-03-02 13:00:00,STR-103,CUST-5004,PRD-1047,2,13096.34,0.0,26192.68,Debit Card,Mobile App
TXN-101229,2026-01-16 13:23:00,STR-113,CUST-5199,PRD-1030,2,3232.14,0.0,6464.28,Credit Card,Online
TXN-101230,2026-04-18 11:13:00,STR-113,CUST-5057,PRD-1029,2,17201.59,0.2,27522.54,UPI,Mobile App
TXN-101231,2026-04-07 19:01:00,STR-111,CUST-5108,PRD-1008,1,2868.65,0.05,2725.22,Debit Card,In-Store
TXN-101232,2026-01-19 15:53:00,STR-109,CUST-5040,PRD-1044,1,2067.7,0.2,1654.16,UPI,In-Store
TXN-101233,2026-03-04 09:00:00,STR-109,CUST-5106,PRD-1023,2,6936.43,0.0,13872.86,Credit Card,In-Store
TXN-101234,2026-06-28 12:30:00,STR-106,CUST-5184,PRD-1030,2,3232.14,0.2,5171.42,Debit Card,Online
TXN-101235,2026-01-29 10:03:00,STR-114,CUST-5164,PRD-1041,1,23258.31,0.1,20932.48,UPI,Mobile App
TXN-101236,2026-02-11 08:25:00,STR-113,CUST-5108,PRD-1048,2,13710.77,0.2,21937.23,Net Banking,Mobile App
TXN-101237,2026-05-09 12:45:00,STR-103,CUST-5108,PRD-1045,3,14916.37,0.2,35799.29,Credit Card,Online
TXN-101238,2026-02-02 19:13:00,STR-106,CUST-5158,PRD-1005,5,11505.07,0.15,48896.55,UPI,In-Store
TXN-101239,2026-06-04 21:04:00,STR-113,CUST-5177,PRD-1025,2,12590.63,0.2,20145.01,Net Banking,Online
TXN-101240,2026-02-12 08:51:00,STR-105,CUST-5165,PRD-1020,4,2120.69,0.15,7210.35,Net Banking,In-Store
TXN-101241,2026-01-20 13:38:00,STR-112,CUST-5085,PRD-1017,1,11824.84,0.0,11824.84,UPI,In-Store
TXN-101242,2026-01-28 09:13:00,STR-109,CUST-5002,PRD-1018,2,17272.73,0.2,27636.37,Debit Card,In-Store
TXN-101243,2026-03-03 12:05:00,STR-109,CUST-5144,PRD-1035,2,15173.74,0.0,30347.48,UPI,Mobile App
TXN-101244,2026-03-22 09:19:00,STR-100,CUST-5091,PRD-1030,1,3232.14,0.0,3232.14,Debit Card,Online
TXN-101245,2026-04-11 19:22:00,STR-102,CUST-5179,PRD-1032,2,19167.84,0.1,34502.11,UPI,Online
TXN-101246,2026-05-09 20:49:00,STR-102,CUST-5006,PRD-1026,5,15872.06,0.0,79360.3,Cash,Online
TXN-101247,2026-03-16 10:09:00,STR-110,CUST-5118,PRD-1030,5,3232.14,0.0,16160.7,UPI,Mobile App
TXN-101248,2026-06-24 18:09:00,STR-112,CUST-5183,PRD-1005,2,11505.07,0.05,21859.63,Credit Card,Mobile App
TXN-101249,2026-03-29 15:50:00,STR-102,CUST-5086,PRD-1033,5,21120.74,0.2,84482.96,Debit Card,Online
